-1.563664391834231754e-02, 4.250998747101941005e-02, -3.062500491834263972e-03, 5.738521654609202854e-02, 1.323384820317659305e-01, 1.012418591071578833e-01, 2.355053979384930662e-01, -1.306562659883300608e-02, -1.600365594596739605e-01, -2.258371576790673199e-02, -5.137194392293335105e-02, -1.880938572872922418e-02, 5.348493352827168174e-02, 2.083095857715437649e-01, 2.504521646382210087e-01, 1.278397636398374837e-01, -2.096779865467532922e-01, 2.032525653738762213e-03, 1.595202544477183348e-01, -1.124450422412872630e-01, -1.112376491597779488e-01, -2.851042851763319619e-01, -1.480533905122296823e-01
2.117780191868334078e-02, -4.798310888377941424e-02, -7.543321901157411247e-02, -1.035834221133567629e-01, -2.945590005179120688e-02, 2.305923547360998749e-01, -9.886055535483113943e-02, 1.278319253418533641e-01, 2.687596383591672397e-02, 1.577314641330616052e-01, -8.487754009334012861e-02, 1.600807809286141636e-01, 2.497993378257591934e-01, 8.609561538080924559e-02, -1.668148022680585874e-01, -9.433229910732653101e-02, 1.018141640091257440e-02, -1.451725183484909969e-02, 2.458810577777302206e-02, -2.922483137780908236e-02, 1.833443859721639868e-01, 2.833132351826620973e-02, -3.273610085646602025e-02
3.288401803221227548e-02, -5.781347429740019139e-02, 4.249990819839639250e-02, -8.828934769238475089e-02, -9.055215031141641835e-02, 1.507420023964161915e-01, -1.167361779764546775e-01, -1.026612307995670853e-01, -1.038189703907054923e-01, -2.524279456429684987e-01, 2.285419654654747418e-03, -2.252253655638614127e-01, 2.740200833998063801e-01, -7.927534183757181663e-02, -3.144211601743757828e-02, -9.142471832582053926e-02, -4.807822090682110222e-02, 1.694288095821938345e-01, 7.831107718206545276e-02, 6.452804471459333557e-02, -8.598423401908722452e-03, 4.828257979004756117e-02, -4.618996938132133301e-02
1.305787233870002173e-01, -1.786220712555056100e-01, 8.939925142242867440e-02, 8.602897771709479280e-02, -1.082014991041909818e-01, 1.110960083258309555e-01, -3.079107803773424232e-02, 8.349993601695880618e-02, -1.000646214079965873e-01, -6.028156875981893065e-02, -1.076046478903796150e-01, 4.924900763593002134e-02, 1.440577400624522275e-01, 4.042268858505317919e-01, -9.472433722702724990e-02, -5.824252018016222443e-02, 3.013790965571165603e-02, -1.030933493400339358e-02, 1.852224322076999607e-01, -9.293477257482149825e-03, 1.801956994966661951e-01, 8.637986688073791275e-02, 8.524169623153922404e-02
7.055353373125673733e-02, -2.365218713376402437e-01, 1.973532378855099439e-02, 2.495139256937604910e-02, 1.639458734458220379e-01, 2.814142109952061377e-01, 2.167640192214733696e-01, 2.590443289372514751e-02, -3.102142833655568283e-02, -3.623298050410658083e-02, -4.634521022499674819e-02, 2.371853652438946636e-01, 4.861513527171902327e-01, 2.758115336797259953e-01, -3.081868107978898430e-01, -9.915659113165203875e-02, 1.845212118322963890e-01, -4.472352254881363509e-02, -2.381179857411324513e-02, 9.437507696486382991e-02, 4.246040757185072317e-05, -1.173245988891718009e-02, -1.410464801976488713e-01
1.101784137596353991e-01, -3.994923352741561184e-01, 7.943335402466736306e-02, 7.301868141180005434e-02, 4.555452887532638467e-02, 1.609578798051672088e-01, -2.730515228154679550e-02, -6.925878432248452898e-02, 1.050707185942934829e-01, 2.723695151476216575e-02, -3.971863450773979037e-02, 1.022319803754603434e-01, 4.484390736147053080e-01, 4.220310782745444467e-01, 1.124951831879538455e-01, 1.269515251531149747e-01, 2.249095538200603095e-01, 5.294247650132033467e-02, 3.788096607902955992e-01, 1.853549928591204654e-01, 2.099140132287603822e-01, 1.425769609962597162e-01, 8.194700500091538220e-02
-4.140328907791639146e-02, 1.634994955393014593e-01, 1.234207152749709985e-03, 4.442228167061925553e-02, -1.654372064386906427e-01, 2.177152024203571623e-01, 7.810454353205610600e-02, -2.833168071669335888e-02, -2.314479819482163359e-01, 3.615494772030751480e-02, 4.980497171433837661e-02, -7.851452334259026444e-02, 8.626912473066153386e-02, 6.578413763887544508e-02, 4.802499317765161063e-02, -6.795048327782117481e-02, 8.330654751831886894e-05, -1.425571450717478261e-01, -6.631348577137724520e-02, -3.424722666849441127e-02, -5.071127061697047050e-02, -1.448396038183691250e-03, -9.661362327403567873e-02
-6.920935595159811993e-02, 1.767060578261364923e-01, 1.960150611971592238e-01, 3.779297709013879764e-02, 9.294987377420999008e-02, 1.119172149305874275e-01, 6.865566290732105781e-02, 2.331158913014367839e-01, 3.522889741060904883e-02, 1.178705205181192622e-01, 2.547427894546998306e-02, 2.028067265935495911e-02, -1.412527575716690242e-01, -2.022897332276839266e-01, -1.361459795519541216e-01, -1.249286129248891597e-01, -1.002953065959369533e-01, -8.025604523032116300e-02, 5.884993254703280857e-02, -1.091219614620926037e-01, -4.407947966841157215e-03, -1.113109177723023424e-01, -1.566986428138567033e-01
-1.194475150416179077e-01, 4.146318628616931790e-01, 1.464199463078005858e-02, -1.440405117152258607e-01, -1.936354820980815128e-01, -3.129998594134482115e-01, -2.957601364632030383e-01, -2.319153816931310841e-01, -1.767082229587529640e-01, -1.190493030506974415e-01, -2.704861402579286644e-01, -3.248155793476080189e-01, -3.987960065610756111e-01, -1.586690354748783449e-02, 2.252286917185923956e-02, 1.462191012695476799e-01, 1.308019563546228559e-01, 1.399199927365421814e-01, 1.375135295156162119e-01, 2.319746261631263629e-01, 2.129201883456973143e-01, 2.285095726912808323e-01, 1.928695268202124946e-01
-5.808880344387147565e-02, -6.460307774562099037e-02, -9.290237024792022402e-02, 1.131020905615404692e-01, 1.135996984401996812e-01, 3.179148979389479490e-01, -6.400767241069854098e-03, -1.913831733256610851e-02, -8.969374553067482880e-03, 2.954029276607271215e-01, 1.252178702117120457e-01, -1.552828295771563338e-01, -1.661738332088978920e-01, 2.174989575710534473e-01, 1.244870732657841900e-01, -8.565258855155344353e-02, -1.097433416782495202e-01, -1.830482505563265916e-01, -3.903362111486229080e-02, -1.420747799555835689e-01, 4.309861136104085888e-02, -3.763842515996305982e-02, -7.231939318921623561e-02
5.549843965069358592e-02, 1.333464278834842476e-01, 3.035314709214191262e-02, -2.979105168071495644e-03, 2.303822682289230483e-02, 1.165961953996277195e-01, -1.332730692241058112e-01, -7.634067837188079908e-02, 9.249673450964700228e-02, 6.126865971985984843e-02, -2.311281407747405817e-03, -4.930298999038251057e-02, -6.008556257930109529e-03, 1.000406222126230676e-01, 1.672133438256890869e-01, 6.532023402818244728e-02, 7.311888074628977371e-03, 4.318664348267257230e-02, 1.184878753290829478e-01, 1.305504674599365089e-01, -2.453989914932166311e-02, -6.317089138655088837e-03, -3.431132930787843954e-02
-2.108531070511415473e-01, -3.174970487426395649e-02, -8.625653398654066495e-02, 5.904227906021958586e-03, 2.483004553428439301e-02, -1.655696690756519249e-02, 1.414659768320967667e-02, 6.844360813222147288e-02, 1.107036914004068257e-01, -1.930409897992141702e-02, -3.632895152702346475e-02, 9.327028414574217718e-02, 2.871288672350121376e-02, 2.318528666046312525e-01, -1.603840282244858029e-01, -9.024863524373713530e-02, -6.242369584364122065e-02, 2.228620523387112029e-01, 2.659599338375397484e-02, 1.429812191700173887e-02, 4.742079780444452553e-02, 1.633841338508216223e-01, 4.387009439539845540e-02
1.069800284807458368e-01, -1.443597889641948795e-01, -2.315253917708701981e-01, -1.105827619345783053e-01, 2.314845857578496091e-01, 1.921998275178185556e-01, 4.315034380946727866e-01, 1.433765398151999881e-01, 1.004135894727322953e-01, 1.158322660742827498e-01, -2.484679978057815000e-02, 1.652968796205087632e-01, 3.178201380904454032e-01, -4.127546128464799624e-01, -1.380845609631327874e-02, -9.010477804258390511e-02, 1.673459499992596689e-01, 1.348945356382937055e-01, 1.191744343826243169e-01, 7.136779655683996026e-02, 1.618933544485979745e-02, 8.470727180630116494e-04, 1.097163189834235997e-01
-7.793112504562575704e-02, -3.093669178173367174e-01, -1.188183133367440719e-01, -3.258863349902658274e-02, 2.842527054982894041e-01, 1.452367501978391318e-01, 2.819682718477097283e-01, 2.376779918359792076e-01, 5.163104616527355306e-01, 5.474007735330053970e-02, 1.780358929262499945e-01, 2.905104819127946048e-01, 1.787957868925443838e-01, -7.190323549408936255e-02, -3.267953579443792778e-02, -3.134545785317514599e-01, -1.954797155384557783e-01, -9.561790348552981489e-02, -1.055993972113480894e-01, 4.782559981347032918e-02, -1.346816252716309115e-01, -1.831145843369544335e-01, -1.159062839228633263e-01
-5.648930924357528638e-02, 1.782333183746659944e-01, 1.306553660032065967e-01, -1.464821254984222942e-01, -9.090563298169080427e-04, 6.142527541421863996e-02, -1.033944323126203824e-01, 2.717577724836185010e-02, -1.885995371167997758e-02, 1.005486869678862312e-02, -1.910750672663634822e-04, -2.045796987973187535e-03, -5.073444294720494963e-01, -3.952425874930297067e-01, -1.632730851843668396e-01, -6.612595296820351909e-02, 1.764960373380932979e-01, -1.524126787344482203e-01, 1.249578108608514065e-01, 2.280051126229438452e-01, 1.204401233835174778e-01, 4.086948286932352847e-02, 6.979542420875624320e-03
9.172787591669040452e-02, -8.609505838409658995e-02, -4.336027541332785479e-02, 7.293263596928740988e-02, -1.088909458604562092e-01, 1.285669386024513028e-01, -2.157039447661219383e-02, -2.386914677305635724e-01, 1.548591363506724161e-01, -2.464940961797659064e-02, -1.376324504037573782e-01, -7.679948059952602935e-02, 1.758749693939112152e-02, 3.554078274379387364e-02, -1.085962571025876899e-01, 2.869911937189218235e-02, -8.854164631978873878e-02, -7.419961721636846030e-02, -7.210736119386929044e-02, -1.510901623705637464e-01, 7.635620803351264065e-03, -4.351833110609320404e-02, 1.127561199557676058e-01
-7.517237440566605644e-02, -1.503244079323802773e-01, 6.271743790297980292e-02, 2.399993453692553513e-01, 2.273431290206293365e-01, -6.800939913553750993e-02, -6.707382422668858868e-02, -3.619580068323898642e-02, 1.796021398985837847e-01, 1.597983369458722686e-02, 8.768814237980959714e-02, 7.852897786099462263e-02, 6.965294959630963234e-02, 1.649797716421565752e-01, -2.960439312694460381e-02, -9.420851814007645542e-02, -1.085241533608634901e-01, 8.522345713061370287e-02, 8.289402393051520379e-02, 1.216299461035446061e-01, -1.540039936354584138e-01, -1.853389444738150760e-01, 2.791942156740294390e-02
-1.793341491501958818e-01, -7.415042388549549779e-01, -6.067966690628482512e-02, 3.282329298662386985e-02, -9.785085667802201348e-02, 9.330923014478104127e-02, 7.145765448411046938e-02, -2.468419964763895191e-01, -1.199865621497358675e-01, -5.181161398888202430e-02, -7.669516178352217550e-02, 8.265811876137943437e-02, 6.203843757229438038e-01, 1.424056349633796792e+00, -1.131592532710501420e-02, 1.869479724775464091e-01, 2.629914579084967063e-01, 3.363548376913569338e-01, 2.271417145409430557e-02, -1.578268164607003199e-01, -6.168134269703477723e-02, -8.914215783274119509e-02, -1.404144160159901122e-01
4.789769359160406942e-02, 8.856296401757388081e-02, -3.853200482042642983e-02, -6.182875508968229544e-02, 6.936761906067846761e-02, 2.261479530182969599e-01, 5.917969383616040330e-02, -2.571132427263813584e-03, -1.262300866650013509e-01, 1.166639190843670772e-02, -1.926399791104785042e-01, 8.721525974290236793e-02, -2.085941135500403720e-01, 6.553960045261558731e-02, 1.528119672187126521e-01, -6.172413326875583056e-02, -7.240631971291716651e-02, -2.319137841093738342e-02, -1.027703969566240993e-01, 1.009788652026155087e-01, -1.237411514158730658e-01, -1.108835825668048058e-01, -1.527356429174782024e-02
1.992456598658541578e-01, -4.311047080844487150e-02, -1.567839764078154396e-01, 2.083722316053744986e-02, 2.265347429328782303e-01, -1.370464490431623217e-01, 5.045348326678709278e-02, 1.384514576443671152e-01, -1.965361137432547478e-02, -5.605392869936350053e-02, 4.089139376329983117e-02, 2.245421716127050590e-02, 8.224191529173770221e-02, -2.375050620684949765e-01, 3.121244602588035266e-01, 2.268802181362437539e-02, -2.830907107104954079e-01, -1.008837265050809527e-02, -1.441499511886589792e-02, 1.599344711395479790e-01, 1.329835347836911819e-01, 1.857672829685561369e-02, 7.380652660137833332e-02
3.043128471533049911e-02, -7.942458916561982718e-02, 6.478152788974313181e-02, 1.265021483070359054e-01, 4.371476774262612192e-02, 1.481057652038201278e-01, -2.372679222651692330e-02, 8.738543854906594133e-02, -7.557595608478279159e-02, -7.044505280227207622e-02, -8.170452623628592093e-02, 1.822500097931094853e-01, -8.955812029901123739e-02, -9.361556765650780321e-02, 2.066060648592725479e-01, -9.976896272975188662e-02, -3.078286950840926003e-02, -1.685657063310408155e-01, 2.217070156213772347e-01, 1.182253472910781422e-01, 1.761604764558755698e-01, 1.051168228210730554e-01, -8.770878252272190645e-02
-7.202257335843587072e-02, 1.840256263695571048e-01, -3.478793288185071109e-02, -8.271733152004989709e-02, 1.223420563833848423e-01, 1.551647415936166161e-02, -1.754495579326745269e-02, -1.368028174593949320e-01, 4.823585932974545909e-02, -6.622876848496156432e-02, 1.296229345377897524e-01, -7.194551695070065811e-02, -1.711777863066285266e-01, 4.770916115473590458e-02, -3.743774911943961031e-02, 4.783961678300615965e-03, 4.038909056210448351e-02, 6.077396305680748262e-02, -7.963902735408390221e-02, -1.702631587744007219e-02, -2.556481534999681740e-02, -9.075401687749114210e-02, -7.933083232902510273e-02
3.887076721090938075e-02, -8.281286294159832806e-02, -1.042905064574462248e-01, -2.182022514295921950e-02, -5.293024464995371020e-02, 1.701072015542777205e-01, 2.147025065882621486e-01, -9.661869349050845879e-02, 2.230454442077605542e-02, -4.850698321176363792e-03, 1.371250289211385165e-03, -1.123578205142832659e-01, -1.001170996288007625e-01, -9.140656864480353749e-02, 2.953319417934108237e-02, -1.428969775055506930e-01, -8.807700116822915481e-02, -3.269782955678109115e-02, -1.291125656001117228e-01, -1.316659338439486737e-01, -1.110366545773539826e-01, -7.296686937927987504e-02, 2.100951261735772291e-01
-9.897722403138262126e-02, 4.729807484870394985e-02, 6.161481027566968055e-02, 2.153243376355949354e-02, 4.313034151204266087e-02, 1.496245980550425236e-01, 5.536808174159998930e-02, -1.204278395798926565e-01, 1.938691893638742891e-02, -7.468087101853369825e-02, 8.257542932881553610e-02, 9.381449464232759217e-02, 4.321816175969601936e-02, 2.917365252337244530e-01, -1.268037815612027552e-02, -2.942584467716061539e-02, -1.838651619714156693e-01, -1.485973425313894848e-02, -1.770008888224323118e-01, -9.444721022210696149e-02, -1.568086390789801554e-01, -1.620111206868259657e-01, -1.507953834436729160e-02
-4.868204466590440177e-02, -8.904000736882868028e-02, -1.092521819323782062e-01, 8.744772460200740671e-02, 3.753008834120849513e-02, -4.135128059096550290e-02, -4.354954479091587005e-02, -1.254115139392727729e-01, -1.429791795119708317e-02, 3.567252138312963783e-02, 2.808201823720360771e-03, 2.555589153851694009e-02, -1.921533539430208271e-01, 2.485488343151293078e-02, 8.239313312518881105e-02, 3.240332383541542211e-02, 9.995832630827335141e-02, 8.935643617220606627e-02, -9.513787452798719291e-02, -6.188216463202166756e-02, 9.318454934117859773e-03, 2.095060984865930800e-02, -1.496548986763517330e-01
6.665697029006435737e-02, -1.744865674136895084e-01, -2.349809987625948050e-03, -1.633603027797054727e-02, 3.936118387348019887e-02, 2.375625560082239851e-01, 6.812909923466987927e-02, -8.623345131261848928e-02, -4.396261961695998449e-02, -1.025452972767303822e-01, -6.871894341186600592e-03, -1.674483193622065824e-02, -2.042876316652715574e-01, 2.641013673054154465e-01, 1.081471006358851600e-01, 1.312533735569039461e-01, 1.969299722658954810e-01, -8.788359484509640496e-02, 1.444365172966373123e-01, -3.542547188131414670e-02, -1.320721540348490375e-01, 1.753656501006299606e-01, 3.659759229996457919e-02
2.120863244899124506e-02, -1.013603833131469234e-01, 6.559852767592589881e-03, -7.962062275922132670e-02, -8.501187248485025938e-02, 2.327059404737376325e-02, -2.872124705051595783e-01, 7.323328128157077788e-02, -1.899847731517444183e-02, -5.169323069481273139e-03, 1.313873748241223827e-01, -9.970016866147898631e-05, -1.132590059753903200e-01, 2.954400600783015497e-04, -1.230920902199762398e-02, 4.892408489821586243e-02, -1.738093638465178573e-02, 2.521620281918132145e-01, -2.087584093173573963e-01, -9.321904488562897384e-02, 8.594214837454721432e-04, 5.581506096512848375e-02, -6.541349240143015664e-02
-3.009154988510078649e-02, 1.711011872155059899e-01, 5.060574358886743562e-02, 1.334045609487582995e-01, 2.830374296215594151e-02, -3.896536694272492718e-02, -1.106298631098651397e-01, -1.851986915850465099e-01, -6.364768010780370334e-03, 2.122353547535336254e-02, 9.146616063103603367e-02, 2.254058197579259237e-01, -1.392781936160401302e-01, -3.778543407504160179e-01, -3.311017972088533406e-02, 1.726863043697378711e-02, -1.401888007197390484e-01, -9.320599353775660401e-03, 4.255931451768359131e-02, 1.198692094277996750e-01, 6.020963779951019751e-02, 3.163915666061780513e-02, 4.380253483458615427e-02
-3.216531713945768034e-02, 9.239524514052638304e-01, 1.393734416086252759e-01, -1.448244828230016157e-01, 5.340180996239629781e-03, 4.961937220493481578e-03, 1.182415800506975145e-01, -1.014860289022900125e-02, 2.970432295299491599e-01, 3.346090185374296921e-01, 1.898246984772164192e-01, -4.295946370035356177e-01, -7.589949873840151628e-01, -1.736057668523706354e+00, 1.055737307461742693e-02, -2.655257303116030365e-01, -5.534938444112273981e-01, -2.031315030797695709e-01, -9.561144280752646718e-02, 1.723257051307076071e-01, 4.822564003437786878e-02, 2.277658975205880676e-01, 2.310779307356669587e-01
-2.955226224277194072e-02, 2.365336294209233192e-01, 9.425290664731766910e-02, 8.842859686751351755e-03, 2.902887399495647849e-02, -5.598840701449980112e-02, 2.344207543932377499e-02, -6.644972739012296181e-02, -6.244355880911023338e-02, 2.606493681645483118e-01, 1.278155037751114720e-01, -3.682250717734210366e-02, -1.252272072831579763e-01, 1.236848833553700067e-01, 4.874600865376359227e-02, -1.701628241620684046e-02, 9.476647067264137858e-02, -8.704141080101500394e-02, -2.990157265660832106e-03, -2.205593015732605286e-02, -8.321773938583286456e-02, -1.285042377364712940e-01, 4.222782259900507290e-02
-1.308513349106239787e-02, 7.537157865199156648e-02, 1.352951673810929602e-02, 1.197960076017674930e-01, -8.519254745256832351e-02, 1.818499146346340412e-02, 3.196198180675455580e-06, 9.789424930778298228e-02, 5.107997489844470079e-02, 2.047838128400155527e-02, -1.285257791661323923e-01, 1.272764532178710106e-01, 1.418214995578872574e-02, -7.891536976264587611e-02, 1.698673482343787122e-01, -1.920903004939124581e-01, -1.645518669923231592e-01, -2.429161971638167661e-02, 1.907039277637185282e-01, -3.765250032568225047e-02, -4.352438611043009387e-02, -2.173951420584333827e-01, 1.898772924022249509e-01
9.708731081112849381e-02, -5.644741936325801263e-02, -1.092780028087223521e-01, -1.763707881859450377e-01, 5.616719400133259738e-02, -4.737298315993489217e-02, 1.765645844332965342e-01, 4.631167795419216526e-02, 4.725590688011631173e-03, -1.198564257243180803e-02, 3.620390895393311298e-02, -6.827591103320805599e-02, 9.806661787779041850e-02, -1.428620320355565299e-01, 1.932442443025190748e-01, 4.707115932118240142e-02, -1.485595518893158273e-01, 8.959056045461695483e-02, 4.946356997735037314e-02, 8.295811639314804031e-02, 7.330476007426535434e-02, -4.422558582237267472e-02, -3.947019989060689127e-02
-1.583659240633786963e-02, 4.804993474914519280e-02, -1.417486770055647605e-01, 1.388993975520593227e-01, 5.861733492483196806e-02, 5.654682136864871977e-02, 5.274375854105652767e-02, 1.182507089739019412e-01, -6.906053676757520354e-02, 5.511063669751167793e-03, -1.304875004018380968e-01, 8.260778908227971173e-02, -2.396186222643179320e-01, 1.791397592819226892e-01, -2.541167573086010670e-02, -2.323399535859988277e-02, 4.688992271510619703e-02, 2.564843527305230020e-02, -7.087742309069279545e-02, -1.023347586522059816e-01, -3.219664412167643451e-03, -9.649644486377879915e-02, 4.109085957938913257e-03
-1.363196153098428509e-01, 1.241979528067733707e-01, 3.447105892273193833e-02, -2.111590043314068577e-01, -1.226699610881487462e-01, -6.161228796042760025e-02, -6.903554396762882905e-02, -2.503821971046117992e-02, -2.913558454532622632e-01, 8.221649242707606761e-03, -6.922830769450583066e-02, 4.216486370707573121e-04, -2.574537051199461968e-01, 2.099584571330727900e-01, -8.981932142027099220e-02, 1.399979914142167881e-01, 8.124856032497849989e-02, 2.178941956108085554e-01, -3.349505763021724120e-02, 3.165830418967314347e-02, -6.828177634861863632e-02, 3.310122761783087370e-02, 9.434970456365533720e-02
1.964241400271664328e-01, -8.417454493036451157e-02, 9.262087202895669114e-02, 1.028206986919636551e-02, -3.529918666960085716e-02, -3.341353460266777153e-02, -2.858745796767398276e-02, -4.665421103974902450e-02, -2.883744661053106503e-03, 8.099429580192073208e-02, -5.162413360955440261e-02, 3.129458750681302082e-02, -1.421798021975176907e-01, -2.696949785528669485e-01, -7.389756815074088880e-02, -9.230143120350248198e-02, 1.063439107133966610e-01, -6.363709959321706133e-02, 3.000281347930315243e-02, 1.944259960147647626e-01, 7.028316539625027726e-02, -2.301299834124962210e-02, 1.379128491362125873e-04
1.430099880192378381e-01, -1.982890276103378147e-01, -5.017195823578592118e-02, 8.226264371541142095e-02, 1.182309751905156331e-01, -3.157278637441023744e-02, 2.019147935453717568e-02, 1.050501406810855631e-01, -1.590313007072282139e-02, -2.133826786684455412e-01, -2.677417242756016322e-02, -4.374590782072744488e-02, 7.989986990276502776e-02, -8.580858396086228287e-03, -2.530337012076539979e-02, -2.353689855377096712e-02, -1.350614783826413479e-01, -3.369327328853886638e-01, -2.032772199223143936e-02, 5.410203033652571762e-03, 1.432157244144811326e-01, -1.452852445364699874e-01, -2.522402668710473431e-02
2.627095270200248758e-02, -6.439209194940984093e-02, 5.911922154934802498e-02, 7.896506760537394531e-03, 7.373331390477570746e-02, 4.213090946905727330e-02, -3.288417137003362550e-02, 2.024886137311327772e-01, 1.772807043143009298e-01, 1.609626857855586679e-01, 2.294305128453568432e-01, -7.497950032058808834e-02, -1.510182142206682038e-02, -1.120401746011638888e-01, -1.517668542113215745e-02, -1.733667683400563209e-01, -1.840837854178723754e-01, 6.867460804786515438e-02, -1.246530743035558116e-02, -3.534341277457008629e-02, -6.070653756229773754e-03, -6.267026048622713341e-02, 1.495815929329150085e-01
8.199669780979766676e-02, 1.310977281599880195e-01, -1.462642251472284216e-01, 1.877216013095692471e-01, 2.010360826381904775e-01, 5.404705742420048281e-02, -3.892498251749366978e-02, 3.036238733790693617e-02, -8.241864423562183378e-03, 8.516053577215322579e-02, -4.899839944070741998e-02, 7.501702837284338066e-02, -1.529727341501870563e-01, 2.556519041085498697e-02, 1.462101733859630659e-01, 1.287048777420382595e-01, -5.151237058308160560e-02, -4.563479871245967878e-02, -4.558024952237545863e-02, -5.235000150591309631e-02, 1.443740863988306200e-01, -4.100122158152168239e-02, 1.078409296562023029e-01
5.635190450560045167e-02, -2.233818750598687841e-01, 2.015029385910487858e-01, 3.528878542317701039e-02, -1.139153809632967029e-01, -3.650127531369616596e-02, -8.964043722959466609e-02, 5.600069631486891825e-02, 2.585197569861267808e-01, -7.838564448639975812e-02, -2.406049416519325315e-02, -2.437482868074205555e-01, 9.008404684405087182e-02, 4.122066481158483953e-01, 1.156076925730590149e-01, -8.901120791725466996e-02, 1.690607238485505315e-01, -1.365175826638514722e-01, 7.573316384966047310e-02, -6.025756905197339995e-03, -1.096704978373064417e-02, 5.058803667568601004e-02, 1.140135563664080708e-03
7.697264625690376783e-02, -1.765182880194167414e-01, 4.970603485611254507e-02, 1.391680614825605532e-03, 2.044682691726888366e-02, -3.718134328520554532e-02, 4.520061800270624291e-02, -3.754894142529184575e-02, 4.742310930336816888e-02, 5.979575950366940867e-02, -3.941636693433563099e-02, 1.899848171805463420e-02, -2.138123738084017622e-02, -7.393385060332215153e-02, -1.650375015568577089e-02, -1.067558619507113365e-01, -1.176316040042224287e-01, -5.891901435795526831e-02, -8.967210304434744539e-02, 2.017026874206971979e-02, -7.550073277969100716e-02, 1.588810289820176691e-01, -4.675629434332812667e-02
-5.768890757317696877e-02, -2.174096370476516216e-01, 8.711385641543642477e-02, -8.557299636278763166e-02, -6.966849819609306771e-02, 3.316341326322407024e-02, -1.381399274036193281e-01, -2.153831023795907407e-01, 6.645566435890649937e-02, -1.525331117996515939e-01, -1.785154942249538579e-01, 1.199605091206767254e-01, 2.501840883359076617e-01, 4.613478057165429358e-01, 2.970869833776224739e-02, 6.368696343154581219e-02, 6.879504569955635640e-02, -1.261238917683200345e-01, -1.266137979675621694e-01, -6.855784438156674321e-02, -4.370287983110061197e-02, 1.942375815919105894e-02, 5.142426310748544893e-02
9.417820456032881260e-02, 1.577775393870624321e-01, 1.841113100330705743e-01, -4.297953965597092058e-02, -5.135646355935002266e-02, 1.002446054191077907e-01, 1.060605002510924405e-01, -6.008153486221512463e-02, 1.156099295412037070e-01, 5.630690655641241299e-02, 8.647604306193078239e-02, -2.538195875556170308e-02, 7.094024240678184490e-02, 1.139683318443878712e-01, -2.292985643348819172e-02, -3.731838234083407341e-02, 5.300615454415206346e-02, -7.188847685233225315e-02, -2.566525668431994534e-02, -1.021724248745924449e-02, -1.094467497119996358e-01, -1.069865030541576056e-01, -5.071995931168356980e-03
-1.756093656592168928e-01, 1.634692880621284039e-01, 9.625827107902601432e-02, 1.840042398171468432e-02, 2.516458622319244984e-02, -7.215693407427832551e-02, -8.112774814696169581e-03, 1.720603085842023136e-02, 7.932566588897758952e-02, -1.132878809028679545e-01, -1.917686653339093633e-02, 2.746170992158370686e-03, 1.099798383926253592e-01, -1.070304363634602338e-02, 3.926906087625623961e-04, -1.281512186666235176e-01, 8.225503697269544168e-02, 7.441801387683930069e-02, 7.984477510032547687e-02, 8.717234302775926647e-02, 3.593828022963765911e-02, -9.779099243265033936e-02, -8.675639242439099619e-02
9.115344794701284170e-02, 1.032284668981513914e-01, -1.081569106236857092e-01, 3.462675233994368280e-03, -1.350516443247403164e-01, 1.437904144618018000e-02, 4.180164112755353767e-02, 6.273910007938540701e-02, -2.208360523351652824e-02, 2.984677693894884076e-02, 1.212176940707201077e-02, -4.055992603290969195e-02, -6.158306834000311369e-02, -1.257437869966148702e-01, -2.545276501633813877e-03, 1.536800671303730770e-01, 7.967011779428130602e-02, -1.102699576176619997e-02, -1.276859962429396644e-01, -1.037510830015507951e-01, 1.482373101082056464e-02, -2.945353604252680044e-02, 2.150908968653399665e-03
-7.783015913250901363e-02, -1.059643033751736241e-01, -2.662610747972940506e-02, -2.409257634109268631e-02, 1.162902225292953007e-01, -5.589617280643927218e-03, -1.025715845078339558e-02, 8.098751640893711579e-02, 7.157768962192895268e-02, 1.984986044452921317e-01, 8.594153070646952386e-02, -1.008415148485047527e-03, -2.696399888035216352e-01, 3.057504958317751598e-01, -2.593629216761301343e-02, -1.079832560770700028e-01, 2.772232182701304601e-02, -1.350125230198931381e-02, -2.468069253552775399e-01, 2.231448661713393219e-02, -1.283996657384572915e-02, 1.519190573294289248e-01, 2.323175608031703004e-02
2.046700972007064745e-01, -7.211988217970648207e-02, 1.867835901962785206e-01, -1.928592417724671604e-01, -1.206081555191986232e-01, -5.189005952002366528e-02, -2.838267458290022471e-01, -1.909145871024013896e-01, -2.447202344381391864e-02, 4.598378116141465383e-02, -1.934477045488702460e-02, 2.546297023165507989e-01, -5.019973083293016725e-01, -1.223261760108916435e-01, 3.375548809770501091e-01, -1.448528156386462151e-01, 3.054500042683952477e-01, -4.280727531371972955e-02, -9.328724940955022971e-02, 1.238824570167657707e-01, 8.058161800307102329e-02, 1.426624253079080383e-02, 2.533489185197143057e-01
1.440827456938364171e-01, -2.692870508171568700e-01, -1.133805414935069450e-01, 1.093097369442032167e-02, 4.572705612714255026e-03, 4.536469521145704287e-02, -6.636038783883371761e-02, 7.426536815122622426e-02, -9.950652889698993753e-02, -8.744121792679818150e-02, 1.866731614811641474e-02, -6.642605196324152805e-02, 1.218289847522072561e-01, -5.265383401965631482e-02, -1.866532788965042655e-01, 1.367661085349623218e-01, 7.501212596580335290e-02, 5.871028196298579138e-02, -7.531406038559849969e-02, -6.135623592769955115e-02, 4.501015093791493199e-02, -2.234264580646838291e-02, -6.399378264126312499e-02
1.395260599606955032e-01, -6.483103281614717439e-02, -1.274840489353697426e-01, -9.889064780521139575e-02, -6.031866770251020915e-02, 2.469304423646085100e-01, 2.096597797348536546e-02, 1.688112074950008090e-01, -9.813885214334593099e-02, 2.925534546104766390e-02, -1.161747803089937733e-02, -2.708154934661044164e-02, -1.159858146403639489e-01, 3.596218337628271505e-02, 1.258698256102839530e-01, -1.186559736186167113e-01, -1.315322600280835995e-02, -3.518620697713695927e-02, 2.190831058479287760e-02, -1.804695509282820964e-01, -6.299038397103433329e-02, -5.793052738856385026e-02, -3.537466676448180330e-02
-1.190766511977967707e-01, -8.585285733302619460e-02, 2.179342816674935748e-02, 1.876980021976393243e-01, -5.398804654185145047e-02, -8.098144923984443300e-02, -1.899023412631571650e-01, -1.964940774468008355e-01, -2.055886166928170000e-01, -1.760380971383011250e-01, -1.540290960116474095e-01, -7.330524445992352145e-02, 5.029186046976258373e-02, -2.202927842853845686e-01, 3.538014406243259469e-01, -1.456558633735675901e-02, -1.855080025394466314e-02, 1.741358597272777142e-01, -8.103989398487354556e-02, 7.580302907897733256e-02, 1.258554344287954596e-01, 2.348113377504038035e-01, 1.995731364598523072e-01
1.082274421034324363e-01, -2.835030079321920193e-01, 1.127382472433929445e-01, 1.231422790432317865e-01, 1.937684649922457036e-01, 3.580389978666696088e-02, 1.056037835631717797e-01, 2.411052708684670309e-01, 1.069943175233753208e-01, -1.369260394985212514e-02, -3.142348430803736797e-02, 1.745353775283557396e-01, 3.052364300432486854e-01, 3.509965033058818906e-01, -1.923351762062383841e-01, 4.664832949643538673e-01, 2.389659229832346021e-01, -6.290669724295133713e-02, 2.375360169885574330e-02, -1.669485618127604654e-01, -1.774188308707633221e-01, -6.387977088969240547e-02, -8.587507771790627020e-02
-6.867290413723149689e-02, 9.667535642059588152e-02, 3.303554615102696768e-01, -2.415020722613419116e-02, -6.823134152104939898e-02, -1.665191806549150000e-01, -1.174856026871473093e-02, -3.839884080278500866e-02, 2.086712618621162640e-01, 8.194849214721619535e-02, 7.121939248917756593e-02, -9.597518356018820695e-02, 2.221042168036643089e-03, 1.203516749603420755e-01, 9.278886872048493217e-02, -1.079271166432515527e-01, 1.036617844216430745e-01, 3.479425080978450907e-02, 7.664747262130848504e-02, -1.469082989219392676e-01, -7.572355359326783837e-03, 4.414796097984270695e-02, -2.369943543367431567e-03
8.133290723686614765e-02, -1.272357024013449078e-01, 8.272953797135322584e-02, -3.042900122774343241e-02, 9.219976379628702645e-02, -5.665261340229252318e-02, -3.690670860175520457e-02, 7.575697225109950805e-02, -1.036665712136271567e-01, -9.759291359572574640e-03, -3.077434768068849826e-03, -6.649990943996646198e-02, 1.022301143460936229e-01, -5.660950895816790895e-02, -2.430431968932527664e-01, 7.930988275230842210e-02, -2.752950386741520941e-02, -8.722425341114992819e-03, 1.321571205433536011e-01, 2.112793292630190944e-01, 5.669009098485147669e-02, 6.017960795299439475e-02, 1.585145497249854790e-02
3.662079079289594363e-02, -1.389102279062188472e-01, -1.346395448260256644e-01, 1.388374899874846545e-02, 7.577027027633063960e-02, 2.562592712774787451e-02, -1.693736232149345156e-01, 2.323442562885334912e-03, -7.645776868036632812e-02, 7.526412503084818628e-02, 2.513921687937513139e-01, 5.155843660899825376e-02, 1.787373370439079290e-01, 1.031558356018539013e-01, 1.192012886376451336e-01, 1.587446298131666156e-01, -1.064029521826883803e-02, 5.564821449988079094e-03, -2.882715258823238813e-02, 1.856336163711741136e-02, -9.066575711510665991e-02, -1.040560397299091638e-01, -8.437819214132294410e-03
-8.901278648330718246e-02, -4.128963229072979968e-01, 6.527801801350049948e-02, -4.658570175479134073e-02, 1.128807893736661905e-01, -2.901139976297410772e-02, 1.859328454122850249e-01, 1.412984357607852959e-01, -8.464023912177814912e-02, -6.405865035081126369e-02, 9.376001193303123982e-02, 4.431501970367688475e-02, 3.404844992766337120e-01, 8.099718562927209486e-01, -1.189355539953499546e-01, 2.773908090898026813e-01, -2.314889249166585117e-02, 9.502665362046688879e-02, 2.788114495344387045e-01, -1.805733769434923197e-01, -3.527593934790961006e-02, -2.384741651347479230e-01, -5.287125159382891765e-02
-1.978693690015121548e-02, 1.820427996431657758e-01, 1.147331386481953014e-01, 1.275341850344123562e-01, -9.574260415929516932e-02, 8.294662544547061478e-02, -9.470243334600987606e-02, 7.050913163995355115e-02, -4.423370621269004377e-02, 1.370984774448814614e-01, -2.861218536857400643e-02, 4.914244619747307197e-02, -1.242726576000799804e-01, 6.137507945913454194e-02, 1.268548472690312900e-01, 1.226277265717162640e-01, -3.042866470884606975e-02, -1.791118294377456177e-01, 1.317241048488430877e-01, 8.490021496895765185e-02, -1.139543031346496177e-01, -1.210077951761808907e-01, -5.038460877518226994e-02
5.798289787649755361e-02, 2.738316482880577551e-02, 1.040702485448797149e-01, -4.430799757453014048e-02, 1.286838158120886220e-02, -4.599814240739382581e-02, 2.002536051154036462e-02, 1.060701520577022744e-01, -8.566893179073506448e-02, 1.452232039718484857e-01, -1.661601166494655890e-01, 1.219560285271786004e-01, 8.034736994322040290e-03, -2.520953871688479953e-01, -1.828210172888663360e-02, -3.728873221216887773e-02, 1.784591319071633098e-01, -7.719863669384431117e-03, -8.320792679473983100e-02, -4.432079228794617853e-02, 8.885366534074809475e-02, 2.066536070845295323e-02, -1.247889532695006659e-01
-1.688416842329913681e-02, 1.456579722112754105e-01, 2.598632343710474343e-02, -2.149234026190239011e-01, -7.086102658853961345e-02, 1.504862277640213186e-01, 2.890348324686766238e-02, -6.981481988600567179e-03, 2.861008015748273473e-02, -2.529002624041668326e-02, -9.497326294299546223e-02, 1.001857615439374627e-01, -1.082940943418272128e-01, -7.276398334360942299e-02, -4.018029734724072599e-02, -2.600499027080270253e-01, 1.102715365249425095e-02, 1.800563979970316586e-01, -5.210146327258811938e-02, 9.670797858300941852e-02, -1.554469990661875613e-02, 1.015564115788823163e-01, 5.494793113260294098e-02
5.301751282218356010e-02, -9.983352322763845710e-02, 8.774143416391681771e-02, -1.913204084247890069e-01, 2.540890422403424553e-01, 1.656940723769590729e-01, 4.207526148521321951e-02, 3.457844312946321830e-02, 1.332483713066183462e-01, -2.683613549264482825e-02, -4.340532506904204446e-02, 8.545022052774454285e-03, -3.776081349343848176e-02, 5.764272445541257506e-02, 3.639221348416627616e-02, 3.632260194313392809e-02, 6.365392922204843318e-02, -1.577827363258573201e-01, -3.293253197229145113e-01, 3.431701721670340349e-02, -1.669979293737406945e-01, 3.856994824219795587e-02, -9.419937202568100937e-03
4.299140511880195081e-02, -8.663930733271697771e-02, -2.851831661689628594e-02, -5.094473141851940320e-03, 6.198498665501016303e-02, 1.632872402661534605e-01, 9.181098799704671964e-02, 5.108344796984927438e-02, -2.911498611883532595e-02, 1.028911373288027564e-01, 1.720842660710132366e-01, 1.155539929913872166e-01, 4.800048724253826171e-02, -2.502433400180998496e-02, -3.184224941631628170e-01, -1.642298057546571766e-01, -2.030045716880598400e-02, 1.359829916811679251e-01, -1.819552295089324478e-01, -1.431969499462800721e-01, -8.096899632395324065e-02, -3.355747523996870790e-02, -1.507482560135825211e-01
-1.218367817813406813e-02, -1.763258531330160177e-03, 2.563087311616614183e-01, -4.718980814915513548e-04, 1.269525197979541331e-01, 5.408329250241276226e-02, -1.827565516890382324e-02, -1.298016489892840804e-02, 6.439631811190110744e-02, -1.242208210742182656e-01, 9.612703470003350348e-02, 2.491943399529230468e-02, -1.873663810692561271e-01, -1.488915180411626016e-01, 1.703987113612785431e-01, -9.173860501382474775e-02, -2.194471082230362302e-01, -1.355036978439554674e-01, -1.596350926880794052e-01, 1.180988329759916217e-01, -1.534786409761471626e-01, -1.687028094978297935e-02, -2.535115398404591200e-02
1.227792908241189390e-01, 2.762579044286501695e-01, -4.565804781986139427e-02, 2.619028554752024507e-04, 1.673655166652482096e-01, 1.137757549605772356e-01, 1.328664668517616776e-01, 5.514533127291065817e-02, -1.621672656606829716e-02, 8.567828782815951894e-02, 1.338493834069905963e-01, -2.089043737910765697e-01, -1.751006896443856597e-01, -6.183397288300406247e-01, -2.566299495220686691e-02, -1.799927439412412830e-02, 8.111366549554802075e-02, -4.503772036779359056e-02, -9.908110117527443861e-02, 2.253451573841384892e-02, -8.201600180545165486e-04, 3.829653457312758719e-02, -7.689547263221889473e-02
1.978059281900254873e-01, -9.028991989606938162e-02, 3.114977779062742466e-02, 6.758935003353820636e-02, -2.037512686210881871e-02, -1.264210788768310167e-01, -4.118197169294159077e-02, -1.235534900027892430e-01, -1.417552351990832293e-01, -1.279866567382923577e-03, -3.291668061672733264e-02, -4.988668455455565892e-02, 1.937290980984918698e-01, -2.612185965015531575e-02, -5.587579862099427419e-02, 1.025073227959325539e-01, -1.451577726570486004e-01, 1.081858985597550088e-01, 9.822254572123833433e-03, 1.591451278931911295e-01, 1.465635808845896226e-01, -6.439205723851662566e-02, 3.295144923157280331e-02
1.205686402743331304e-01, 2.674392824791726464e-01, -6.895999780920386568e-02, -4.612877403272552801e-02, 5.761780519298157627e-02, -5.951418591031471667e-02, 1.011644026518390138e-01, 1.068759694765036156e-01, 8.849258938051177137e-02, 1.386675266992941080e-01, 2.068085688751936102e-02, -3.167355727235496993e-02, -2.288602015628198594e-01, -5.769350723413172455e-01, -3.297623081023971087e-02, -4.845685459714500071e-02, 3.271288861025142131e-02, -1.400042393562513782e-02, -2.284255922393111510e-02, 3.721755996691078483e-02, 1.754011130244622144e-02, 9.142062467381631419e-02, -1.025828540724621658e-02
1.402495971676074316e-01, -3.732691199862413906e-02, -3.207694748221496389e-02, -2.091150738100862327e-01, -4.359809785778710756e-02, -1.026461787502031264e-01, 1.699477806789559120e-01, -1.505620506014134115e-02, 1.474261675046928122e-01, 8.560943355933316179e-02, -5.049696983749706741e-02, -8.596882153090786016e-02, -3.561937977199164385e-02, 2.134632474552736886e-02, -9.950069563089437852e-02, -4.016074586694486082e-02, 4.212632788233722919e-02, -9.372147115924409078e-02, 1.140657280363802095e-01, -1.033734560549746245e-01, 1.356422252988782051e-01, 1.166698147490044003e-02, 7.457431824377812324e-02
-1.147945056171769673e-01, 9.067169389599390172e-02, 2.265800952792866030e-01, 1.633189622487544179e-01, 1.356821580555157662e-02, 3.727907648712909527e-02, 2.882694971072999324e-02, -1.218723449731508313e-01, -3.857050237149883386e-03, 6.823913276568281672e-02, -9.260064071723640711e-02, 2.373433997857859745e-01, -7.915184944057705729e-02, -2.505382462657922971e-01, -1.001186492039025377e-01, -2.511858107230223736e-01, -5.151064863891294254e-02, 1.795388923400844869e-02, -1.311465313721156545e-01, 5.164300244528901435e-02, 3.028022505936816405e-02, -5.635533491030645520e-02, 1.675781315023783247e-02
-7.970662761249676376e-02, -2.265436116552506929e-01, 1.456521538838384533e-01, -7.407878962950764645e-02, 1.324639300213756310e-01, 1.834172005798324345e-01, 3.736362032786592208e-02, 1.298742631080692100e-01, 2.232913136277050736e-01, -1.192703566611216792e-02, -9.928686924450104423e-02, 1.167298927230763783e-01, 1.189881540521141451e-01, 2.751812913864596921e-01, -7.639881087580764618e-02, 1.100967674141106190e-01, 2.810262946722499877e-01, 2.211643126980199214e-01, 4.407054603692571459e-02, 1.007637185819855452e-01, 3.539341332847942972e-02, 4.055012422142577344e-02, 1.663721602395379362e-01
1.222040576385564070e-01, -3.369346242286024862e-01, -1.075677135877877999e-01, 1.042140921289795297e-01, 1.775503192025894295e-01, 3.371102960184566011e-01, 3.449595510720920299e-01, 1.351420097843717416e-01, 2.457656460017318412e-01, 7.607780464705149459e-02, 5.728582355528114012e-02, 1.093512178685995644e-02, -3.030724917248140415e-01, 5.640176449943272718e-01, -2.294125672687522682e-02, 4.612897783803203144e-01, 2.474175143550263190e-01, 6.274180472770372885e-02, -1.748552290578563317e-01, -2.710297912590347580e-01, -4.226241216929815803e-02, -2.690177257885638731e-02, -2.042980224779378240e-01
1.051804436174615526e-01, 7.761000306116150327e-02, -4.755905557419307789e-02, -1.026084228690135776e-02, -1.017531458669976713e-01, 1.693795522055179525e-01, 6.256716816048128738e-02, 8.222074781204954941e-02, 1.769089815679130429e-01, 9.018274599235315617e-03, 8.013444326603605394e-02, 3.781084395745102494e-02, 1.750644354366958089e-01, 2.932625514882343520e-02, 2.492273908931824100e-01, -7.834986208814259667e-02, 6.261634730076071076e-03, -3.555159142178162396e-02, -5.507580284460104891e-02, 6.334090899242343642e-02, -1.429137633965569809e-01, 1.678602356450936972e-01, -8.968499629412583773e-02
-8.548067086980311313e-03, 1.201072185125410391e-01, -1.465662396668254534e-02, 5.214769720548107640e-02, 9.709161755674484973e-02, -8.214270769146017614e-02, -2.662633276216434808e-02, 6.430145397692083216e-03, -1.590498997601739184e-01, 1.687870066460397597e-02, 2.217183646451592882e-01, 1.176430346528503992e-02, -1.754249618098070174e-01, -1.126656370748752890e-02, 5.153815117774714072e-02, -1.225977061828384396e-01, 6.081646672023511419e-02, 1.649766857898251615e-01, 3.070622061471000794e-02, 1.656049197098524439e-01, -1.664943717846451565e-01, -3.754329082373168008e-03, -2.666194705383676672e-02
4.561027410048047043e-02, 1.554311951339537312e-01, 5.867736402232560239e-02, 3.326633093009150749e-02, 4.314904994213858425e-03, -9.740164300186063273e-02, 1.462040471771380301e-01, 2.294446617865663479e-02, 1.126018954210963319e-01, -4.668201976841469814e-02, -1.532912757066280662e-01, 3.264202154527708760e-02, -9.090373013861478835e-02, -3.856440819888631855e-02, 2.147107454753291456e-01, -1.400195315934196251e-02, 7.893902812258994650e-02, -5.498572478707130368e-02, -1.093073783498781440e-02, 7.158569615368370886e-02, 1.087985622832231408e-01, 9.634346181789903152e-02, -4.725752157386693686e-02
-1.762908064642681183e-01, -9.931010746348706286e-02, 6.281172769499783481e-02, 3.153818057451868162e-02, -1.086486489200906569e-01, -5.484034539499892287e-03, -1.236999056789564871e-01, 3.215125561919125914e-03, -1.855617916589883537e-02, 8.305239115845430842e-02, 2.643176186697074673e-02, -3.709233032834013954e-02, 1.052226929612504365e-02, -6.657984456792544192e-02, 1.708785716869238788e-02, -1.770135195073966050e-01, 2.392818360579874667e-02, 1.831956595922916084e-02, 7.138641733886633145e-02, -3.736941149226840481e-02, 6.703904474678079595e-02, 9.298865954095675290e-02, -9.184129095598183093e-03
1.988258629034375946e-01, 6.108927018219403871e-02, -2.061356510627808045e-02, 1.681939271503916922e-02, -5.662497866543570249e-03, -2.390663719865029346e-01, -3.007040930086491565e-02, -9.496350535027046902e-02, 6.419725482360211927e-03, -2.482230608924992921e-01, 6.330503252134195291e-02, 9.491366171163439754e-04, 2.032024250587682046e-01, 1.329052889411638239e-01, -1.431483649345451914e-01, -1.123553211359454157e-01, 8.839120800113979201e-03, -1.956041305929107424e-02, -1.590095806404695777e-01, -2.021978298384001851e-02, -1.686162394298207079e-01, 1.655564861124534173e-02, -1.319355320545164334e-03
-1.383450177115173041e-01, -1.559031969084872238e-01, -7.122817201233008766e-02, 1.737151195653784397e-01, 8.887755213534848445e-03, -1.279110472477915650e-01, -1.410205932683711028e-01, -1.247789555873014475e-02, 7.953013289016838683e-02, 1.061043822485089744e-01, -3.902683161978193899e-02, -2.228259089125223524e-01, 2.534756240221004431e-01, -4.271800515375012708e-02, 7.914652332782358413e-02, 3.520030776985339643e-02, -1.807406279983265751e-01, 1.457942946050334587e-01, 9.680003142369218369e-03, 1.085698147117801216e-01, 2.913041246668653939e-01, 8.197976711977165987e-02, 9.403885919307126973e-02
1.256304513481815502e-02, -2.729634535141941543e-01, -1.447621838546091499e-01, 5.869481388427371174e-03, 3.023136581406289936e-01, 1.647118363340749347e-01, 3.161591770428083537e-02, 1.112913339105197907e-01, 9.235104816932405980e-02, 1.194753221875383548e-01, -6.649642460348612061e-02, -1.698209742808468870e-01, 8.568161737128567046e-02, 5.419112002612961332e-01, -3.436732177089563134e-02, -2.263244711968242368e-02, 3.050249740112505048e-01, -8.846935266949533527e-02, 9.191722351045686357e-02, -9.127414967390860487e-03, 2.995845514522914310e-02, 3.732386002401736225e-03, -1.108430489582834001e-02
1.791241766903505783e-01, 9.545090839231927526e-02, -9.015211190692409837e-02, -1.327214507340478133e-01, 2.667017320533742186e-01, 6.929353537210121428e-02, 3.858678843633901040e-02, -9.042125143543414817e-03, -2.050268457083666007e-01, -9.798862625381152269e-02, -2.584253829886884457e-02, 3.284973083728641441e-02, -1.591342505741074817e-03, -8.574763790783840323e-02, -5.062102316422160356e-04, 2.482552455597830318e-02, 1.027256178081283472e-01, -5.800496704031288947e-02, 1.193022400777513092e-01, -6.538633743795134456e-02, -9.133172957724465524e-02, 8.828266855427688298e-02, -1.689831759520591531e-02
3.170200309603127264e-01, 2.848001531692160859e-01, -1.168071036873681440e-01, -1.486562524343692793e-01, -1.273129002786351216e-01, -1.782671048675853465e-01, -1.536741624860694100e-01, -8.191603421620728340e-03, -9.661921729735360731e-02, -3.433918611429456202e-01, -1.568350570910554687e-01, -3.224835895102894784e-02, -1.965615800791033763e-01, -1.645413445516930584e-01, -5.656493162794549827e-03, 3.638842685386530634e-02, 1.102018609217466499e-01, 3.806248510146171410e-02, 1.669880532529966766e-01, 1.519453854998397135e-01, 8.170623934656676135e-02, -5.270897963004800985e-02, -8.396579643551076166e-02
2.030806874836899728e-02, 2.315776578401147756e-02, -1.572084135254881998e-01, 6.642057473503057419e-02, 1.409231730223617918e-01, -1.504558143029876560e-01, 1.257132387123115480e-01, 1.435922165565805264e-01, 2.029879171348001887e-01, 1.512942728901054690e-01, -8.254126649506093524e-03, 2.463235359281915338e-01, 5.912775931008865671e-01, 5.718963817287005258e-02, 9.876822136294267918e-02, 1.861646870173624610e-02, -6.377189446161429798e-02, -2.291891191810381534e-01, -2.597683871344225737e-01, -1.726989979797959873e-01, -1.524150061787674926e-01, 3.114586340048863117e-02, -1.949784470695296867e-01
4.451876897201567825e-03, 9.847772303976325137e-02, 3.726599345031898075e-02, -1.371603140976321022e-01, 1.487521889671977737e-01, 7.198716628441796661e-02, -3.612343686106381235e-02, -5.150415021576518204e-02, 1.755305899960745153e-01, -8.804960908087622329e-02, 4.962283953729478003e-02, -6.708827761685570712e-02, 1.365822796403410588e-01, -2.138843324706876659e-02, 1.017447141366373958e-01, 2.068412539291045182e-01, 6.322783910940232843e-02, -2.292533700830096458e-02, -7.058536033375931162e-03, -8.093884858029654072e-02, 6.104123284854522796e-02, -1.995145818456834086e-01, -2.141288812931220909e-03
1.183750565743845323e-01, -6.530583464585465459e-02, 1.738280239102147143e-02, 4.524354057193366585e-02, 6.816189317006528248e-02, 1.496321673804917596e-01, 5.173349163141107571e-02, 1.397796924772243821e-01, -2.415030855135512702e-02, 1.095314753053404505e-01, 3.148358860675336962e-02, 2.291160784582358667e-01, 1.179348463865081686e-01, 7.614908236099472705e-02, 7.845087506165793201e-02, -1.298967400706086961e-01, 9.218002929449140015e-02, 1.355461137164262475e-01, -2.215405907415964326e-01, -1.733997109854694130e-01, 7.075200259162534033e-02, -1.582032826409701387e-01, -1.464012671383645714e-01
-7.298209948513900702e-02, -9.462949520095728650e-02, 6.173026944812815692e-02, 6.020005583345644506e-02, 7.722014446195668569e-02, 1.081449383067164399e-01, -8.634677319811542850e-02, 2.878425775999884223e-02, 9.790556616326433204e-02, 5.763360640243415933e-02, -1.855727326277083547e-02, 1.225454234863973119e-01, 2.277402858041875366e-01, 2.777075713186151762e-01, -1.566032868210478490e-01, 1.105075927594232899e-01, 3.410150150810683373e-02, -1.632644317395262057e-01, 7.024949634177299340e-02, -1.017115957550135119e-01, -2.396418864580676135e-03, 4.891216876647451473e-02, 1.700938735225426823e-02
6.680876747471101162e-02, -7.117724616493655843e-01, -3.079295036847692901e-02, 7.868711568613774576e-02, -1.547159342579850494e-01, -1.357905468569197138e-01, -1.594716811873839180e-01, -1.951633109457259069e-02, -9.889868459633217868e-02, -2.066221015394482108e-01, -1.331679476173685817e-01, 3.552390344667951116e-01, 5.511806627022050042e-01, 1.376842281431874593e+00, 1.026585218955155220e-03, 2.001441319501756078e-01, 1.781664371319974516e-01, 1.202377396243624885e-01, -3.842788529097854178e-02, 4.994554448222925797e-03, 1.292637290212573196e-02, -5.825140955208973209e-02, -9.275490882577636792e-03
-1.567745970284194768e-01, -1.166905167628075946e+00, -8.373022946794296539e-02, 1.379114863691117271e-02, 1.165832702443166807e-02, -9.691699764652123017e-02, 1.294141707782667586e-02, -2.607148266203503373e-01, -2.574798981376740792e-01, -3.952904543667139503e-01, -2.868715149985345270e-01, 6.317978683263195672e-01, 9.423057132375948219e-01, 2.184416809676105853e+00, -8.229982502761277324e-03, 2.988077960231814156e-01, 8.936717151037226747e-01, 4.185136095381058463e-01, -1.798570654236340827e-01, -1.716101861382618443e-01, -2.609835860184426815e-01, -2.138406245248091475e-01, -2.793871370623064454e-01
2.123388257630056189e-02, 1.666943309396222428e-01, 1.320206633288005249e-01, -1.382134771778878168e-01, 1.591581008311714410e-02, -7.101140243749561043e-02, -1.204747425980907394e-01, -2.813363908169908348e-02, -7.088389604238282127e-02, 1.554819963641090874e-01, 4.494108922078269772e-03, 6.182312132250700892e-02, -1.655495108401540683e-01, -6.068431697242940848e-01, -4.344946835771632543e-01, 6.766481375345353988e-02, 3.287137723480726970e-01, 2.095777458380019276e-01, 1.761975769859166763e-01, -1.132981294836749031e-01, 2.401657426740864687e-01, 3.616902977304722322e-01, 6.250485316403280034e-02
-1.421891252371469856e-02, 7.662974660901795965e-02, 2.935075690725764269e-02, 3.384925714481181597e-02, 9.348256998706847010e-02, -2.906316341210583507e-02, -1.372249431531596120e-01, -6.466895502981269417e-02, -9.434843718374006163e-03, -1.037424297240041454e-01, 3.190070965412955539e-02, -1.528728138119663515e-01, -4.390445443581319496e-01, -3.079705023500298733e-01, 2.799708425507608789e-01, -1.033722652332870612e-01, 3.754264683233917571e-02, -1.672830267706143167e-02, 3.676481467558936900e-02, 9.007298455859220898e-02, 3.840044144013458893e-02, 7.758251420353105832e-02, -4.095535789412487609e-02
8.565227915441951667e-02, -9.744205131809850762e-02, -6.957708773458091966e-02, 7.193653962225446397e-02, 4.519352935283257877e-02, 8.382719109051089967e-02, 5.540204922524748915e-02, 3.658129670040972947e-02, -1.139276959487408626e-02, -3.877662990846965363e-02, 1.007991243395806730e-01, -2.274880771013497102e-02, -3.744132324512582100e-02, -2.345967319164905807e-02, 1.264897706488238814e-02, 1.360390902276628145e-03, 1.435571017141501482e-01, 1.720586774333162858e-02, 4.878381514727438834e-02, 7.030177180576745177e-02, -4.151584232702012350e-02, -7.455823176945459985e-02, -9.932259416478050884e-02
-7.532921630218250564e-02, 7.686605664483459055e-02, -3.530910976342671592e-03, -3.692745224151422478e-02, 6.885721016992554788e-02, 1.329123404104747552e-01, 1.199379135985786105e-01, 7.104890200705028802e-02, -5.659773833747626381e-02, 5.085261850187804827e-02, -1.573700235879538223e-01, -2.312924209023269340e-01, -8.445279696456409191e-02, 1.367114925488554789e-01, 5.454288311048248634e-04, 5.726775111302609411e-02, -1.806809533366729448e-02, -1.633956454863946806e-02, 5.603852053725077997e-02, -1.158019213730964170e-01, -4.482587160096838247e-02, -9.475099366410731638e-02, -7.384082984888033253e-03
-4.681589393801124932e-02, -3.715166982403640683e-02, -1.907637884576121601e-01, -6.389777749202074208e-04, 7.709246930891697214e-02, 6.183398251306747306e-02, 9.531693193205022230e-02, -5.625022376053456525e-04, 3.292454580244037754e-02, -3.094568365927123643e-02, 1.393991557209742346e-03, -3.848760559736747605e-02, 9.693153012377038469e-02, -1.674805781467909038e-01, 2.250758423691177346e-01, 1.065499579845097591e-02, 3.092846470136633927e-02, 3.179407101160085236e-02, -2.770308280130031608e-01, -2.445918402977206862e-01, -6.223588630698523305e-02, 1.583330769087996914e-02, -1.438903431924392906e-01
1.008023775802890411e-02, 1.282871940353801643e-01, -3.202752019958001600e-02, 1.447540397464478490e-01, -1.686102545139187281e-01, 4.571764777200717361e-02, -4.041008811856460110e-03, -6.510416682208203243e-02, -2.417045970334461886e-05, 2.299504091522154292e-01, -2.458370838368953148e-01, -1.594424206732683869e-01, 3.340847452929730788e-02, 1.927143356789803863e-02, 1.907073737567018534e-01, -1.103516035735445655e-01, 8.248543682483434891e-02, 9.656548784218266235e-02, 1.108189236283829010e-01, 2.585778176285787391e-02, 2.552368434473907197e-02, 3.768858254976661937e-02, 7.295062914968508672e-02
-1.976436830057145058e-02, 8.382036070953602369e-02, 5.840975397341261616e-02, 1.642188232831245098e-01, -1.817032024455383366e-01, -1.077253936499900089e-01, -1.540831195417895899e-02, -1.818763510233805392e-01, 1.053168133581439403e-01, -2.070069810272346378e-01, 5.267317560222659761e-02, -1.142420426861180116e-01, 2.480914157129161107e-02, 1.662766629917595551e-01, -1.137292372529718765e-01, 3.431965505212537532e-03, 1.112575475632319594e-01, 1.653171150092408448e-02, -1.392666864771919255e-01, 3.354535221644461968e-02, -8.861173544363214194e-02, -9.566071241206793030e-02, -2.431191680514190046e-01
3.916274493384140631e-02, -8.483004050126079221e-03, -1.154111017588907613e-02, -7.882778541596991220e-03, -1.069278866762397306e-01, 5.732760042624795993e-02, -9.125442834230126921e-02, 1.841106856855805052e-01, 7.655438531023324444e-02, 8.114363763384442596e-02, 1.114733708303859289e-01, 1.435571160305582350e-01, 3.410060348816623677e-01, 7.165575554854966556e-02, 8.282419648191431671e-02, -1.205838919302655299e-01, -6.304694592045635704e-02, -8.265556342672390755e-03, -2.355771187920781551e-01, 2.620445524129258810e-02, -6.379930114529973328e-02, 4.093292515247732438e-02, -8.196255052269882380e-02
-1.384001828500927844e-01, -2.283611911724100704e-02, 4.721385414661644075e-02, 1.874474626239687166e-03, -8.365029706397063280e-02, 5.669035432490273502e-02, 1.071507142525221778e-01, -4.278849977376719682e-02, -1.211198677865785167e-02, 2.302921731100508740e-01, -5.518577577820669988e-02, 8.885862919363116119e-02, 4.005351596144268167e-01, 2.301446379350564342e-01, -2.775278456355845802e-01, 1.759038543145398092e-01, -2.096208008204608342e-01, -5.462842677567175675e-02, 5.306105076512590557e-02, -1.256770370914572499e-01, -1.240342393391033610e-01, 8.953445237322428529e-02, -2.591849061700744750e-02
-8.076567866881297075e-02, -2.728965619650371432e-01, 6.407298236418258741e-02, 4.727631496614962542e-02, 1.172771036435718284e-01, 1.494633372160054652e-01, 1.575637862382361920e-01, 2.214934729144192871e-01, 1.400395047281247779e-02, 1.392909074205457287e-01, 9.268717583824659378e-02, 3.741875225327340182e-01, -2.755834366742638264e-01, -5.510752699033030083e-02, 1.218802559867841750e-01, 1.722190262819291717e-01, -5.592540884573043297e-02, 2.817397497480497726e-01, 1.549397925499933215e-01, 3.250433643997965166e-02, 5.372051289716977401e-02, 3.867030307854158605e-02, -7.937684717753938288e-03
-5.901015947203342793e-04, 1.092493899703702864e-01, 1.956598961801517822e-01, 2.954111292026999347e-02, 7.504713866593420990e-02, -1.560867119791419302e-02, -3.352795953713459676e-02, 6.025960200687648094e-02, -9.452151992664710456e-02, -2.372347543830819958e-02, 1.571157615648764369e-02, 8.981210788384248397e-03, -4.205490893283508197e-02, 1.337417077292063494e-01, 1.978217498544375674e-01, 1.002714900173960061e-01, 1.240123538844570272e-01, -5.262503991296191286e-02, 2.502788855315927208e-01, 9.903988339249696071e-02, 1.482685110433927533e-01, -1.194509356148871493e-01, -7.309627889368006115e-02
6.252607693880124495e-02, 2.496340744494269029e-02, -3.182744495489064213e-02, -7.245929047207221030e-02, 1.193389793504701368e-01, 2.370530019339453232e-01, 2.833915995899826679e-01, 3.345809747985260471e-03, 4.470064465297163975e-02, 1.137438890324643861e-02, 7.156015070006181700e-02, 3.169020663287770018e-03, -9.744703718999731673e-03, -3.273168673774694004e-01, -2.877686299186912183e-02, -2.120611689560639168e-03, 2.839895608742244379e-02, -1.652516128978082088e-02, -2.656081653130020967e-02, 1.555553964173821135e-02, 4.323103023378375986e-02, 2.527993997992455250e-02, -1.213320812478894430e-02
-1.175644703607318063e-02, 1.666388676962810012e-01, 1.919702227138344042e-01, -1.189370516691013041e-01, -1.392229801028949110e-01, 5.604516182527951446e-02, -1.432627181009578088e-01, -4.559284732613772678e-02, -1.938371800436861081e-01, -1.870374067304088062e-01, 2.474551914370106548e-02, 3.386340315617049346e-02, 4.665844846791058868e-03, 4.199982002815097482e-02, -2.224446406462388462e-02, 3.679491130108313024e-02, 4.112337466622918714e-02, -5.664726600064715761e-02, 2.141950366812367390e-01, 5.661531024579246479e-02, -4.336405108421644006e-02, -3.981302015272843164e-02, -6.758404433824935498e-02
-1.155048016381026998e-01, 5.265293758738239654e-03, 6.331205891797740681e-02, 1.568410520667141428e-01, -3.943022461246319110e-02, 2.074961093361905318e-01, 1.338356345344737276e-02, 5.119888031849157556e-02, -2.533809145193419154e-01, -1.403697651855413120e-01, 9.062875268213952534e-03, 8.587265991500236950e-02, 3.815188380769074517e-02, 8.971883658384088855e-02, -2.850308214482771135e-03, 5.997212992035377832e-02, 1.486640763863945891e-01, -4.286110967638746133e-02, 1.041605301575489334e-01, 1.460232373894734814e-01, 1.673323667299368434e-01, -5.775294165179301054e-02, -2.618260109268722574e-02
3.440202750145610749e-02, -7.780738830229798342e-02, -5.564244678176698267e-02, 6.065138798934133907e-02, 2.623990870231157624e-01, 7.122844800075206484e-02, 1.907473798539028043e-01, 7.584116555018978467e-02, 1.708032265299520014e-01, 2.146672189525363206e-01, -3.079858466776452981e-03, 1.386447342426677387e-01, -3.221286696412111600e-02, -2.493122057088565657e-01, 3.795097673656287317e-03, 1.780468006536539138e-01, 2.553399350542072052e-02, 5.335148176694332750e-02, -9.221153410595374356e-02, 5.986726480581104626e-02, -7.135148313295473776e-02, -6.356263212289976761e-02, -4.500993789922502070e-02
-3.698198504132504255e-02, -1.079820830576262436e-01, 2.329816826327421250e-02, -9.069483985332423004e-02, 2.669360603518597941e-01, 1.284757543014654335e-01, 1.183708270444895072e-01, 1.669733914015452680e-01, 3.343932975776616745e-01, 1.185261149171701472e-01, 5.313403715374459546e-02, 3.962860862343496604e-02, -1.090307067013528419e-01, -3.657988825341523809e-01, 1.893978561425825324e-01, 1.573967518088107975e-01, 5.803920357619378467e-02, 5.496725590868127911e-03, 9.811420695180007867e-02, -1.503235202644537770e-02, -2.065559763205052357e-01, -2.142195226003565031e-02, -1.870975655008093319e-01
-6.693222660293375592e-02, -1.844454921620206425e-02, 2.699491377257960678e-02, -1.227411089440123004e-01, 1.977719950886566158e-01, 9.413510865608804012e-02, 1.776576315165186992e-01, 3.515526262757661530e-02, 9.822562850228333531e-02, -1.061662245658008957e-01, -2.194673370218969133e-02, -5.245046840738233108e-03, -3.624237377933626440e-03, -7.592310480265969386e-02, -3.890397513332423396e-02, -1.165077186943669352e-02, 1.397528515478785038e-01, 5.662054185760427572e-02, -1.253873084125368131e-01, 8.821856977240009889e-02, -1.058845934648933729e-01, -2.401590201254948376e-01, -2.696640347116165820e-02
3.269895351077898443e-02, -2.747791899219444861e-02, -4.133202089784641931e-02, -3.770968042920144758e-02, 2.319242064805433420e-02, 2.651259696143808964e-01, 2.487233431916552155e-03, 8.490176906504652565e-02, -9.486194491372232362e-02, -7.699565085553763955e-02, -1.327043678755320255e-01, -2.257048101428461503e-02, 6.511502982973912945e-02, 5.897869927380285787e-02, 1.198240649602974744e-01, 9.399032807254287247e-02, -4.048971683661258675e-02, 1.131754671588959260e-01, -3.372856293941128847e-02, -7.821361535923342101e-02, 1.753625561087097662e-01, 1.221295828529410897e-02, -2.140921013278277441e-01
