8.011140799575100502e-02, 1.207399011979995995e-01, 1.994876853757551471e-01, 1.731870268714841843e-01, -6.012420584258171274e-02, -2.293084302377105255e-01, 1.151752312593956200e-04, -2.110225798645549641e-02, -1.517397571240338694e-01, -4.783369960642746416e-02, 1.258215166479577651e-01, -2.088345025051411841e-01, 1.940968501231562504e-01, -2.093549021016520018e-01, 4.674810847455538459e-02, 4.995950095953045206e-02, -1.171411340174502158e-01, -2.936990186258285271e-02, -2.827426782326251664e-01, -1.397291269036730066e-01, -1.136658849447471677e-02, -3.270348415869591546e-02, -3.458572362575698667e-02
5.866243055933050010e-03, -9.653128543292731345e-02, -3.695697505124048710e-02, 8.807838041724243283e-02, 8.599528036699831401e-02, 2.461857045725288351e-01, 6.814361354615969257e-02, 3.392556927606318190e-02, 1.733634234483197867e-01, 1.538925179065677717e-01, 1.317796586270789105e-01, 2.020017386015225680e-01, 5.758957561822097837e-01, 2.045504526755716757e-01, 1.665756708405658482e-01, -9.927851776684322449e-02, -2.500959047319525203e-02, -1.438945216807533678e-01, -4.106436663661338499e-02, -2.227462740817203468e-01, -5.580460965488640013e-02, 4.211261161193268626e-02, -1.660444877687561605e-01
-4.820586187743664680e-02, -1.637530533617443662e-01, -8.974709581283607171e-03, -1.195019552192592982e-01, 4.613041463641193857e-02, 7.096640032516196572e-02, -1.549528417919929513e-01, -3.907476039521052408e-02, -7.101549505814257202e-02, 7.196117989046535435e-02, 2.123760645012889303e-01, 1.320882372870652854e-01, 2.477078167788663438e-02, -2.639020644837927060e-02, -4.289748574524220731e-02, -4.844412391007035107e-02, 7.564196665562740451e-02, 2.471773080388516286e-01, 2.168052084412167013e-01, -3.008076589377019494e-01, -3.112178454910946232e-02, 1.199536213400025780e-01, 9.307929173478872442e-02
-5.905116461655478266e-02, -1.027258885205106081e-01, 8.978132174898810491e-02, -4.138141559940072822e-02, 1.120991117857103592e-01, 1.272528483511712327e-01, 5.938571562273796400e-02, 1.237378961961768942e-01, -1.096329972898653360e-01, 6.037591625797501804e-02, 2.553177569008274750e-02, 8.580868963385076750e-03, 7.823149370711808548e-02, 2.085602827856318786e-01, -1.407650985309394920e-01, -8.807694122769139933e-02, -1.712137436768584181e-02, 3.016491446099669460e-01, 9.960700147905882096e-02, 1.062514458322682542e-01, 1.038497245797027485e-01, 1.546043501853317237e-01, -3.767749287841975353e-02
-9.319846033403066457e-03, -3.180375848293312546e-01, 8.031843169203638222e-02, -7.864941039985605181e-04, -6.434968984794510460e-02, -1.038890533386699067e-01, -2.517088642263993203e-01, -2.330647001295136495e-02, -1.568130572452919036e-01, -2.576038560883393558e-01, -4.018295286415624751e-02, 2.999228014966572320e-01, 2.410581177732143143e-01, 6.733503042785206061e-01, 3.578229414979920697e-02, 2.917007803984400863e-02, 1.718617532480694321e-02, 8.556174350773163712e-03, -9.427087717838532333e-02, -3.608586284189403692e-02, 1.644056758977068544e-01, -1.282092090342396573e-01, 8.455041703408085196e-02
-3.227450994953177249e-02, -3.974998357040012142e-01, 1.693635816147209261e-01, -3.183932312924941943e-02, 2.795762992276227821e-01, 5.256783282400858681e-01, 2.679433972102564510e-01, 3.453345052287907224e-01, 4.402350136173839856e-01, 4.128670755867513975e-01, 2.305574987076371152e-01, 1.691937202515808591e-01, 8.442923095157371660e-02, -8.396700176753393169e-03, -1.274545058666684766e-03, -3.608710565151981298e-01, -8.072630924683737996e-02, -3.072674167080213792e-01, -8.159581828474311849e-02, 3.526667843453713119e-02, -1.910291262837152670e-01, -4.530031603993659589e-02, 2.334956541427023191e-02
1.160794672995167781e-01, 2.851726051710846976e-02, -4.297759114710987538e-02, 2.482721162162454531e-02, 1.806559038090452263e-02, -1.483778001405293145e-01, -6.633915210512238494e-03, 6.191883786435852443e-04, 4.809688249442915786e-02, -5.928118016894210612e-02, 3.462705836620357663e-02, 4.274996822600622692e-02, 1.016222377318009434e-01, 1.332146099823654783e-01, 1.885769019913918487e-01, 2.334837958295739313e-02, 7.784701829041217394e-03, -3.866608711247485758e-02, 1.322063373982365342e-01, -1.225982850950150110e-01, 3.295292074765149987e-02, 4.679771707033678063e-02, -1.048185940499288399e-01
1.522811353207243479e-01, -1.550509245318767299e-02, 4.095980478432403177e-02, -5.031124713184593339e-02, 6.283445339490019432e-02, -4.153222358971137354e-03, -5.558203554579280864e-02, -9.818529277543039391e-02, 1.485352571369471242e-01, -2.222425952543524014e-02, 7.411936635917143468e-02, 1.783795520331245277e-01, -1.052491816975044923e-02, -6.980471680292710257e-02, 1.517901131683997151e-01, -5.657359668275715320e-02, 4.349838573896404326e-02, -1.179707598739649782e-01, 1.426626145935447065e-01, -1.952650502265040888e-01, -1.315832874935342900e-01, 7.611291804141234740e-02, 6.224918890259302506e-02
-4.955414573041184816e-03, 1.988054850111284910e-01, 2.700139970525841648e-02, 4.952304626424638111e-03, 9.045943213782901837e-02, -5.406274584285342827e-02, -1.476396987204401864e-02, -1.442110187518493569e-01, 7.671567125484436700e-02, -1.968744827779130360e-02, -2.683630957538455861e-02, -3.860409173278743500e-02, 4.059611586608175698e-02, 8.956024598505193945e-02, -9.622984635461816205e-02, 2.176692091714069188e-01, -4.962592325764886986e-02, 1.002581172195377429e-01, 9.709413160631789885e-02, -2.969147625481948286e-02, 6.624418027693292077e-02, 5.327977717953390896e-02, -2.785318125842266984e-02
-6.225558169955957427e-02, -2.910213640851981309e-01, -3.286879813176383364e-02, 6.309365254099512377e-02, -1.012244459719294082e-01, -1.349156844679775813e-01, 1.513764328896206705e-02, 2.936761435799588663e-02, -1.435608932568512852e-01, -6.750979483730949748e-02, -1.797900693496939650e-01, 1.366861610959948237e-01, 2.675038544331716506e-01, 6.065221433067474743e-01, 2.998702899830000060e-02, 5.029903972236986903e-02, -4.949588986545372382e-02, 4.237328867623397360e-02, 7.495543964267020742e-02, -1.432003964175163901e-01, -5.171118286549513526e-02, 4.920122600366244603e-02, 1.288990532749344740e-02
-4.938416546867063078e-02, -8.382351694852360202e-01, -1.580348684729511732e-01, -6.668692692064523420e-02, 1.364187428079590703e-01, -1.668993127017641756e-02, -2.779013882778592626e-01, -1.524324693850713230e-01, -1.526679899504437832e-01, -4.085280444943992784e-01, -1.140873996437976740e-01, 4.719773034484801566e-01, 6.712549979697249869e-01, 1.576567370457764072e+00, -1.224528598103304458e-02, 1.903263190565625262e-01, 7.073200516466379151e-01, 1.858233776444997709e-01, 3.331236232667538887e-03, -7.149262632035112419e-02, -1.631377906352926010e-01, -2.359683958843935003e-01, -2.817827233100785311e-01
-4.216121062504930156e-02, -3.182748146800161437e-02, -2.131303828531072864e-01, -9.143282534139585138e-02, 1.342230280269163245e-01, 1.197705316659497948e-01, 2.033133828007527011e-01, 7.406492571649719511e-03, -2.426365671073229049e-02, 1.126852864170966445e-02, -2.384076803810772360e-02, 1.306269447705740161e-01, 1.751575740481765564e-01, 5.898614593963581454e-01, -6.556811088719509684e-01, -1.172984033374269291e-01, 5.885539720371052441e-02, 7.957275811005366795e-02, -1.305038123150016605e-01, -4.513909906956961766e-03, -1.548155905086123219e-01, -1.908541562069469011e-01, -4.991672215325874268e-02
-1.876365701589764734e-01, -5.077478677285592878e-01, -1.271347926244369708e-01, 1.816676392350375507e-02, 8.510996354452747548e-02, -2.696150954795019650e-01, -1.704422934493288189e-01, 1.681932762388520936e-02, -1.525028484730672484e-01, -1.787621694353150048e-01, -2.420819378440384195e-01, 2.974834907122406724e-01, 4.237446385981026853e-01, 1.019785231554992677e+00, 4.529858193801578753e-02, 7.734678638036325549e-02, 6.336082571051478152e-02, -1.428851384998697793e-01, -1.301109413326090487e-02, 3.476682083763987102e-02, 1.230695381018921848e-02, 1.136635123638680689e-01, 1.030917324480254277e-01
-3.338528441600985969e-02, -1.042885096860755478e+00, 1.809080397617911229e-02, -4.378759500117258147e-02, 2.889256436920187732e-03, -9.639514135399696038e-02, -5.180562931109629343e-02, -9.168169828203279192e-02, -2.852940977618685370e-01, -3.267693518527322039e-01, -2.865716426737067724e-01, 5.992000758116159398e-01, 8.056066605825596971e-01, 1.967582606419290725e+00, -1.006793510035007035e-02, 2.521484693824602163e-01, 7.792809962031451709e-01, 1.756415043169308743e-01, 2.223496832653518163e-02, -2.272901411454258391e-01, 5.669534107858776456e-02, -1.577427776428527162e-01, -3.866635254794292265e-01
-3.380880112776882829e-01, 9.174966315890550894e-02, 6.381830481004445443e-02, -7.912036453595547303e-02, 2.762707767311020080e-01, -7.982287361710020679e-02, 1.885236884184266215e-01, 6.118070337530280567e-02, 5.248763553207701910e-02, -1.075796986423513540e-01, 1.415134226368911785e-01, 7.342563396505621953e-02, -3.527187958633700576e-02, 2.701056296585908553e-02, -8.894929191817507741e-02, -1.535435349625162982e-01, 4.783433722661268629e-03, 6.762459993208169706e-02, 1.351964138615373290e-01, -5.370531874671823774e-02, 6.279429715289003289e-02, -5.422702278982786256e-03, 2.752491207262552919e-02
-4.266151403723404678e-02, -2.055356926578033039e-01, 1.659080211958436843e-02, -1.154463333272633813e-01, 5.312907075828958436e-02, 1.749939592262235166e-01, 2.367898262576226774e-04, -1.501474672316538139e-01, -6.711520951473285476e-04, -1.728641175126013063e-01, -2.495113543815936363e-01, 5.825073214529045279e-02, -5.065285313789234106e-02, 5.426955449911462920e-02, -8.062014204572531817e-02, 1.665654348399735751e-01, -1.701455696815616647e-01, 6.816651787061642209e-02, -8.122671131882509832e-02, -5.545103828796561773e-02, 1.418579580036234168e-02, 1.272802354718660378e-01, 3.381555020420258517e-02
4.031618199958338783e-02, 6.706768577291687128e-02, -7.145632147619393471e-02, -9.800449686531455262e-02, -1.215496303423329594e-01, -5.188043526771414504e-02, -3.262900494167818993e-02, 9.605303113525952285e-02, 8.507865300352958349e-02, 2.448454722964141239e-02, 1.573991986169392121e-01, -9.689910918727054345e-02, 3.778920307851336979e-02, 2.199247869718771661e-02, 3.896781435029317980e-02, -1.085861441055026022e-01, 2.205586141764666885e-01, 4.483626798555700316e-02, -9.007092285190219927e-02, -4.093669444643711908e-02, 1.754765147398624214e-01, 2.021214645005312005e-02, 1.567433098810669112e-01
-1.398802470240026741e-01, 1.184961668714770017e-01, -8.503713804214137195e-02, 1.155773596273900472e-01, 1.381030293900360577e-02, 1.307508750774465656e-01, -8.451457654367117156e-02, 6.029040364272798824e-02, 1.533961976171881181e-01, 1.571322753516745524e-02, -1.917214102342115756e-01, 5.294906442049750195e-02, -1.002878704254775433e-01, -2.267607160982370307e-01, 3.441659887377396254e-02, 6.666913687646308651e-02, 9.458251847843676674e-02, 1.930685263985287836e-02, 2.181836358249054225e-02, -6.719725967269307709e-02, 6.896821209238256090e-02, 3.131798817119648554e-02, -3.038011836572788657e-03
-3.645076369739738698e-02, -1.959161942883833052e-01, -8.132139060444004697e-02, -1.730429086279114403e-01, -8.495160517983581239e-02, 1.347013044898971446e-01, -1.264245674634070782e-01, 2.873923901478781309e-02, -5.354873546767235232e-02, 8.721322294658297170e-02, -3.554122870629281006e-02, -1.688981856349555275e-03, 5.697800530851122175e-02, 2.755097111949910901e-02, -1.703714801424010064e-02, -8.435115483268901260e-02, -1.019750711990454473e-01, -4.511413063331574935e-02, -1.421919750450478803e-01, 4.199067003488938382e-02, 1.773725750625876063e-01, -6.043718901873988691e-02, 2.823534005810986874e-02
4.583960218337469056e-02, -2.538651241160929870e-02, -5.925482806759843624e-02, 7.379104070346734212e-02, 2.023824101850596746e-01, 1.903332058539554394e-01, -2.557377625943221128e-02, 2.271501281447750598e-01, -1.947905736618055217e-02, -1.794252143576646058e-02, 3.708531240711863269e-02, 1.132237721883093268e-01, 2.326057941922375638e-02, -2.367640493034824621e-03, -1.668230428641858665e-01, 1.631877822195000605e-01, -2.131904407400626172e-02, -1.530169094301216948e-01, -1.472305859589894961e-01, 2.175862087473853790e-02, -1.981868999247091145e-01, 2.138968665719903628e-01, 2.424949927532175573e-02
7.364436001298897867e-03, 3.179090294603311578e-02, -1.020646462646182945e-01, 4.106312574159135670e-02, 1.592339975603024871e-01, 1.128743893727310599e-01, 2.292651428940301328e-01, 1.811113166855107259e-01, 1.474378593714812113e-01, 1.278930690092997258e-01, 5.765684176778592546e-02, 1.863642506543652932e-02, -1.077933767232720497e-01, -3.605087534642212876e-01, -2.783509283047798724e-02, 2.297956320247814335e-02, 7.060422649283440433e-02, -9.593988159740303792e-03, 1.194804764234623506e-01, -8.013460041821646174e-02, -3.153136926195502371e-02, -2.046668115815155897e-01, -5.414588943424739065e-02
-8.650925431642791930e-02, -8.119683902738161763e-02, -3.671318874854529596e-02, 2.635676847913277082e-02, 6.251956203575177035e-03, 1.064081824818794396e-02, -7.401271216142572829e-02, -7.416999685982625379e-02, -2.244727890236502751e-02, 1.192105947322853222e-02, 1.952953451772044061e-02, -8.822236671170975708e-02, 1.796283609873911280e-01, -2.012009982588018261e-02, -7.282969342539348523e-02, 3.985715881901655266e-02, -1.302796874887295897e-01, 1.205158568694737753e-01, 3.939420145311900434e-02, 4.390786829400388468e-03, -6.263226581096333068e-02, -2.454346485420324034e-02, -4.651453859896600984e-02
-6.528181206114672119e-02, -1.706812159713110011e-01, 2.435155439610305755e-02, -2.982328648693506265e-02, 8.303539573904859805e-02, -1.723605035117402040e-01, -8.302011578239593126e-02, -1.001831256256290048e-01, 1.808989415515791302e-02, -1.200765841751730706e-01, -4.038921533818183585e-02, -2.354512551696527067e-01, 1.141983244790298335e-01, 3.391584660459505129e-01, 1.281440792518441785e-01, -2.483967646561080489e-02, -5.835028660896045272e-02, -1.131570100029347659e-01, -5.207902910008063713e-02, -6.597507714766966125e-02, 9.861709289771809772e-02, -8.911735647425976514e-02, 4.675468478830790281e-02
-5.639268885402134307e-02, -4.456761866546339879e-01, 4.532611482374335893e-02, -9.746059008765528553e-02, 3.566536037967945050e-01, 1.911018484486461944e-01, 3.221840491671161266e-01, 2.924389039963665171e-01, 1.720105560503156217e-01, 3.748969910478241463e-01, 3.342397300961255091e-01, 9.556019117359071391e-02, 1.323134031131620036e-01, 2.519787178148734097e-01, -1.347225139698297880e-02, -1.501237890983541101e-01, 1.798362458476355369e-03, -2.131351081892560173e-01, -1.689973616783275456e-01, 5.459641689064863301e-02, -7.978474427867450480e-02, -7.942713769003104107e-02, -2.305248580997154573e-01
1.527735719488076960e-01, 4.420712472497650980e-02, 1.180687917980660917e-01, -1.118693492563701264e-01, -1.138054280637786631e-01, 3.895729177536574883e-02, -7.935114274819314584e-02, -3.320783381161857006e-02, -2.647609546053280583e-01, 1.228183829570012389e-03, -3.199013710967676255e-02, 1.286860181122908287e-01, -6.034719526656521227e-01, -1.538185417957114998e-01, -3.019134033656182825e-01, 1.232039425484423301e-01, 2.199075052465809255e-01, 6.567785776185322555e-02, 2.398279399690687042e-01, 2.094323956333895564e-01, 4.532685388832322776e-02, 1.149206152502876416e-01, -1.662981722931156786e-02
-9.029181311465933613e-03, -2.012922516297256104e-01, 1.929780729903879111e-01, -9.918532540318363011e-02, 5.070812763253720185e-02, -5.071375430801314949e-02, -8.071966515631362471e-02, -8.837892897414517668e-02, 6.126951816363664788e-02, -2.888338326778812637e-01, -1.714720765579178241e-01, 6.488228740188124732e-02, 3.164829144253376025e-01, 1.828842003519681458e-01, 9.379949747919071046e-02, 7.223053500652402981e-02, 3.346195529375373123e-01, 1.843674115552016157e-01, 1.240827219631245315e-01, -1.450896092843164675e-01, -5.735244983940650243e-02, 2.159312137028550627e-01, -4.144505120243249796e-02
5.351668983908391269e-02, 1.960942829473757143e-01, 1.148953832103106858e-02, 1.111793219333199884e-01, 1.587139213725840825e-01, 3.176676517116495957e-02, -1.560301495884952316e-01, 3.642067634425685818e-02, -1.846814044067345700e-03, 8.148620427991287718e-02, -1.024396893963026578e-01, 9.909410349904748672e-02, -5.226495665185925538e-02, 9.375281456770302724e-02, -1.404449114775629670e-01, -1.327743616869303533e-01, 5.016007128092309607e-03, -1.022108164785995310e-01, -3.653991135161641785e-02, 1.171788888621472235e-01, 1.649112491752124238e-02, 3.000115499532200573e-03, 2.188540011742786534e-02
-1.073108373951692229e-01, -1.664841579251694625e-01, -2.121589307434982585e-01, 1.051578203264933870e-01, -2.867362102206159891e-02, -6.284625687594282140e-02, -6.304971581179892592e-02, 5.571755463033548073e-02, -8.550654963258531860e-02, -4.841894178021294987e-02, 6.727587843631268293e-03, 9.296076710727224635e-02, 7.678556306241436646e-02, 2.283471462210096611e-03, -1.514904347567016807e-01, -3.272949076470798441e-02, -5.840087099711498836e-02, -8.073544165147224227e-02, 3.220411067172390118e-01, 1.660572078044399158e-02, -5.774916795898881600e-02, -1.554563935566503630e-01, -1.596728133020400564e-01
5.895346988359726620e-02, -1.311421983189187679e-01, -8.210368797827362775e-04, 2.933973554635609451e-02, -2.606466453624789806e-02, 1.281103287108462385e-01, 1.374057510307407359e-01, -2.748097981287954683e-01, -1.788884273236582001e-01, -1.537844344182264511e-01, 3.873846061388338982e-04, -9.202220138293843929e-03, 6.456675291501910718e-02, 7.977069195934231860e-02, 1.266364007594593111e-01, 2.855213174309716995e-01, 1.430695458165753553e-01, 1.690484510029346965e-02, -6.124901207167553902e-02, 9.884265939111952504e-02, 6.708697789681135337e-02, 5.790073341789746253e-02, -6.122458881406597081e-02
5.698518894159278897e-02, 1.608453674829053159e-01, 1.021259916837195941e-01, -1.148030712717280771e-01, 1.769994838099971379e-01, -6.456486696781162105e-02, 8.274521580448412905e-02, 4.143121246853384565e-02, -2.425285781896673043e-02, -1.958991498859815050e-01, 1.570937194707020326e-02, 1.771226244386868431e-02, 8.804217025440837230e-02, -3.331584608449689872e-02, 1.357877784280477618e-01, 3.623467695753602308e-03, 2.959644507760544191e-02, -6.252835356619101947e-02, -7.826269096844006012e-02, 8.161146726165342813e-02, -6.768210828704637749e-02, -5.426944119018622253e-02, 2.794582450660361705e-01
3.638981363584853357e-02, 5.060139067328195406e-02, -8.414127545426784011e-03, -8.049358657887384361e-02, -2.125350006598033248e-01, -1.763919020832027396e-01, 4.978356443578069862e-02, 1.650139528732906535e-01, 1.582944516277111358e-01, 2.409645676625172817e-01, 1.155492130858924993e-01, 1.519339690478020977e-01, 1.104036122490562218e-02, 1.197176102116803611e-03, 1.048009587924270819e-01, 2.856713943231966452e-02, 1.058199346572150368e-01, 6.812000080058734641e-02, -1.917718389759299202e-01, 1.245903662716949800e-01, 8.303635156444749699e-02, 1.354471534559468782e-01, 1.541458297720469869e-02
5.155715824831048205e-02, 6.815414963182768460e-02, 7.363576387909466503e-02, 5.446977453578950162e-02, -1.941199875596958391e-01, -3.601552741945299174e-02, -3.888390092786849772e-01, 7.400534958830069787e-02, 8.050310915697650449e-02, 1.150991515230109230e-01, 1.356081907406176193e-02, -1.542011420970961499e-01, -2.444301887875386659e-01, -1.334386504592951217e-01, -7.817587000863118751e-02, 4.009417049602021638e-02, 1.174147321800986521e-01, -1.653502466174986973e-01, 9.938574396480379103e-02, 1.074619542789188587e-01, 3.583380975604578966e-02, 3.962299968662150174e-02, -2.543157368628114548e-02
4.485513000157382441e-02, 4.443170652592046133e-02, -1.862855107226321638e-02, -2.974938481494341248e-03, 1.481817336373355935e-02, -2.338015489836351313e-03, 1.201241518906376662e-03, 1.641503233669253103e-02, 5.774824813466724466e-02, -2.053820134543846154e-02, -1.443965483564512708e-01, -4.794620997674207768e-04, 2.186534391069877292e-01, 1.035187125472378789e-01, 2.105289981677660807e-03, 3.526325623345350890e-03, 1.721662467615550363e-01, 1.577197503568328052e-01, 1.152617155239974850e-01, 2.623368670426097504e-02, -5.441132465506528376e-02, -7.860371315249772839e-02, 1.412167700644218205e-01
7.958591502245376814e-02, -1.549891125651937235e-02, 2.421747172406503792e-02, 1.898990144280333567e-02, 1.267205673199650780e-02, -2.050775482062764388e-01, 1.780273632451024046e-01, 3.001173423732361040e-03, -1.280758777702294404e-01, -1.100921657477579724e-01, -3.470978634765911064e-01, -7.015583788593100778e-02, 1.884945398818173856e-01, -8.451947791684209788e-02, -1.074659734555672569e-01, -2.060940293033722628e-02, -3.788239417234414656e-03, 1.401384427310088665e-01, 1.463382689302545614e-01, -6.649243676626194477e-02, -1.426729630822514694e-01, 9.565311865786056689e-02, -3.304925062251382745e-02
4.816232891058280091e-02, -1.594980179156799682e-01, -9.333472452947098874e-02, -1.051180391051771551e-01, 1.842542558273732034e-01, 1.500517050417786991e-01, 4.338920825403852488e-02, 1.887514877170028693e-01, -1.101866943660515658e-02, 2.013820317124041248e-01, -1.194436590495475958e-01, -2.186486991479161812e-01, 1.059992769529790047e-01, -2.515885806426627555e-02, 2.161630558709263239e-01, -9.485876270950317768e-02, 1.796837049229275951e-01, 1.539909113800215779e-01, 6.585001749720682807e-02, -1.427364547695028074e-01, -7.910033516270766063e-02, -7.629850801761237089e-02, 1.201991590458780096e-01
5.278084463690151801e-02, 2.461494960379137231e-01, 1.480535127283710006e-01, -1.034104322390995978e-01, 2.884413694227875788e-02, -1.767044979044585795e-01, -1.153142268054232903e-03, -2.420205696906471693e-01, 6.523597303603538566e-02, 6.615526423858926475e-02, 1.233796310939444252e-01, 3.813258806058189565e-02, -4.053128135339569699e-02, 8.874720394933567624e-02, 2.286454942412262034e-02, -1.024585485503691669e-02, -9.413554527921916271e-02, 5.597108641544579211e-02, -1.068018920399700922e-01, -2.542385759837192949e-01, -9.344773177448902068e-02, 1.253752119429616188e-02, 5.089901515179453412e-02
-1.368859914516416809e-01, 3.823192566928657055e-02, -6.509372929837434207e-02, -4.941867542226140164e-02, 5.299840439171501355e-02, 4.358458409761501590e-03, -5.817855573015218856e-02, -2.544635763244461335e-02, -2.669040092422866883e-01, -5.787936145316553704e-02, -7.254879745444914318e-02, -1.796994426327159777e-01, 1.173914613252530909e-01, -1.211025291063838744e-01, 3.517841802005839541e-02, -1.126284983400775014e-01, -5.325640071396271769e-02, 3.909996464527677046e-02, 3.818397695122085350e-02, -3.244325647256333239e-02, -2.168146712892568273e-01, 5.143853048888959861e-02, -1.077669093545132774e-02
1.288919888638166422e-01, -5.795217896082702214e-02, -2.070401499021980868e-02, -1.152866830972803652e-01, -2.352584620506406321e-01, 1.508643192224395392e-02, -9.291794367177794167e-02, -9.219927357856966266e-02, 2.384806265602560944e-03, -9.002280561930771363e-02, 1.786386569245668882e-02, -8.149710851026166492e-02, 5.495962811931329531e-03, -1.503147185361723981e-01, -3.503336334370475702e-02, 9.105551524888651216e-02, -1.640269342751515258e-01, 2.997320202970567629e-02, 1.067599175783196658e-01, 4.322929893388285233e-02, -6.964097798528182115e-02, -2.158815360491869451e-01, 2.549570079394220534e-01
-9.553872359837403683e-02, -2.566213100376821266e-02, 8.495683069686867095e-02, 7.854919336248272765e-02, 4.254426553837711150e-02, 6.362686007604598237e-02, 5.286124928583346011e-02, -7.644221296114792064e-02, -1.794282415820594723e-01, -1.521296452851229331e-01, -1.819685612840708441e-02, 1.553468705771547664e-02, 4.329846662143480712e-02, -1.180616692135391804e-01, 6.627017638091347793e-03, -1.540664790990471933e-01, 3.569837228702681109e-02, 2.582765701780995529e-02, 2.402066421007457986e-02, 1.085544612130416864e-01, -6.890407105389345643e-02, 6.935137245858549737e-02, -1.736515667579419386e-01
1.711816808491693487e-01, -2.276303200087135825e-01, -1.362723902361590023e-01, 3.441165594913369458e-02, 1.827314806702029157e-02, 1.895348660406333818e-01, -1.551106066243409555e-02, 3.046276162153317008e-02, 5.716388586818616641e-02, 8.917358752587639659e-02, -6.220949555639788964e-02, -1.926664058159222592e-01, 2.596771892248959657e-01, 3.617415603203052443e-01, 6.516231700689610606e-02, 9.542525358786421719e-02, 7.374948553798052475e-02, 4.507851688189293271e-02, 1.020580766232286191e-01, -2.521457885402268451e-01, -6.946303189677474621e-02, 1.839690461932689744e-02, -6.785353091172621753e-02
6.652179817265568840e-03, -2.619984556399564957e-01, -4.423711361321673585e-02, -1.958003617340927163e-02, 2.500433974085032873e-01, 2.189813575083746078e-01, 2.239556579795326241e-01, 2.899636128086658382e-01, 3.120890608389777499e-01, 1.816402814391375464e-01, -6.223996240787558337e-02, 3.850303056709358795e-01, -5.402632855052019734e-02, -4.205542712380904713e-01, 2.858523905715825153e-01, -1.208610389655101619e-01, 3.256530251797205566e-01, 6.968026262879468968e-02, 1.963686735546636419e-01, 4.135537101476728650e-02, -3.306689923073144466e-02, 6.572601797429199200e-02, 1.320788604505746811e-01
1.457898756192309818e-02, -1.151517344593029624e-01, 1.381083234087325251e-01, -5.093214671488204004e-02, 2.341378078397927665e-01, 2.893685488707425577e-02, 2.074500570205702610e-01, 2.272620543897393153e-01, 1.971198902503336903e-01, 1.370117305519624185e-01, -8.069204223600966175e-02, -4.250783284916508364e-01, -5.819541301709810766e-01, 8.374777862408158691e-02, 3.238401272558262267e-01, -1.801133565029848227e-01, 2.392477593620688237e-01, 6.901996524776127240e-02, 2.262832926770314557e-01, -9.776836209189884719e-02, -1.202755720774384939e-02, 2.430851102441092954e-02, 1.597462757518386400e-01
-9.931422956461198603e-02, -2.857192876707363022e-02, 4.178126039907543998e-02, -1.504373540771470619e-01, 3.575119492697533818e-01, 1.218077753864897361e-01, 1.956694964503622736e-01, 2.897852745127313945e-01, 1.534246865232613277e-01, 1.758024959347543881e-01, -1.706907227647020131e-01, 2.173712479466070324e-01, -3.921360102339492559e-02, -3.909374530480844712e-01, -1.906766881120348575e-02, -1.229841726933540158e-01, 1.431965822577093150e-01, 1.478983342488492114e-01, 3.489522510118677756e-01, -1.633538013555173585e-01, 1.071269459606503244e-01, -2.413964017846945698e-01, -5.755566099728923191e-02
-4.961427768996268944e-02, -3.296900898973761374e-01, -6.435815658755557334e-02, -4.764001780444484559e-03, -4.945137027938211610e-02, -5.398037231719025192e-02, -1.095598929838274838e-01, 1.064224648438726398e-02, 6.183014891613693165e-03, -7.029104742157459007e-02, -3.546351902740517426e-02, -1.056004804843369282e-01, 2.333373439651149350e-01, 8.137093130732707680e-01, -9.171838745970108120e-02, -9.841554943564525745e-03, -1.248429049633540365e-02, -8.922762668831374713e-03, -5.843760849444617003e-03, 1.180438908300711354e-02, 8.616933292454251325e-02, 4.991079028143317886e-02, -6.292579995172523782e-03
-1.389744787945635662e-01, -7.812739680956867216e-01, 5.407037803243863044e-02, 1.611680168543005998e-01, 7.222145598199797289e-02, -1.528486468142280785e-01, -4.591541213679840167e-02, -1.397571119980681870e-02, -7.185533634311808138e-02, -8.657919329064052080e-03, -1.315267081265278915e-01, 3.948840243380663528e-02, 6.391374810132589568e-01, 1.517681908006980551e+00, -1.311368113612626334e-02, 1.449006256602809739e-01, 3.117115111178190845e-01, 2.018888660592355055e-01, -9.592234166187700584e-03, -1.625168315826070742e-01, 1.058465160939865007e-02, -1.310691450256311688e-02, -7.324065622667870652e-03
8.126952296896582106e-02, 1.075689279599699316e-01, 1.131158299146265908e-02, 1.121543781941301554e-01, -5.645611214911939318e-02, 5.700476962825806737e-02, -3.384000647314372445e-02, -9.521982111119911552e-02, -1.945338222760594205e-01, 1.072987838743250238e-01, -1.448314213812065543e-01, 1.765161184049135745e-01, -1.363398035593580901e-02, 5.972011175657859772e-02, 1.728480653666332190e-01, 2.093126707866512295e-02, 1.358102313701023689e-01, 1.607401728373175354e-01, 8.595231977892670017e-02, -1.084878213887440629e-01, 8.203164881158621358e-02, 1.320768201593475744e-01, 2.769936055624408824e-02
2.017937562923104722e-01, -2.393869884162589390e-01, 9.749142651614903232e-02, -1.021293920862808291e-01, -1.556198999104290437e-01, 9.965969097279345212e-02, -5.662338296505329410e-02, 1.018750136123121042e-01, 9.624053058136085304e-02, 8.818013099336897975e-02, 1.769925451886994114e-02, 1.326731781480652295e-01, 1.766599723835219626e-01, 3.056610276688365158e-01, 1.473127537899253936e-01, 7.208903657009233489e-03, 1.057167031467977636e-01, 8.649530636958672331e-03, 1.447606927371322405e-01, -5.380608935952525818e-02, -4.307883122905399598e-02, -1.721825388234490828e-01, 8.388438203911967317e-02
-1.719709976314014732e-01, -3.354685763641070406e-01, 1.079182424505421845e-01, 9.561358505393087459e-02, 6.180451125318562472e-02, 1.423101397170943305e-01, 2.276437998737731450e-01, 2.704280550133365546e-01, 1.010520853439817041e-01, 2.052145426249462126e-02, 7.222177426025296054e-02, 1.733774799179648163e-01, 2.664586883316772958e-01, 2.694144485193316618e-01, -5.574170869645471774e-03, -2.171617784633208537e-01, -1.848538194682462221e-01, -3.664218196870680511e-02, -5.964013877567202887e-02, -9.172745132175712246e-02, 6.382433928277422841e-02, 9.473967072135582035e-02, 5.813124691313441283e-02
-4.409103755511992878e-02, 9.981802657913690924e-02, 2.495123473636838216e-02, 2.041543695907344635e-01, -7.401734554179541237e-02, 7.240815930921253030e-02, 6.892879751733847760e-02, 4.322470669826189438e-02, 7.751256656956345692e-02, 6.947834203486288884e-02, -3.317612171945043958e-02, -4.852250592138809132e-02, 1.585713861027821803e-01, 9.773716324278805545e-02, 3.060768557437092488e-02, 3.553973303236208914e-02, -1.314015935986935502e-01, 9.475337116302615451e-03, 3.504917654979478742e-02, 8.235451252754218132e-02, -7.031187316756910832e-02, -1.147126467743504324e-01, -3.066210890711500853e-02
1.084183148426196841e-01, 1.294807493169165824e-01, -9.803538893001643995e-02, 8.585431655609848667e-02, -2.007582872127660900e-01, 5.831704964262553192e-02, 9.090042878592337339e-02, -2.139338022578946355e-02, 6.808141039099353288e-03, -2.043287290665217193e-01, 1.690871467432737696e-01, 1.262492709400491186e-01, 1.890495078307800197e-02, -2.327679146317083309e-02, -7.458568082082195350e-02, 9.651122676826797558e-03, 1.106229843232407195e-01, 1.603618059039256527e-01, -1.157832624692261376e-03, 2.233662663287586392e-01, -1.612812530506814168e-01, 3.621462674134903748e-02, 1.791534162093164906e-01
-8.923266924373508824e-02, 1.707483040042622191e-01, 5.161176777732471438e-02, -3.687237660800146699e-02, 9.019700230711558131e-02, -8.517372507618231614e-02, -5.648725335248053550e-03, -4.416680470556007265e-02, 6.090399980608886960e-02, -1.424614964618609557e-02, -6.975118927817137993e-02, 1.334453824562476798e-01, 1.600268337844958644e-01, -2.773002662520228645e-01, -1.260569337320388839e-01, -2.522361711996657929e-01, -1.232861087188507621e-01, 1.900503876203923914e-01, -7.188587582006487897e-02, -9.513274709776409210e-02, 8.239842918841618069e-02, -5.121273277185416084e-02, -4.154807050665357271e-02
4.365196610312552239e-02, 1.629579237758562171e-01, 1.629854627770801756e-01, 5.335984504643827286e-02, -2.067795070934957957e-01, -4.370244237061438053e-02, -1.657301889956244723e-01, -9.555177671596967737e-02, 9.807121061217645430e-02, -3.955134617569899813e-02, 1.448332983248483419e-01, -3.920439982685361424e-01, 1.517228695124283044e-01, -1.479454372246234439e-01, -2.858078819182006125e-01, -1.938183896102033121e-01, -1.484692178418259845e-01, -2.379117373818459905e-02, 6.440896215149827242e-02, -3.870485624524807461e-02, -1.899118915164936527e-02, -9.175307097479362684e-02, 1.598311094552914702e-01
1.471022973251339960e-01, -2.034631888814081579e-01, -7.774640904178239942e-02, 5.974141380498106807e-02, -1.987216169725240095e-02, 3.291247883560204091e-02, 4.462441377529197399e-04, -4.080536890466146191e-03, 5.525094915965548387e-02, 1.346179386867029926e-01, 1.516277884919769448e-01, 3.618790094634016796e-02, -2.025115298618068022e-02, 2.621128803398086946e-02, 6.743888727945672457e-02, -2.569084167333341578e-02, 4.308542336933026545e-02, 3.252059567421611286e-02, 2.471742888674134317e-02, -1.512526937183321929e-01, 8.995298370138928024e-02, -4.686200628492753761e-02, 1.169555954411824993e-02
-4.380206657406006399e-02, 8.623474512814821580e-02, -4.795873290737792671e-02, 3.230030737425190843e-03, 2.528833487843423072e-02, 9.152255193682699852e-02, 6.844454014064862979e-02, 1.140279701687838820e-01, 1.964262907977675221e-01, 1.220680136010851742e-02, 6.806063918138256785e-02, 1.885110002187436462e-01, -1.792427286456410307e-01, 1.533234612476390701e-01, -2.638840125607361253e-01, -1.177622754648282033e-01, 1.621280592585865321e-01, -1.916346893879815674e-02, -4.256028970069469786e-02, 3.155107380478904683e-02, 1.529378440155766405e-01, -9.816888550540857350e-02, 5.945477061735703062e-02
2.725323776508542517e-02, 4.219307593826045893e-02, 1.118160940428633704e-01, 1.369506678597001981e-01, -5.205986606776494274e-02, 3.757596111804500927e-02, 2.803821682962605311e-02, 8.457898767223852310e-02, -8.755170043818008563e-02, 1.831241362917983562e-01, 2.047607131861198249e-01, 2.273160166444475050e-01, 4.665918817391405682e-01, 1.142689881635759602e-01, -4.024044666024614858e-01, 1.368307742904458224e-01, -6.435151696591895343e-02, -2.148891020978216104e-01, -4.472901048418484460e-02, 1.493714503836390262e-01, -1.165020068020686250e-01, -8.368804192444214297e-04, -1.722428508446869344e-01
-4.868668764267928932e-03, -7.969158281544003186e-02, 4.808697858142287063e-02, -5.240058691055830831e-02, -1.187305183774493150e-01, -1.286808998809872012e-02, -1.585050918192388580e-01, -5.177610297157838465e-02, 1.848356334092945974e-01, 9.969387753372688232e-02, 6.869377357925379735e-03, 2.334623333215735466e-02, -6.986755312043038679e-02, 3.508570355396553597e-02, -2.144219276684548176e-02, -1.688105217531030988e-01, -1.158298101792372276e-01, -1.504356444922198832e-01, -7.295767860012264405e-02, -3.052618286038598361e-02, 1.658673896181435126e-01, 1.116401294431281777e-01, -9.836111819276077348e-03
6.175859841975495090e-02, 1.156858514334205001e-01, -6.414696539175179790e-02, 8.046357630670855632e-02, -7.723202946325098683e-02, 8.578612803309659807e-02, -5.042026685483006615e-02, 6.498301034236154960e-02, -4.028331437086703909e-02, 7.168437761045805268e-02, 3.266688981109748258e-01, -9.459733413637491650e-02, 4.414793010692656672e-02, 2.013892283591893831e-02, 3.431031812450923563e-02, -2.067335856677122163e-01, 8.775921061019349712e-02, -3.789111458980304326e-02, 1.912147639301695068e-02, 1.303597429929629070e-01, 5.287239019057281969e-02, 1.177398004479251609e-01, -1.768402526387232165e-01
1.144590368398685498e-01, 3.965826972959330537e-02, 4.408762592856665247e-02, 1.093533002373098251e-01, -1.779685396547487364e-01, 9.110535067964121991e-02, -1.777278255954159170e-01, 1.951562443500181113e-02, 2.104742898957714936e-01, -1.586753305395294800e-01, -2.068888342277697689e-01, -1.625741658879232832e-01, -2.842330155998800678e-01, -4.244972699381368425e-02, 2.526210085321802662e-02, 1.104997070660045620e-02, 8.401147700730343670e-02, 9.461860997926568873e-02, 1.452369842241126863e-01, 1.010193039295251699e-01, 9.699785215816757178e-02, 3.259561239536739458e-02, 2.808303443427879326e-03
-1.800658553325599869e-03, -1.474144452332564192e-01, 6.195745061173570795e-02, 3.609849616381895915e-02, 4.159272875230721894e-02, 1.989510688899696900e-01, 1.454312545868574613e-02, 1.930644712355052695e-01, -3.866612508091481909e-02, 1.497794167321238601e-01, -4.981831343278263907e-02, 9.596663590205255223e-02, 5.489074934532145456e-02, 1.351097097410590142e-01, -1.672377935909707264e-02, -1.118711121559639449e-02, -2.181812612252684025e-01, -1.564795270322477116e-01, 2.743885580296565388e-02, -1.006963802060617530e-01, -1.979685160026676827e-01, 5.176438162211116287e-03, 7.156184991252702299e-02
7.477092492071933660e-02, 1.094618408672131254e-01, -6.764356422081375941e-02, -2.825961049143724257e-02, 9.583796045011342205e-03, -7.164016818495666516e-02, 7.755503557944647131e-02, 2.539836341417250898e-02, 1.120098826387929403e-01, -1.209589068725483094e-02, 2.056395485656426630e-02, -3.965588755023640583e-02, -2.948586077809247502e-02, 1.600467821125867718e-01, -2.123911481458119407e-02, 1.492765727396634379e-01, 5.608503294408537232e-02, -1.458681008660693730e-02, -3.458672621084920434e-02, -1.496492502300526828e-01, -1.379442037196773607e-01, 1.181015112674574652e-01, -1.071484200192031749e-01
3.912027183640914840e-02, 2.325143472032387831e-02, -5.616503091476483800e-02, 1.620458478850060960e-02, -3.020220507862809295e-02, -1.797705025228776010e-01, -1.815883965914715653e-02, 3.852928420087777667e-02, 6.018317628192560581e-02, 4.161887737598907178e-02, -4.622446588883811353e-02, -1.055540830401904689e-01, 1.041928558990043024e-01, 1.289700559822813501e-03, 2.592451092316965799e-01, -3.989986867812717747e-02, 5.602985325418943785e-02, -4.026737165505946819e-02, 4.705464796751576001e-02, 7.937117806941931808e-02, 9.164153007388198963e-03, -6.276893393534220544e-02, -9.891955199006355684e-04
7.286053476145634700e-02, 3.877326253475479271e-03, 6.277192666430851664e-02, 1.161813303767268886e-02, -3.530055346122926152e-02, 3.585659761831224562e-02, -3.858794527125299079e-02, -2.527521834214875585e-02, -1.135835753570797885e-01, -7.485844152433391609e-03, 1.185752683139770225e-01, -2.765586121658047403e-01, 7.683697131500612232e-02, -1.766632392311412794e-02, 1.093972776374587813e-01, 1.160285972273461808e-01, 4.373429381505937463e-02, 7.396781012046829522e-03, 1.556567018443505701e-01, -7.486431290994896570e-02, -2.526309021425153858e-02, -4.831837637197263641e-02, 3.461610276056340928e-03
-1.191978037902941684e-01, 4.615506891253594313e-02, 2.599660914199209989e-03, -7.380092123251456859e-02, 4.145454217723254509e-02, 2.206963089715091933e-02, -8.153807833594979571e-02, -4.553342688968156637e-02, 5.945288626095827228e-02, -2.139867459401051941e-01, 9.422669789211227109e-02, -3.188977910587406095e-01, -7.941918034795057701e-02, 1.830503651808515764e-01, 2.665577807157626031e-02, 1.005792303647462249e-01, 9.165341863945372647e-02, -5.604107054559213583e-03, 1.200148091721628119e-01, 3.970601145056969900e-02, -9.234079851637382041e-02, 7.717907681022267985e-02, 7.204234650051702903e-03
-1.041329725251788352e-01, 1.920756794454722971e-01, -1.844213124754884026e-01, -1.301565955717281509e-01, -4.355128119323144198e-02, -9.755001193781909219e-02, 4.356336808608371469e-02, -8.632218600052223717e-03, -4.536859774186737665e-02, -1.883832520314086822e-01, 9.964850528297276855e-02, -2.640011250019637101e-01, -2.676538962846010672e-01, 1.372732766009399086e-01, -1.361276597965514201e-01, 9.685917153160600312e-02, 2.658111097558004884e-02, 2.077309727288724137e-02, -6.611054351685688446e-02, -1.299611522856140497e-02, 3.577237552939265680e-02, -5.288854664586083859e-02, -1.160377106136774306e-02
-7.298574070150577742e-02, 3.124123889618015681e-01, -7.211895679520254065e-02, 8.600563085813552749e-03, 1.939763595666756102e-02, -3.286471350405243547e-02, -6.230903920461940831e-02, 2.071825750802274713e-01, 3.013698379116117598e-01, 5.543222766554611880e-02, -1.264522706162945209e-01, 1.509400312950323064e-01, -3.047835830159937864e-01, -7.031089546435713711e-01, -3.528953732502145696e-02, -4.856019640522680342e-02, -8.490698057630155504e-02, -9.615850353747205578e-03, 2.723090275123951631e-02, 1.801434467317001853e-01, 1.533279240082684181e-01, -7.858509226173224227e-02, 8.475955869232545958e-02
1.274864532440666554e-01, -9.724128597501242866e-02, -1.596564127275854755e-02, 2.743850403244100719e-02, -8.561309545933737386e-02, 1.420316064580772475e-01, 1.903481641073934416e-01, -1.293582106888428382e-02, 1.212886247565434297e-02, -1.837606869295969614e-01, -7.231834797105257673e-02, -4.672276119665837169e-02, -8.564893070455664378e-03, -1.815054706754041028e-02, -4.398339738553830314e-02, -3.378282025159334151e-02, -2.608728482711924947e-03, 4.501847071314708792e-02, -1.092117732892961546e-01, 4.514761893584710167e-02, 2.483890524558817620e-02, -4.429562945197481651e-03, 1.762203718760984583e-01
1.366407050594673107e-02, -2.175593345851160876e-01, 8.006695781997769101e-02, 3.013683304822361003e-03, 6.461742042573420663e-02, 1.523959407871847971e-01, 4.468449904042750415e-02, 3.389135012235641037e-02, 7.396367754355399893e-02, -1.762858154142659187e-02, -9.894029430522536389e-03, 1.309544093452837121e-01, 1.370628938827590793e-01, 3.061828168131252581e-01, -5.211252226136234983e-02, 3.278450264570397232e-01, 8.140604685965867338e-02, -1.765203990426973679e-01, 3.451808448825285924e-02, -1.559253547190803946e-01, 9.205245487642582658e-02, 9.564305894537028507e-02, -1.714270272198992456e-03
-3.390146429588911103e-01, -1.068846709739824652e+00, 5.061568591420654434e-02, -7.648034573026198102e-02, -3.810906189590670262e-02, -2.086487516837813583e-01, -1.671941599533242062e-01, -1.616895380100512036e-01, -2.390406758907038798e-01, -2.616221032509455924e-01, -1.229545561885652949e-01, 5.435106645604255160e-01, 8.224652927896485277e-01, 2.025751581090760478e+00, -6.713402859350057518e-03, 2.878167261850223535e-01, 5.756462290319728226e-01, 3.253282228229678053e-01, 2.052989732210299192e-02, -2.085844573492027787e-01, 2.723513465223904514e-02, -1.034756147761379530e-01, -3.380721719945551373e-01
2.304209582631293329e-02, -1.207802265703411537e+00, 5.622025424081684986e-02, -4.645628228201242188e-02, -3.362022466507323670e-02, -1.920724644017407501e-01, 1.592114103528283892e-02, 6.189124404556545223e-02, -2.422115848631643531e-01, -5.302991170488333822e-02, -1.288396830901566148e-01, 1.460866490622989011e-01, 1.009981278544527905e+00, 2.280381692777331715e+00, -2.186862426835651380e-02, 5.506794969496904280e-01, 7.306011328492744150e-01, 5.806069414378723509e-02, -8.446002955406589630e-02, -1.071002747961017632e-01, -1.116701103728831579e-01, -3.023211970076372102e-01, -2.576639345427251260e-01
5.192552910903476537e-02, 2.280805451209803048e-01, -6.517064774865062582e-02, -1.994546716926157148e-01, -6.659021221409516800e-02, 1.879454757876423132e-01, 6.958622217330799609e-02, 1.194929227182544851e-01, -4.360786054247101085e-02, -3.912305143172239291e-02, 3.692946101915561830e-03, -2.523995466497849088e-02, -3.201048336973182917e-01, -1.317129155114571404e-01, -4.435641758125270090e-02, -9.236357088820629224e-02, 1.611986494129096295e-02, -3.816195947745763470e-03, -2.259551019631013125e-01, -2.126293730361264109e-02, 9.207959241470907441e-02, -2.834518197081896673e-01, -1.829333280056006372e-01
-6.609708787707248290e-02, -3.743353646084630892e-02, -5.655676425846641042e-02, 6.003228846402078323e-02, 1.458402325368432680e-02, -8.589694290475663463e-02, 1.460539533450344596e-01, -9.672600853331773246e-03, 1.346436699439004792e-02, 5.581471362470488695e-02, -3.670676745622196424e-02, 2.542483448235703936e-01, 4.748998922154228364e-01, 1.043203018302602120e-01, 1.227047070632282660e-01, 1.434902946538049381e-03, 4.204929074739422595e-03, -2.647816350025639642e-01, -1.589845049424685464e-01, -1.330403896296481481e-01, 2.005044832263891061e-02, -6.888840280327089560e-02, -4.518031160499820509e-02
-1.313515881122462314e-01, -2.626164459109207525e-02, 1.172120724960531435e-01, -1.972624508406417218e-02, -1.648035717697853009e-01, -8.452747890307565903e-02, -1.115047327333524990e-01, -8.895655743120918502e-02, 1.797508688407999100e-01, -1.940606919553814966e-02, 1.395261235492029073e-01, 1.568383596271197555e-01, 4.565709440698681454e-01, 2.649966310938610126e-01, -3.097425661728827606e-01, 1.810797530508342357e-01, -1.899188864467090399e-01, 3.469969860147452661e-03, -7.263652561244075823e-02, 4.450090462426482124e-02, -1.294651489824475421e-01, -9.890273936761956319e-02, -1.032507176526426124e-01
7.470882545244003636e-02, 3.517923622012467111e-01, -1.131480354050494325e-01, 2.902829966589988431e-02, -1.658135528859927266e-01, 2.154263122716431125e-02, -2.369130939762976451e-01, 1.069953571390500208e-01, -1.666834364271360114e-01, -2.476992396622458223e-02, -1.469346816018549384e-01, -8.867027946006136863e-02, -3.661026278865995853e-01, -3.780359709806562774e-01, 8.022692705871184438e-02, -1.925295029128397395e-01, -3.034669328660458687e-01, -3.620576869555678368e-01, -2.138083128812104661e-01, -1.608654547876910701e-01, -1.365475147182298732e-01, -1.934333780464373917e-02, -1.107547445160137756e-01
1.527834671281534142e-02, -8.363913895279435906e-02, -3.521733163246014431e-02, -6.661953862790923053e-02, -1.433779620813599165e-01, -1.068465009189619869e-01, 6.483375046240957666e-03, -1.390890413121559539e-02, 7.369166263919400828e-02, 1.683215982648104125e-01, 9.939206306253024759e-02, -1.035774595234596196e-01, 8.190729114730571289e-03, -3.102286680168953384e-02, -7.763159021170144836e-02, 5.685973497864212078e-02, 1.709375301925251250e-02, -4.733512746928886933e-02, -5.915880076690831907e-02, 2.017656753771041589e-01, -7.737948730860509661e-02, -1.134946628273171831e-01, -2.191875930022253380e-02
3.139751851913102909e-02, -7.029154582971361420e-02, 2.036382580143215604e-01, -8.125971410993938771e-02, 7.648664091444339064e-02, -1.526819301528544448e-01, -2.380835117179234961e-02, -1.000694178587509947e-01, 7.504053755609785270e-02, -1.269186009955348970e-01, 7.911402259713125329e-02, -1.381186242379440487e-01, -4.607825284684616968e-02, 5.597212213588011881e-02, -9.243835051265421321e-03, -1.147250896468470505e-01, 2.448791320019417725e-02, 5.103780930396376037e-02, 2.455034475849407760e-01, -2.580798644242272843e-02, 5.396113634978751128e-02, -1.310078783214375063e-02, 7.596696911309440241e-03
1.045174016625033536e-01, -1.351044227992120039e-01, 5.627700048782583245e-03, -4.137578073691070002e-02, 1.798265887490335321e-02, 1.054822779596821386e-01, -6.130142049133154719e-02, 1.701507438158885365e-03, 2.518283893512692773e-01, 1.610541161434561885e-01, -9.256702947072388554e-02, -1.656526497308732360e-01, 1.272276453878888602e-01, -8.639569659984022709e-02, -1.299858748723430601e-01, -1.869817549834865145e-01, 6.578305057665721767e-02, -3.127017553588959560e-03, 6.953739380680601379e-02, -1.590020103816407529e-02, 7.863379133013582989e-02, 2.027073451216743205e-01, 1.577709954933476447e-02
8.787703166837836088e-02, -6.022432117762317738e-02, -7.023462380231990099e-02, 1.275154621309276815e-01, 1.243734288504505237e-01, -1.844499615609691279e-01, 3.791325530172976171e-03, -1.224643567244466519e-01, -4.169457512814202932e-02, -1.717232348524258545e-01, -1.119325841957068482e-02, 4.206532808961246234e-02, 2.444765096803083737e-01, -1.482917595070629979e-01, 1.252873050384071263e-01, -2.330721290810074467e-02, -2.336267567988558475e-02, -5.202470964205362786e-02, 8.959826369451880101e-02, -5.282616723805437856e-03, 6.747390965716687505e-02, 6.978076654386965172e-02, 2.594140848743456407e-02
1.312236104986445329e-01, -1.258088360473297029e-01, 4.031512738032783094e-02, 3.939380780760140532e-02, 5.244532225966432037e-02, -5.344014451621317136e-02, -4.427355440377768458e-02, -5.925707426067649414e-02, -1.323690215265912185e-01, -9.689285945105138853e-02, 1.253291731873324988e-01, 2.236501711776321677e-01, -5.197219405177847321e-03, -1.263095995250610171e-01, -1.386192244367385508e-02, -8.449270327117891499e-02, 1.218624967481599930e-01, 1.043852731007262891e-01, -1.244228389968250748e-01, 1.230551996901669554e-01, 2.335556279737175528e-02, -2.631535556084468319e-01, -8.627091407667103473e-02
-9.399646007878967313e-02, 9.511543201251329571e-02, 1.786288967871859854e-02, -4.792615802947966519e-02, -3.227382112189797810e-03, -1.407901531913121895e-01, -1.051894843079048125e-01, -6.564435603782448059e-02, -7.313930378450417442e-03, -3.460176091298067247e-02, 2.031667784973549273e-01, 9.432944497393010164e-02, -6.682604667793061448e-02, 3.595508435903038008e-02, -7.783241857827491450e-02, 3.093010486307839688e-02, 8.796224422506616902e-02, 4.026389650429365585e-02, -8.042493859203821149e-02, -7.470590563403735340e-02, -2.270683080771440220e-03, -1.229038062585130070e-01, -3.080230052091394444e-01
3.654806989366210512e-02, -2.169332888237720525e-01, -1.292930797120077080e-01, 1.322116927660726693e-01, 1.508361906563374100e-01, 1.582371896067106543e-01, 3.284193350098153080e-02, 2.271640709158590787e-01, 2.514035075983047859e-02, -7.623158540348918058e-03, -1.294169474172557344e-02, 1.658642116740954020e-01, 1.436599889915956274e-01, 1.796480362556599208e-01, -8.336493762437934343e-03, 3.088781292873143958e-02, -1.581432292954458307e-01, -1.112367872033981492e-01, -7.005816898902016143e-02, 3.596270454407298617e-02, -3.148706829032992677e-02, -2.627477307969344200e-01, -9.253503721395218984e-02
7.909127297026750936e-02, -7.861841182625346758e-02, -3.923496210965299325e-02, 9.261699689090186795e-04, 3.611749572675433395e-01, 2.523813946828153409e-01, 1.874971910514879880e-01, 2.525236101729112503e-01, 4.346116798235128975e-01, 2.838803504706876590e-01, 1.098088351863346079e-01, 1.824315251336026955e-02, -2.345311062467493601e-01, -3.174034368674384377e-01, -1.732894800013048617e-02, 5.561369149941895740e-02, 4.661457863499220144e-02, 4.867922300263906321e-02, 9.143008587085514616e-02, -1.862308253036245795e-02, -1.059526463218018466e-01, 1.923004579027111360e-02, -1.203549440230108070e-01
-1.095349008081324127e-01, -1.819529490705281694e-01, -1.093874521298561775e-01, -1.474697201056981155e-01, 2.647232869602745512e-03, -1.622413997023297028e-01, 3.322978329751027221e-02, 1.976340964126688526e-01, -2.643035822853301298e-02, -1.285164326161601922e-01, -2.441728951610676671e-02, -1.633227504942686148e-01, -2.564625073827124513e-02, -3.786045264595284520e-03, 6.466024941539572080e-02, -7.224810828819291930e-02, -2.742192980337355979e-02, -1.912650240002338464e-01, -6.017655437096803422e-02, 6.291009580684268909e-02, -3.195351367806145704e-02, -1.284918735318174021e-01, 1.591018161321691160e-01
5.516256601862687924e-03, -1.205181118981929200e-01, -9.132972573801168004e-02, -1.362719054456838774e-01, 3.810021344748668048e-02, 6.250448616164773312e-03, 1.911648225711182758e-01, -1.703363480401005881e-02, 1.127002247556515152e-01, 1.481433752826896710e-01, 2.821651930583295165e-02, 9.661899473629520507e-02, 7.022723396571406429e-02, 2.046692361746053068e-01, -1.531466568566201003e-01, 8.326401071494848871e-02, -2.260621836721289635e-01, -2.909284923548507464e-03, -4.297091640628718928e-02, 5.365374755779132171e-02, -2.471301293686125056e-01, 1.826829764755766305e-01, -1.042298215755129431e-01
-8.745823529943586028e-02, 1.339025827693894888e-01, -7.071125610201908773e-02, 1.261482263869746212e-01, -1.093652268985310649e-01, -3.458400642518783680e-02, -1.965047044890232963e-01, -1.077968768866544719e-01, -1.876007935937696880e-01, -1.364481974546048054e-02, 2.542468861508753210e-03, 6.392366291588483240e-02, 1.237517608100855565e-01, 1.010198153135103902e-02, 2.667169016533164558e-02, -5.810324644348812545e-02, 9.477851722290644987e-02, 1.023504660973542507e-01, -2.444547495127221719e-05, -1.025841896331981806e-01, -1.569763714251607989e-01, -4.686992589589086128e-02, 9.742390149248617015e-02
4.187690015301516466e-02, -5.677533760839962446e-02, -2.401001845707325943e-01, 1.750267476492424479e-01, 7.538453808273781753e-02, -2.073035161598568363e-02, 2.436294559350236227e-02, 6.456292878158723103e-02, -5.280864230125525277e-02, 1.015533929278719313e-02, -8.571183242907205735e-02, 2.077949292091637590e-01, 1.996802723316154771e-01, 1.272405257391493183e-01, -1.970168232119716076e-02, -6.353980125010449953e-02, 7.224329594527421905e-02, -2.303628367453084413e-01, -1.284872244397455565e-01, 3.297953209482966386e-02, -4.499795518380335368e-02, 7.743651005189618533e-03, -1.683576135555100439e-01
-6.600504063094966845e-02, 2.383318597881456946e-01, -8.139603807316253548e-02, -1.410215030618144627e-01, -1.609833017784505216e-01, -5.238890848392118577e-02, -8.544380351667605483e-03, 9.206119197523131292e-02, -9.104169216884276661e-02, -1.898822395588611323e-01, -3.188014029372533698e-02, 3.283432051799958229e-01, -1.533367009919791857e-01, -5.118575238201866773e-01, -3.237999122065408908e-02, 3.431840477924940486e-02, 8.135751905190213851e-02, -4.274808050078200694e-02, -4.077194167490551246e-02, -1.386948029491345269e-01, 2.095616621947083563e-02, 1.185541774432446321e-01, -1.761444778837445158e-01
1.453890291686760761e-01, -9.931386800873136245e-02, -6.492067207643589799e-02, -8.073327780094295691e-02, 9.653142276027147639e-02, 2.162057323942991605e-01, 1.587777373245560508e-01, -1.002532602606115951e-02, -2.683761874797870040e-02, 3.418687473737956097e-03, 1.093546348437156868e-01, -9.834984851223661784e-02, -1.558921053480149532e-01, 4.201705936423842935e-01, 2.187828754550933952e-01, 1.257730507389479557e-01, 1.064908255028536484e-02, -9.432126750857432185e-02, -3.429830089815452676e-01, -1.443754414286078369e-01, -2.428931565339476906e-01, -2.047895337896522838e-01, -1.566586297139726247e-01
7.143172405712114315e-02, 1.238126571386058694e-01, -8.291359680380086528e-02, -6.839993250771192468e-02, -1.342903630791114911e-01, -1.321567069931715022e-01, -4.607898278812291165e-02, -1.493256771258769933e-01, -6.922301956153245617e-02, -9.125441970218131638e-02, -1.276681325665192934e-01, -3.860961819926869709e-01, 2.022782013270526050e-02, 1.535426122700646323e-01, 5.814512181665785692e-03, 1.970956544734231985e-01, 1.039196248011306084e-01, 1.673594820122663862e-01, 1.177376133130364627e-01, 4.374557918208751839e-02, -9.653126383106930275e-02, -2.862974539336550148e-02, 1.315377889329525513e-02
7.023899693679311329e-02, 7.647195501277619101e-03, 1.680584002472147731e-02, -9.807951190768257610e-02, -5.382579230785036420e-05, 1.049341533872602261e-01, 6.285053543264912390e-02, 1.745700077241378601e-01, -6.732990958789877856e-02, -3.752976725321101239e-03, -3.367846286818497459e-02, -6.488852244135724645e-02, -2.048102180193433000e-02, -3.011759488259417861e-01, 2.931216065556996875e-01, 6.044392014384356721e-02, 2.796034079224053726e-02, 7.302702792028980053e-03, -3.082551685050691770e-01, 6.749514625871047557e-02, 4.589350513532420434e-02, -1.130852644616196501e-01, 5.861745944027378641e-02
-9.083316646876847533e-02, 7.743322505056467187e-02, -3.835755802730415193e-02, 2.902224674537564816e-02, 9.038678192920238108e-02, -2.166921868486173519e-01, -1.184678767288990797e-01, 1.186604942420802083e-01, -1.316439843669956200e-01, 6.073593693148626738e-02, -2.309876224859341853e-01, -6.133291903414762880e-02, -1.293979298569622738e-01, -2.758128528461391560e-01, -8.182277139492301343e-02, -7.994554701998915491e-02, 8.580271877694983090e-03, 1.868250043962545459e-01, 8.866583829000017347e-02, 1.563739554654890451e-01, 1.738180717327715008e-01, -2.004677972098277070e-02, 8.191572646490152820e-02
-2.586924890078972847e-02, -1.521744784223266200e-01, -2.233423584662947922e-02, -7.687254401089508096e-03, -2.597280121752560539e-02, -8.208784875524671731e-02, 1.804922881945366375e-01, 2.303031338433096653e-02, -3.968909634508323986e-02, -1.400362115193821699e-01, -4.547609873495692123e-02, 1.436640612946084132e-02, -8.957397070003790540e-02, 1.099830120370870815e-03, -1.347704099205608852e-01, 6.470031013708257839e-02, 5.787832434522643954e-02, -1.126785154597136351e-01, -6.276522697041167498e-02, -1.926264113435848403e-03, -1.144614769119870895e-01, -8.058235919778025669e-02, 1.853856474997098991e-01
9.280387750019793158e-02, 1.152114978334036616e-01, 9.935977573240252492e-02, -3.540717875829162836e-02, 1.071097272922599264e-01, -1.433913846452064544e-01, -1.022906483167411035e-01, 2.066411088315588673e-01, 6.279639011621158950e-02, -2.625714272793927204e-02, 2.277591052400908811e-01, -1.206817649602874055e-02, -6.407186557673336114e-02, -3.005754851864224017e-02, 1.040143509020975826e-01, 5.933016605617769113e-02, -3.442891802971534410e-02, 1.885477000095439615e-01, -1.854140880018107299e-02, 2.051707269885920740e-02, -4.004548429934454146e-02, -6.371381946891614689e-02, 1.111631892252458453e-01
7.915455133330984161e-02, -6.652057671665741190e-02, 1.659798014768661401e-01, -1.291141150449967578e-01, -4.925142466031717098e-02, 6.478555308249411837e-02, -6.155535918510347121e-02, 9.156364261329144605e-02, 7.894651992953589936e-02, -7.768908655688044375e-03, 1.537261115621763319e-01, 1.007675277477118880e-01, -1.735049803363483967e-01, 1.314622308441728282e-01, -6.332030714393103998e-02, -4.423245450980948373e-02, -1.745742365468063578e-02, -1.112414848666161589e-02, 9.470184891904565028e-02, 6.468545529502085778e-02, 7.705270108628428476e-03, -1.137166656670809961e-01, 8.581493362909409228e-02
-1.462938111080197834e-01, 1.157563505897878098e-01, 1.013588571167478858e-01, 8.452138509108533815e-02, 9.624194130906441047e-02, -6.623615871982378722e-02, -2.434595306991434172e-02, -1.028509244632908881e-01, 6.503890898658132302e-03, 1.028694701190698002e-01, 6.680308243651972289e-02, -2.816454879260020874e-02, 2.567674707317146171e-02, -4.064960128463851463e-02, 9.799003447516646537e-02, -3.565480089368606997e-02, 6.316062965676690066e-02, -1.196869663648826056e-02, 1.244660821677402718e-01, 5.096395474610848630e-02, -1.723949282173402875e-01, 5.511035716937232737e-02, -4.930121682875709260e-02
1.582608220939127619e-01, -4.861966018985432181e-02, -1.303019570963800666e-01, 1.411040704698676360e-02, -6.980496831078018827e-02, -2.606400809730721191e-01, -8.666260979580458698e-03, 1.409874034599551407e-01, 1.502298580011051099e-01, -1.731338096114339309e-01, -2.151473474444440953e-02, -1.463741451791100157e-01, 2.275841202561676435e-02, 1.581572295011069162e-01, -7.717338415538508786e-03, 3.216867488331517227e-02, 4.558754077759551160e-02, -7.540528398753423844e-02, 5.788241582490985526e-03, 9.215759798856469620e-02, 7.569316609249089611e-02, 3.560629840004582436e-02, 1.271760164922971781e-01
2.401352183674404159e-02, 5.154825127000482732e-02, 1.163889781434918197e-01, -3.137814670091262914e-02, -1.337284449618090509e-01, 1.094186504652999992e-01, -3.626810493235767263e-02, 9.741654478537309370e-02, 1.707009757008950412e-01, 8.934247371695562545e-03, 5.900875417806942559e-03, -1.344583670716165830e-02, 5.028127517204718233e-02, 2.911881474393143363e-02, -1.302461141190510568e-02, 4.394777736715779759e-02, 6.718011259064829432e-02, -7.064738288574802516e-02, 1.829805669768365117e-01, -1.024052128010060903e-01, -4.893742037534713762e-02, 2.914817344762095017e-02, -4.279326014870901695e-02
1.736251415101470463e-01, -1.528415793188843408e-01, 9.053468069592449097e-02, 1.667158997153215527e-01, 2.076012144866769271e-01, 1.061158052958999232e-02, 2.290272849983815973e-01, 1.395060043554428586e-01, 1.098723503340148649e-01, 7.992945986792558688e-02, 5.954105010187418084e-02, 5.210447210676102947e-02, 4.502855824040247201e-02, 6.549500478085910904e-02, -1.693340299109970942e-02, -1.716518715851990950e-01, 1.457049617533617558e-01, 2.088015515386950488e-02, -9.085204413686007174e-02, -5.593143728486899002e-02, -1.851537664102462233e-01, -2.183655761778469095e-01, -1.726341320796221657e-01
1.972231850269106079e-01, 1.464898943007386378e-01, -3.261716268374333788e-02, 7.612544829552338188e-02, -2.431035636138053624e-01, -1.406691502086147849e-01, -5.265389135163802553e-02, -1.064064240014426788e-01, -2.635458587593423330e-01, 2.956458222294784666e-02, 8.562932771732394144e-02, 8.708775884495233155e-02, -5.098186522423155953e-01, -3.303358074635021624e-01, -1.491469940858906329e-01, 1.206687913216974647e-02, -1.141688005594898164e-01, 1.322130609467352114e-01, 2.255213062953378700e-01, 2.115537640923076043e-02, 3.994410093196755496e-02, 2.812741145958332911e-01, 1.448898119242874151e-03
-2.092776797646446196e-01, 1.773769198246764531e-02, -1.605937437061127210e-02, 2.488814987078831649e-03, -1.153875118503247810e-01, -2.132317428800068748e-01, -1.740078423769614580e-01, -1.325570508877451092e-01, -1.684314407342342723e-01, -1.790253605863651246e-02, -2.400025639761842466e-01, -5.058741977417834101e-02, -9.212511540260223675e-02, -6.754721706603586395e-02, 3.226098616285531517e-01, 2.332978249387061831e-02, -2.270807158738959997e-01, -5.834067616051048094e-02, -1.712004443590572911e-02, 2.059176143333367459e-01, 6.608258789840329439e-02, -1.812537696781527097e-01, -1.092823107019892243e-01
1.297107259910447730e-01, 1.677942439129511965e-01, -5.525246868056153671e-02, -1.296943351892481527e-02, -2.611189938726465876e-01, -8.643197444044686817e-02, 1.148192501263689200e-02, -4.352481086959150702e-02, 1.823916110435988835e-01, -1.270561117924411988e-02, 1.439782435683109318e-01, -5.609178884279603788e-02, -3.316657998881246128e-01, -1.494139686504863396e-01, 2.097975875311168803e-01, -9.464252277943409342e-02, -1.877492021850908910e-01, -3.444248999816889589e-01, -1.091796561236782620e-01, -1.848974740949587137e-01, 7.737653516919222596e-02, -2.021414700444937318e-01, -1.822725366812239234e-01
