1.555807802983339566e-02, -7.853492188509156313e-02, 9.722576209481573195e-02, -1.669594262379247018e-01, -5.340366531405796313e-02, 4.294648525533246997e-02, -1.686211209021465096e-01, 6.971940426591508901e-03, 3.670219544857549008e-03, -7.600996306645008138e-02, -2.337780777359618409e-02, -1.397684290346435376e-01, 1.883127902797454289e-01, 1.848083196751654500e-01, -5.983576693942380814e-02, -5.081440146312628248e-02, 1.506381046195990892e-01, 1.889697354708397281e-01, -4.895663868547082964e-02, -2.151853270090030301e-01, 9.708894470751720795e-02, -1.859602750078060973e-01, 3.871790592915464596e-02
6.777842767421372872e-02, -4.672662891683523334e-01, -4.174977673452064802e-02, -1.454097887960320579e-01, -7.122769467442439939e-02, -4.620967459746239819e-02, -6.128148828979991525e-02, 2.754824396946865470e-02, -1.293892681077109530e-01, -1.679833686188167419e-01, -4.472899253639848506e-03, -5.452651336859545839e-02, 3.883573675292646410e-01, 9.704995575822770171e-01, 2.800475749141686024e-02, 1.014860544611546483e-01, 3.094639459587993774e-02, 2.845300304200468547e-02, -2.610056670707271848e-02, -1.691199908910006600e-01, 2.029528344185713429e-01, -1.307473981867526003e-01, -1.390855014252786494e-02
5.640111636108280369e-02, 4.725591085495604166e-02, -4.082635660669350214e-02, 1.114683338616033192e-01, -6.345356418331645279e-03, 1.082083644214484608e-01, 1.568596209712258827e-01, -1.769031775787612837e-01, -8.962337247768960291e-02, 1.806407135621097837e-01, 5.256657357226511909e-03, 1.019241355999034593e-01, 1.161797274280784026e-01, 6.724272954793823753e-02, -3.164979421812785798e-02, -7.281545534688201038e-02, 1.285983514299187114e-01, -4.241537957138410975e-02, 1.136692021614846837e-01, -3.190058701616601579e-03, 1.450744589385203898e-01, 9.367527959410291982e-02, 1.380856202885221151e-01
8.377297292623288316e-02, -2.364791755126872605e-02, -3.877077825402846373e-02, 5.790720726889230646e-02, -2.127076179874741735e-01, -1.219383598155118903e-01, 1.934795902628252962e-01, 6.426798052533552741e-02, 3.254699498789981327e-02, 2.063372642204558682e-01, 1.811959605528207229e-01, -2.819378110883295069e-02, -2.202451538603847001e-02, -1.384933040142345417e-01, -1.183715458362957634e-01, -9.751041142966261621e-02, 9.778094903731213150e-02, 9.590709024177794528e-02, -2.212298926806113841e-02, 5.550509178825265011e-02, -1.814943844010671326e-01, -7.553261392189690449e-02, 6.784505141027252773e-02
9.032836846575329620e-03, -6.400534246461601906e-02, 8.419056758298565368e-02, -7.551357834339855746e-02, -9.030889246364474932e-02, -6.359554931659873456e-02, 5.369299690903343858e-02, -9.399925180402617098e-02, -3.322498223811932716e-01, -7.110763193776849234e-02, 1.938959478756459298e-02, -9.027881987188910232e-03, -3.446480954993114687e-01, 1.730394626187697904e-02, 2.566286504460819629e-01, 6.668050784332323067e-02, -8.586632471028791957e-02, 1.375853193743799552e-01, 1.247229797249316957e-01, 1.079482163851992332e-01, -1.001648395610870990e-01, -5.726872926044046519e-02, -1.303666911101649672e-01
8.656357698036827586e-02, 1.174737119493014237e-01, -9.784183142513713793e-02, -9.956719315794501646e-02, -3.557517036552929751e-02, 1.179407200398017302e-01, -1.341270387534558017e-01, 4.224749247204780123e-02, -1.404468971197295191e-01, -6.765044318867342865e-02, 1.971150102922802072e-01, 6.688030145818732453e-02, 1.004541697520476423e-01, 1.122544136238738943e-01, -1.008093319786271119e-01, 1.762298183840195834e-02, -7.687391896141404155e-03, -3.152462714465328192e-02, 9.402581558931330172e-03, -1.355069446798478905e-01, 1.102489217396365878e-01, 2.167302794404071808e-02, 2.714086002262615718e-02
-2.991180708128636208e-04, 1.305583703115966165e-01, -3.795217504812110204e-02, -1.377308668948667991e-01, 1.321284065311007228e-01, 5.196064262283145441e-02, 1.988565178810112327e-02, -1.578995962995472235e-01, 8.211566614624613014e-02, 1.018417946052821259e-02, -5.485993459286822756e-03, 9.306064023152962883e-02, 1.168422495058440008e-01, -4.175554670523063013e-03, -1.126800172341023004e-01, -1.386150338742234145e-01, -2.339074254496150418e-01, 9.100480010630310201e-02, -4.206533320106459889e-02, -1.804839287970552153e-01, 6.446996656426472183e-02, -2.066496137467285776e-02, -2.154210803560352161e-01
-1.028468251590636678e-01, -1.995539235298076919e-01, -5.686080142663089976e-02, 4.124943702340012897e-02, 1.269760465913193359e-01, -1.111979240786871159e-01, -5.805569822403897767e-02, -3.563262114420237547e-02, -4.942810649236124843e-02, -8.296833217029130070e-02, -1.283219740540321799e-02, 2.019922164809669074e-02, 2.385590890916068907e-01, 3.346620456733456206e-01, 3.441827155071135180e-02, -1.712840813645556334e-02, 1.132563286657684021e-01, 2.161905428406113994e-01, -4.823206296128876303e-02, -9.216957124849681215e-02, -1.060653153128022635e-01, -2.724316532404987348e-02, 7.070469065619126858e-02
-6.576540023798789492e-02, -7.626719659976765042e-01, -5.858869930880770960e-02, -1.849798274362543238e-01, -1.590337211537407036e-01, -1.570651451637959939e-01, -2.343141830707501025e-02, -2.588346015408373169e-01, -1.603678028588441939e-01, -1.039242680578300465e-01, -1.219337518173441298e-01, 3.783551646904137478e-01, 5.547409620565927346e-01, 1.479551158508075170e+00, 5.726375873817654213e-03, 2.214705261152493387e-01, 1.633768418436168379e-01, -2.441851845136965363e-02, 1.542111584935606516e-01, 2.260288006014992551e-02, -4.987317786070878667e-02, -7.067224952801265392e-02, 8.207419247662173234e-02
2.625716301054487403e-02, -7.617571795788077305e-01, 5.149163728992858097e-02, -4.620834665732349161e-02, -1.255032324526288330e-02, -1.239797107063945192e-01, -9.665018922124513079e-02, 1.108932785887548483e-01, -1.134548935961080945e-01, -1.917768759037627724e-01, -6.339039532050579073e-02, 6.130889301510322048e-02, 6.108418953483113478e-01, 1.486597087506976056e+00, -4.747057578328944469e-03, 1.969958708673662795e-01, 3.160044277569673543e-01, 8.639661388318034541e-02, -2.442636426937059083e-02, 5.909901484086584750e-02, -8.347148827790559777e-02, -2.534416243595722373e-01, 6.806179413092440338e-03
-4.141800351138531094e-02, 4.906593299307597522e-02, 1.495374690379149829e-01, 9.607470544518420530e-02, 1.677211692695237261e-02, -1.666967946195579697e-01, -2.614752346169741878e-02, -1.445824821319442177e-01, -1.352738674503615179e-01, -2.180911267772290274e-01, -8.029398211275499964e-02, -2.737960551371715345e-01, -2.941492666821318158e-01, -1.757463411043984902e-01, -1.575161815609164573e-01, 1.977913427566505289e-01, 1.527541953646372463e-01, 9.296492739665250873e-04, 9.538904534594096207e-02, 9.696842481522857660e-02, 6.495333027899151401e-02, -9.258965918908659831e-02, 1.503073921270671742e-01
2.889001293765995279e-02, -4.164140209913028134e-02, -1.261610519849034120e-02, -1.162653534953807244e-02, 1.003852595548001270e-01, 7.545600022746364044e-02, 1.902326470205494835e-01, -7.251988396132112713e-02, 2.018592387981922864e-01, 2.641790819311080618e-01, 2.914333609623840846e-02, 2.038217056518938364e-01, -8.869480432013532312e-02, -4.484544975497192221e-01, 1.319161617631948169e-01, 1.710577173483211200e-01, -8.246374012515425567e-02, -3.546385413838319678e-02, 7.501906310243360021e-02, 2.233165650333219371e-02, -5.011761634081311756e-03, 1.254817247327833785e-01, 9.737067594903472956e-02
-7.387875823258747976e-02, -1.555318322885083093e-01, -3.648147089622943290e-02, 5.846788109221837115e-02, 2.564845096259013926e-02, -5.397223271568401398e-02, -2.113722191565370612e-01, -2.169553829947665768e-01, 6.155220548505662206e-03, 2.483669076625418231e-03, 6.515103164675541125e-02, -1.346151683502797569e-01, 6.214696358784577851e-02, 8.878936030046109817e-02, 5.104388952971023602e-02, -1.279449918505025929e-01, -2.413448271671875256e-02, 2.744233346597920592e-02, 1.802462716182791636e-01, 1.023856281786953842e-01, -8.399250018183024302e-02, -5.271940735978259546e-02, -7.236413930699830965e-02
1.821232742097845525e-01, 1.295280003422048798e-01, -1.468569478292725827e-01, -7.451382610297124787e-02, 3.978685562800113318e-02, 1.403123414395468782e-01, 4.440787577347676818e-02, 9.438007397353450484e-03, -3.816492125398127794e-02, 1.934212418485373453e-01, 2.031993844603556532e-02, 5.174350022860859342e-03, -7.319718534964229917e-02, -1.663484446925052040e-01, -9.545141123548851747e-02, -1.376038017855770769e-02, -1.048579937655426397e-01, -1.570429751849862776e-01, -1.265922037940509504e-01, 9.670470101018346920e-02, -4.331556871286669497e-02, -7.554555470116730564e-02, -1.239740587736539367e-03
-1.761117351910463855e-02, -1.326644118390542249e-01, -1.241528847875031788e-01, 7.706534840725220992e-02, -1.062534273107111210e-01, 8.371597261220006803e-02, -1.400985432334176661e-01, -6.953364625691407785e-02, -5.657507812550758436e-02, 2.456994524325444296e-01, 4.358186724352351021e-02, -3.892024939683650514e-02, -8.060525750833254233e-02, -9.681926196006107599e-02, 5.004655360506229250e-02, -4.558930701139732311e-02, -3.173662651981400996e-03, 9.312128527882905168e-03, 9.677762691566479947e-02, -1.879744342980583637e-03, -8.049752788653319335e-02, -4.740053853463706279e-02, -7.457761290428013834e-02
-3.125186650458890159e-02, 3.465011103190746566e-01, 3.535692078960620162e-03, 4.909378967214095280e-02, -7.727264277108802926e-02, -1.508351319156760011e-02, -4.523411551785635337e-02, 4.351531765691139114e-02, -1.053653487099732722e-01, 1.092592938686503673e-01, -2.653699492484010505e-02, -1.242365598581037095e-01, 3.825246182997264072e-02, 5.306409950934684594e-02, -6.808122272504960049e-02, 1.631676737830137225e-01, 6.033707869847190763e-02, -1.002993099858016587e-03, -2.422872195256019906e-02, -2.635987551567964271e-02, 1.291611440376130571e-01, 1.070467985264482447e-02, -2.368683007454749634e-01
7.547676438086597071e-03, 2.225808389680072608e-01, -3.776695521039658693e-02, 7.511337665493728055e-02, -2.234610445679971816e-02, 9.890763770405752719e-02, -2.768478974961565559e-02, 1.005381104570670786e-01, -1.152123532716512883e-01, -7.763111805800956833e-02, -7.662994042533868844e-02, 2.105095630917547256e-02, -1.021492371270338734e-01, 4.417418579682017704e-02, -5.701466583760714767e-03, -5.974544030176760084e-02, 5.076266388431555088e-02, 2.363757437633318137e-02, 5.842163799226886972e-02, 2.769193513815704916e-02, -5.226603216790117606e-02, -4.377951847663462404e-02, -8.588483728765500258e-02
1.387723606942499119e-02, -2.012958817349125296e-02, -4.962367256051754272e-02, -1.241329865490068268e-01, 7.329584856627668898e-02, 2.841540089305821803e-01, -5.040298330520792507e-03, -2.308959191147003653e-01, -3.260236132053574709e-02, 8.620243655931830729e-02, 2.740454416334144050e-03, 9.080970770235532313e-03, -1.612709788351807949e-01, -4.680210005947762347e-02, 9.855086640055017722e-02, 8.475635452582680777e-04, 3.683663302496570369e-02, -1.440154039099958982e-01, -9.553392139878014166e-02, 9.517389226140278435e-02, 4.262448734599009331e-02, 1.714779263661752873e-01, 7.150480636421009673e-02
-1.780016726735729124e-02, 1.345237963920449253e-01, 1.945408186350576218e-01, 3.869390281457288361e-02, 3.094311542873709291e-03, 1.804864272373399303e-01, 2.783224692669252973e-02, 1.037781587549374829e-01, 1.452881144274293379e-01, -7.463537431731902261e-02, -2.665312531952850408e-02, -1.470631328029109175e-01, -1.469684963787757925e-01, -3.872674792324019011e-01, 8.371515871016700638e-02, 9.369407301470095151e-02, -6.155993529122851665e-02, -4.119878216401391680e-02, 9.846298585682047855e-02, -3.074774832577887793e-02, -8.974593220939115767e-02, -1.114131204739259445e-01, -1.308774127646724142e-02
9.677969657285644123e-02, 7.424890907436029197e-01, 2.469872827351088929e-01, 6.739273865405402686e-02, 6.096540033371170529e-03, 1.304162122949590885e-01, 6.129534298212367671e-02, 3.021505573766264385e-01, -4.570775340514716262e-03, 1.952154452603621360e-01, 8.465436457989380936e-02, -2.724198942359789544e-01, -5.557252783590153067e-01, -1.441694780667001741e+00, -3.496482592508726520e-03, -1.762922995845936369e-01, -1.876595606181807596e-01, -1.696986575179566525e-01, -7.107451247309773228e-03, 8.632513801087415839e-02, -1.451607748645083150e-02, 6.962836012669358643e-02, -9.280970089477676155e-02
-1.112310900915391559e-01, -8.661215537435247580e-02, 1.218818460913629470e-02, 1.322339929110672441e-01, -8.121913279701367672e-02, 4.836248454939317404e-02, -8.595536558370940605e-02, -3.412015819561848434e-02, -1.607712200857607798e-01, -2.187131455855904905e-02, -9.948850308914080481e-03, 5.292652561220073659e-02, 5.166529702755296577e-02, -6.240663311742423308e-02, -1.479759406987309622e-01, -1.117062470161951787e-01, -1.598759918513693312e-01, -1.857232095443579201e-01, -5.246303145839971427e-02, 1.005320870988252554e-04, 1.471319529824232641e-01, 1.034864101554872073e-01, -1.066164214048270359e-01
2.788004223005835849e-02, 7.094579613217295855e-02, -8.245251676474152358e-02, -9.931799476826314033e-02, -1.437406726350768660e-01, -1.486374411571475193e-02, 5.368486834940562613e-02, -1.500378166910531878e-02, 4.764786173790396678e-02, 8.336712765486630275e-03, -7.576400674638750221e-02, 1.824344294786502119e-02, -2.308319348555761333e-02, -4.994621817830847271e-02, 1.548518578213759211e-01, -2.101468874648133589e-01, -9.359985515141146240e-02, -2.780070809366012516e-02, -4.127707506315552409e-03, 7.852470386934617963e-02, 1.409557164946306507e-01, 1.260185947019034081e-01, 1.901872264539129082e-02
-1.440050361464721151e-01, -1.160811219887480789e-01, 2.006827733514724571e-02, 8.107968264125379673e-03, 5.981571516688589246e-02, 5.384179235339195402e-02, 1.679334449312173960e-02, -1.245145134622046151e-01, 3.463084303706483874e-02, -1.320056691336618238e-01, 7.369037158901778350e-02, 7.934215404084035000e-03, -2.785098983272851422e-02, -1.807576057144025528e-01, -1.015364144695939455e-02, -7.021555955863774401e-02, 2.037300624839833985e-01, 8.699075256918120669e-02, -6.535044650012451772e-02, 3.043120057832386302e-02, -2.373291358939573145e-02, 1.733408567667339001e-02, 2.905301300996637054e-02
9.702032680424772793e-02, -6.056022597882436409e-02, -5.410286146408491148e-02, 5.705769478309672543e-02, -1.478273172421157820e-02, -4.092902068562861984e-02, 8.166666583989724143e-03, -1.639251884860683517e-01, -1.969935719941100782e-01, -1.424316336747253990e-02, 4.616183396541810591e-02, 5.376500075358171121e-02, 3.082886036331056526e-02, -2.680380466178525212e-01, -7.181003598567556323e-02, -1.775207396184093067e-01, 4.077829876155281141e-02, 2.583825869807177683e-02, 6.749424243860549337e-03, -1.914635214960965295e-02, 2.159317990416517175e-01, 1.190313051329511401e-01, -7.325702336326320174e-02
-1.275945158491252063e-01, -9.814946284841576107e-02, 8.142194972341361414e-02, -9.451978645174945182e-02, 1.246978273549878974e-01, -2.973617082060907024e-01, 3.739555678414287210e-02, -9.500606081126719560e-02, -1.237322552820169577e-02, -9.637612619334579023e-02, -6.724482044383528478e-02, -3.332763240059199994e-02, 3.130971003363934857e-01, 5.563521321383380763e-02, -3.645855058042291041e-02, 1.026489396012510713e-01, 1.586455632820822081e-01, 1.187895373956115858e-01, 3.460566196134477052e-02, -9.616286104956774106e-02, 1.864427034790016591e-01, 1.259609721822429751e-01, -5.471509608243361328e-02
2.350393552175695233e-01, -1.728265656659651039e-01, 2.095237260411558430e-02, -1.118183559791300907e-01, -4.937770538140623389e-02, -9.249309613076338310e-02, -9.676126831486495106e-02, 1.590710138180308486e-01, 5.180098398549645017e-02, 1.557492601239588749e-02, -3.331817968070429486e-02, -3.881035555758909072e-02, -1.267586750774129523e-01, 1.957388844551067979e-03, -1.118442585974825133e-02, -1.705587253447873597e-01, -1.737143258261698853e-02, -2.229676694505616785e-01, 8.281458117610451808e-02, -5.943271611069102234e-02, 1.132414898858861846e-01, -5.999238290244067462e-02, 4.608747574971899796e-02
1.138538949072122469e-01, 9.431445621021671000e-02, 6.869654174910089228e-02, -3.063401570015090308e-02, 3.046404776143817328e-01, -1.003866033407849051e-01, -1.308162342721409244e-01, -1.724657921314850031e-02, 8.611518977121322693e-02, 4.219537019925039684e-02, 7.185836592010570734e-02, 1.823165225083772101e-01, 1.585996262180848493e-02, 6.630492255206040094e-04, -5.583767841297166377e-03, 8.639819071038361276e-02, -1.098485860925550173e-01, 2.425821443036561744e-03, -6.664934871287724050e-02, -1.159271910081387247e-01, -1.446398296246970833e-02, 8.580707459279499072e-02, 6.310607580898944247e-02
9.036728963858121910e-02, 1.101407971318900808e-01, -1.747934582037237172e-01, -1.751867968898792316e-01, -1.666211330489562603e-01, -5.209594883499522183e-02, 1.131583248908992062e-01, 9.683240400221082914e-03, -1.193601904760488996e-01, 3.101718907339580042e-02, -2.167081587407609644e-01, -1.117827877046639190e-01, 2.420056661115570495e-01, 1.931062044539430533e-02, 5.399158252567086425e-02, 9.855086098947751783e-03, -5.712697868897616965e-02, 9.790053368831824754e-02, 3.405059868256979372e-02, -5.008935550114888835e-02, 1.182348176397230582e-01, 1.377061690819186834e-02, -2.024811863547460247e-02
1.258580371576619242e-02, 1.734401336873827859e-01, 1.690208731245353840e-02, 4.775055511877946551e-03, -9.308128952588241856e-02, -4.504766945325482108e-02, 2.894415833835375235e-02, 3.946084125997986053e-02, -1.996955374389348392e-01, -1.835264128682154716e-01, -6.115956359714969093e-02, 1.557899195810995840e-01, -7.112390583150136891e-02, 3.415454054700555603e-02, 9.868385667975003439e-02, 7.361834488457588699e-02, -1.358421159598540151e-01, 9.111427437311341027e-02, -2.820058369082698718e-03, 1.204625862489429045e-01, -5.739799037584834146e-02, 6.037370693606941563e-02, -2.722490509542552228e-01
1.486588469672282531e-01, -1.415690071850402576e-01, -1.337064055191068690e-01, -1.201900154706836837e-01, 8.094506874941520547e-02, 1.885058179474719594e-03, -2.121263779949406902e-01, 2.176531173605593394e-02, 8.643218984670306138e-02, 4.281060292920058769e-02, -1.286963411113828913e-02, -1.810645728940109001e-01, 1.454278880386053463e-01, 3.145293243360486879e-01, -7.931792287035836081e-03, 8.369529822173972511e-02, -1.213353119199948177e-01, 2.798211741481407971e-02, -5.111715532365635611e-02, 5.277771838423609557e-02, -1.093052079152566081e-01, 8.857727036684077959e-02, -7.132775892259412241e-03
1.464814904955338282e-01, -1.173458784298174323e-01, -5.008773266265019800e-03, -1.608804730189910548e-01, 2.061414771120260725e-01, 2.743117309849308350e-01, 2.794727610024629327e-01, 2.301552426842393695e-01, 1.009024981752878192e-01, 2.700893325147820656e-01, 1.348904167314957658e-01, 3.650874980632246580e-01, -9.015793118983521370e-02, -4.384865961361377185e-01, -2.039041426551048419e-02, -1.976994341096543761e-01, 1.747109945116243346e-01, 2.889447662348701984e-01, 1.938856019283327278e-02, 3.147647129475673045e-01, 5.047937226660708515e-02, 6.346054466749698197e-02, 1.087839372584868403e-01
1.052323419111333147e-01, 1.280787760144607434e-01, -1.064034833026581972e-01, 1.960479651986371807e-01, -5.426653417949902497e-02, 4.795278678200751848e-02, 1.998384505627988014e-02, 1.054500619941140110e-01, -9.256008395528821098e-02, 2.249910342806215324e-01, -1.079139362974543270e-01, 6.131152405240371250e-02, -3.329237786798491805e-02, -9.733909539044373338e-02, 1.240228424643573801e-01, -1.139635314878534589e-01, -3.226317825741615523e-03, 2.446787585718744953e-02, 1.333087415423858668e-01, -1.852451235051814638e-01, 1.334766477916145277e-01, -2.751426238895515741e-02, 3.435454000723005535e-03
1.029159006123147868e-01, 1.339704961644581360e-01, 1.277155711352990775e-01, -1.716444139065740606e-03, 1.297598048068127341e-01, -4.456074498613181445e-02, -1.897151282254908033e-02, 4.514178375431209672e-02, -1.428052835361882100e-01, -8.066058844701450015e-02, 1.820821197733507590e-01, -1.618872745944483771e-01, -1.047958416987906233e-01, -2.521849539367774229e-01, 7.302501587794682503e-02, 7.287821401729045745e-02, -1.992289798463842479e-02, 3.581225802221187863e-03, 5.269797106561594294e-03, -1.462928058768501738e-01, -5.661184354396611718e-02, -4.965085491733268325e-02, -4.934911795801096013e-02
-1.810111020183220731e-02, -2.941120217223953670e-01, -2.584648073536998172e-02, -1.583680700818737852e-01, -2.025511830796367652e-01, -8.530343381279488491e-02, 2.821092362822995303e-02, 5.412965476126638947e-02, -1.122650827621106129e-01, 3.848383659163930048e-02, -4.744086079388187133e-02, 1.475843283554922614e-01, 7.599384216086785271e-02, -7.398859929052629958e-02, -6.287518864851328326e-02, -7.795667018153336347e-02, 4.128058448385563128e-02, -4.731923974693648394e-02, 6.219218932655076748e-02, -5.681361444050215398e-02, -1.349896413349782436e-02, -1.306680033995662182e-01, -2.377481710228421946e-02
-4.610237698845555399e-02, 4.624559314485833517e-02, 1.104581735266629422e-01, 1.482066040190361811e-01, 1.789221875444776122e-01, 1.438807047423275032e-01, 2.029328197347887164e-01, 3.259598593313173254e-02, 2.670791582761549710e-01, 5.542864264947838099e-02, 1.146228060934987858e-01, 2.737660641747154816e-02, -4.154763933549293631e-02, 4.795386347133467897e-02, 7.280369877916696708e-02, 1.640902602101842675e-02, 2.838296321952658158e-02, -1.394195749148826637e-02, 8.793871448704271288e-02, 2.913440563320332521e-02, -5.539381765439969907e-02, 2.148441709615607834e-02, -1.257465153459552121e-01
8.831963982105878186e-02, 4.743732340161141078e-03, 7.022748365627463907e-02, -1.441148463770824950e-01, -2.820840218961812376e-02, 5.773186546174948613e-02, -1.677673081257227044e-03, -1.782006151920016322e-03, 7.409199187827948674e-02, 9.627358541720959506e-02, 7.541216528225361260e-02, 1.141184431174972341e-01, 5.748717572895152561e-02, -2.785482840918581671e-01, 2.257616742166345392e-01, 1.129697135897071159e-01, 8.037596794777780718e-02, -1.868139711938258118e-01, 7.941027684964628228e-03, 4.440185036241912214e-02, 2.919174317959887313e-02, 6.809432407748783334e-02, -1.364911261997205083e-01
-3.762234890469260545e-02, -9.566447062439308036e-02, -1.899249372217985954e-01, 2.034618768502645947e-01, 1.436494739208021010e-01, 2.347674736666706397e-02, -9.615365721556057288e-02, -2.701822014580270923e-02, -2.519596870051190804e-02, 1.473712340015159994e-01, -4.589692065999571857e-02, -8.750699619275954799e-02, -5.272093718161580123e-02, -1.140455844886168052e-01, -6.692189343519040767e-02, 1.885095631732757945e-02, 4.618704695761356727e-02, 3.714422309401625016e-02, 9.503093112997887393e-02, -1.208163586792524030e-01, 2.040369925996853712e-02, -2.492716374467546583e-02, 6.312226058868479484e-02
-7.978768159900700985e-03, -1.008506293253097763e-01, -1.442960808756873770e-01, 1.919309766032835721e-02, 3.036914565409457728e-02, -8.997097620177266220e-02, 1.397446182230084877e-01, -6.908473175050450221e-02, -1.283448588387066380e-01, -5.451171957961208764e-02, 4.097285751783907165e-02, 3.393864637682802998e-02, 5.779893091569731495e-02, -6.494042616019082316e-03, -1.637260033592725372e-01, -7.324133354147051300e-02, -5.671023174048508281e-02, -1.357995724889222988e-01, 6.118538141589900670e-02, -4.846249400105444825e-03, -1.194991494792135983e-01, -2.715513943270859293e-02, 1.118385501098022039e-01
-3.091711836660333140e-02, 5.841552516101922859e-02, -1.695151305029426667e-02, -1.861844382155724842e-01, 4.430392205125179700e-02, 8.724925427168306324e-02, -3.108518370404899506e-02, -1.015655915814938359e-01, -5.395694257626554302e-02, 4.835346601766542241e-02, 1.464356780514935487e-02, 1.177113936022909368e-01, 5.947605165035790148e-02, -5.752259106655373266e-02, 1.165941240979665589e-01, 1.954517516857279258e-01, -7.377131872399947388e-02, 3.769058448094435299e-02, 1.438452659866425454e-01, 1.420183483346403042e-01, -1.860087047238940250e-01, -1.212822302910850081e-02, 1.748637644866559426e-01
-1.821626595269315307e-01, -2.679726509566613402e-01, 8.690119837971574390e-02, -8.568081611859910962e-02, 5.775328012767214948e-03, 1.240231064697503160e-01, 1.756810979910430337e-01, -1.030818668007974503e-01, 6.873593508138518826e-02, -8.719033750801739868e-02, -1.438121053765012147e-01, -5.506906041487472786e-02, 1.898417645820146549e-01, 5.594896179740076469e-01, 1.570230336694865281e-02, 6.640456106587552809e-02, -5.321280689064303987e-02, -6.992105704659261345e-02, -4.029736482110635176e-02, 2.108108592212045579e-02, 1.101903956543918844e-01, 4.176568572807656636e-03, 7.395126354430470172e-02
9.809408250604018109e-02, 2.446941784134366860e-02, 1.240095087613039410e-01, -8.929241014249787722e-02, -7.256966918258855870e-02, 1.089302026203305962e-01, 5.814677553245065078e-02, -7.002495470093537955e-02, -7.642220166059181252e-02, 1.516029649969152515e-01, 1.435536889144975459e-01, 4.237014776213492151e-02, -1.958530195745864389e-03, 1.327728740764796689e-01, 1.279507589912424192e-01, 2.004379717449188136e-02, 1.496154089635693372e-02, 1.071260192090052882e-01, -1.074099035314241557e-01, 6.006959018312226645e-02, -9.025997666980462020e-02, 6.954412642720161908e-02, -1.477367012740887775e-01
6.737930196346378353e-02, 2.629241361105463456e-02, -8.677447634667284637e-02, -7.469745609348230064e-02, -5.072308832433759102e-02, 4.666068028101650125e-03, -9.115661183488915631e-02, -5.970827104013987086e-02, 8.271199858202750443e-02, -2.312521114155181162e-02, -8.196394961021730152e-02, 1.313216817259446056e-01, 7.455277046161304377e-02, 2.421553132015797360e-01, 1.829558658989390019e-02, 4.270550975297765506e-02, 6.841196231186398927e-03, -2.144631635674056763e-02, 3.572004391070886936e-02, -5.025920099211014964e-03, 6.564650089133306637e-03, -6.182821851422716508e-02, 2.669392564909325513e-02
-4.482513363621739438e-02, -3.131762046719100967e-01, 9.507551809105885265e-02, 1.249103478898995617e-01, -1.265042362992049585e-01, 1.088113007214784253e-02, -2.243719763239796980e-02, -3.817168601665402866e-02, 1.547720835218589948e-02, -3.673967283191494765e-02, -1.330769795823872614e-01, 9.783980479666555541e-02, 3.571518404617575471e-02, -9.233559875842879683e-03, 1.158433471633888989e-01, -4.325964549718953889e-02, -1.922674061538858642e-02, 6.570169287865100516e-03, 9.278886128533050948e-02, 1.385550720340738423e-02, -1.360063424307186020e-01, 1.045402550233289901e-01, 2.841972323295993350e-02
-1.649601322474084433e-02, 2.688008491434965702e-02, 1.074316666383179353e-01, -7.563013118265246061e-03, -2.926345094788385115e-01, -1.676385160856880552e-01, -4.007664499990582635e-02, 5.094530867883943076e-02, 3.025649624178369454e-02, 4.345257081524310505e-02, -9.596237837047107144e-02, 2.147038835732029138e-01, -2.315932692678018823e-02, 8.205425992742784724e-02, -2.131377514835838538e-01, 1.823179864507484815e-01, -1.241325840584961600e-03, 1.443318694280141257e-01, 3.137096837104100689e-03, -1.564710184908788826e-01, 9.328898532201349014e-02, 2.394340824937831250e-02, -9.583454256349235867e-02
7.649495042776953413e-02, 1.851980669300384297e-01, -3.222917694038244379e-02, 2.633048605812054674e-02, 1.096824130333529101e-01, -2.810818602484509501e-02, -2.104946514645750916e-02, 2.743661826650884913e-02, 2.209329435649017292e-01, -1.324419316617426491e-02, -1.253820316998712284e-02, 1.992598728670073871e-02, 3.843335103550616499e-02, -1.246082754162713968e-01, 2.470571667814988950e-02, -1.377846123043872661e-01, 8.118684238288990940e-02, 2.676932467203009883e-02, -7.228543449752544703e-02, -1.258929279283501484e-02, 8.769350878054696374e-02, 8.235250504402916172e-02, 6.825204006591903405e-02
-8.174657038945444543e-02, 1.467742574187421156e-01, -1.604586086095383946e-01, -1.586862712203392367e-01, 3.543246791815758689e-03, 4.125870728703766310e-02, -1.882204132454999503e-04, -1.639140079187133836e-01, -3.512374118264999928e-02, 1.035841102793580715e-01, -1.293731680989018418e-01, 1.003721480181962444e-01, 7.001768752441586696e-02, -4.688451590261407537e-02, 1.794431840777774012e-01, 7.458520214011551963e-02, -2.010797175977045159e-01, 3.314064858001126990e-02, 1.602465409305846300e-01, 7.431322015829922023e-02, 1.272430010956696611e-01, 3.970671496360200781e-02, -3.032307425108096352e-02
4.063659723318036737e-02, 1.751708120396490154e-01, -2.791226099577890848e-02, -2.306133250260282430e-02, -1.596755533657090095e-02, -6.996452914844900062e-02, -6.311117568554525104e-02, 7.914104815358892486e-02, -3.032648884596746142e-02, -9.329297591549264024e-02, 2.960381008925379032e-01, -8.286118837765119732e-04, 1.482458955007993733e-02, 5.761562917090541636e-02, 1.265294367511818063e-01, 4.575477565995300644e-02, -1.409527877495434234e-01, -1.899078810136071299e-02, -1.943643325032607880e-02, 1.828639340257270235e-02, 1.941046146825986952e-04, 1.437665128197812558e-02, 7.146177556350225002e-02
-1.269839172012716677e-01, 3.722451942131652092e-02, -2.160362438838807353e-02, 1.635122300040143806e-01, -1.312869841951611050e-01, 8.009677745442225771e-02, -9.496753031250089461e-02, -4.071800334749690886e-02, -1.159745760472809806e-01, 7.535741975299894979e-02, -1.002556911821766289e-02, 1.008709042751363832e-01, 6.461589880315807277e-02, 9.405695549483522599e-02, 6.134598423618970592e-02, -2.744789688245753978e-01, -2.269037206950305294e-02, -6.326078842374051325e-02, 1.399295034319704943e-02, 8.060047134236049404e-02, -1.985381806482940364e-03, -1.159094052301362365e-01, 5.436910079893089026e-02
-1.276632147680978602e-01, -2.357287359769549839e-02, -3.152485095349553783e-03, -1.739506972481348265e-02, 8.780978647622983066e-03, -9.668157723738048104e-02, -1.308926508312657777e-01, 6.723009264315961755e-04, -1.683427396569226464e-01, 8.287474217754245420e-02, 2.003172210328764413e-01, 4.633384050268692794e-02, 1.873156437846109079e-01, 2.055952860924867287e-01, 1.165677196670505955e-01, -3.606955224617874878e-01, -4.262912378684134002e-02, -5.856184525701189220e-02, 9.023336296931758205e-02, -3.942686218220293332e-02, -4.731927959512349097e-02, 2.786752081521162629e-03, -2.704503659198004978e-02
-3.287745737189535222e-01, -3.265067070395364368e-01, -9.153719686210431972e-02, -9.150381203457425569e-04, 1.122332712692018265e-02, 1.324593581961694411e-01, -3.931502712951264779e-03, 4.432972693629255029e-02, -6.322548041585464296e-02, 2.256248152626283698e-01, -1.223488851918887593e-01, -1.528378206664559869e-01, 8.973840984841452428e-02, 4.141372713927651827e-01, 1.735138867040986188e-02, -5.588721046282801863e-03, 1.309329862406520273e-01, -5.192506451130132761e-02, 2.337105434819238339e-02, -1.178614200473082907e-01, 1.324373311886276744e-02, 1.298013855985082898e-01, -6.571660830886598414e-02
1.260796632978163911e-01, -2.427548975030987821e-01, -5.561157919650294712e-02, 7.527453209385511455e-03, -4.891809363874060484e-02, -4.823819549755540420e-02, 7.318964872992389514e-02, -1.437034759145732199e-01, -5.401018188118875824e-02, -7.968277106243534802e-02, 1.386977195696175932e-02, -3.456082837310994749e-01, 8.015423808739029210e-02, -9.246851350871784780e-02, 4.625760546996076084e-01, 2.046107878414239467e-01, 2.274147810786869839e-01, -2.675092508702384478e-02, 8.680745875159204261e-02, -5.584574252096216607e-02, 9.767569726913537254e-02, -2.487133747337265735e-02, -1.380853009459117597e-01
-1.941382624115456368e-02, 9.821427240947039339e-02, -5.382635836040051969e-02, -6.922692717485050273e-02, 7.470977143289648549e-03, 7.169751659824030732e-02, -5.043368314879734249e-02, 3.812502191414275220e-03, 2.393327632208507028e-02, 6.484866876719505568e-02, 6.476075369014071270e-02, 1.893762923835882184e-01, 1.824785433511725563e-01, 6.822698963598816668e-02, 1.580761555409364028e-01, -3.578504522038574581e-02, -2.850544596594976540e-02, 8.547159247390784254e-02, -1.340831927385370270e-01, 8.846791085671935895e-02, 6.958160617543097080e-04, -1.583097768474962252e-01, 1.129194838667386958e-02
-2.656967926910848155e-01, 1.357942928814364070e-01, 3.217059595080113549e-02, -6.040340388607134958e-02, 8.529337241626783195e-02, 5.852950891160676496e-03, 2.064743023060552907e-01, -2.472270912650597480e-02, -3.937925546288766065e-02, 6.058328326027370009e-02, 1.081458934104463643e-01, -1.327455688138803602e-01, 6.993481196991438095e-03, 2.042391069105024479e-02, 8.801751043920429118e-02, 1.780831323466620097e-01, 1.157938813012559798e-01, 7.932501707595402199e-03, -1.144043725524302724e-01, 2.954253609433966088e-01, 4.729627573855651329e-02, 1.751059263649575731e-02, -9.375730597230771957e-02
-4.632907063829930921e-02, 4.120540479261797229e-02, 4.839095202744512353e-02, 8.978068283016281403e-02, 4.881197066424267095e-02, 1.294802212797295515e-02, 1.688849410948869284e-02, -5.646506596138066436e-02, 1.412131525892403594e-01, 4.769307318331719898e-03, -4.771940982570844342e-02, 1.036031591594094997e-02, 1.830488552551695972e-02, -7.828097995414928442e-03, -6.881843694059361534e-03, 2.768299770521911451e-01, 4.871318946555025509e-02, -6.123208201404801987e-02, 4.852254468078981246e-03, 9.491520223794663869e-02, -1.694344462090210598e-02, -9.819421775858437618e-02, 1.221471528353315905e-01
-6.951793779504181203e-02, 3.702954893650056700e-02, -1.358515468398885651e-01, -8.069671037061000585e-03, -7.891427602039567668e-02, -4.500850636541377930e-02, -2.050502016989162735e-01, 1.770119936263198357e-01, -6.761901294711569754e-02, 1.123498371532462015e-01, 1.818274322295483983e-02, 2.021861102774059615e-01, 1.534653046841405943e-03, 2.143342608730654519e-01, -1.043029573494785173e-01, 6.303594222315309081e-02, 7.067161486193741793e-02, 2.880477131014012038e-01, 6.839280831152434736e-02, 2.670659216777367118e-02, 8.408862793754631748e-02, 5.946890402640932216e-02, 3.978006591784613577e-02
5.874999085953269695e-02, 1.346897343374739708e-01, -4.741774911189866604e-02, 5.968587650532421879e-02, 8.893018317103335013e-02, -1.480289514433064807e-02, -2.241476509882504853e-01, 5.831464408453027048e-02, 1.576064396307317803e-02, -6.651474935059166482e-02, 8.581325709230773480e-02, 1.597101576813449997e-01, -1.856427078690292554e-02, -2.101001215715227466e-01, -7.713364860258767330e-02, -9.349349671699687392e-02, -1.021765922906832658e-01, -7.398640282139531954e-02, 9.845220798083056946e-02, 7.014380670763177561e-02, -8.391251133001390028e-02, -9.972675579729622930e-02, -1.285463123956112619e-01
5.813651347524078500e-02, -1.194820937033086172e-01, -1.459561865140736325e-02, 4.775440785940898714e-02, 1.136830528906211495e-02, -1.462676619974263570e-01, -7.460286687178796505e-02, 3.639859507397745497e-02, 6.159711389553269856e-02, 1.084343962190610494e-01, -4.562164358523022878e-02, -7.441750109275557801e-02, -1.087798982326784319e-01, 2.912769276855453615e-02, -1.149852232567311200e-01, 2.024179621260678227e-02, -2.294000444655526147e-02, -1.141625813269870476e-02, -5.719453637687964276e-02, 1.898017178993405274e-02, 4.172091738101506297e-02, 2.786343521973191906e-02, -2.304454524834364387e-02
2.029360801006646967e-02, 2.125147892113349313e-01, -1.084075555116900819e-01, 4.901628873101881306e-02, -1.273232725766038353e-01, -8.476878655546497485e-03, -6.894866933208018689e-02, 5.713099302634674914e-02, 2.634454329385188531e-02, -3.913248801478090566e-02, -2.188295531180157322e-02, 1.393723569669672686e-03, -5.128225058820141263e-02, -2.366082287732600587e-03, 1.276710205423879814e-02, 6.177228975358998314e-02, 1.775080434240020738e-02, 1.967661846044417850e-01, -4.202850133298201285e-02, 1.049665172229622030e-03, 3.180473317168846376e-02, 1.872523023119032626e-01, 7.720846382837731614e-02
-6.016705703000562074e-03, -6.376194629447061446e-02, 1.449641307805603074e-01, 1.101464525902707964e-01, 8.489657011189175040e-02, -6.728071635447149812e-02, -1.487903133071106776e-01, 1.197454800855797252e-01, 1.536612243517283261e-01, -5.954709926406670517e-02, 2.679992642646845669e-01, -4.846751120733661794e-02, -2.383553446938221562e-02, -2.556190353182814790e-02, -2.565022972302754417e-02, -6.123698607700996804e-02, 2.738914242836705537e-02, 8.527655947561092742e-02, -1.178657012165649706e-02, -1.339722198516589136e-01, 1.651108580825861039e-01, -5.753102947112904986e-02, -1.249093160915813322e-01
1.336901524176159206e-01, 1.192333894747383410e-01, -2.308899435941462741e-01, -2.390915489010539061e-02, 1.910537076148195734e-01, -2.173651358659076452e-02, -6.615650526046210067e-02, 2.916199752981301144e-02, -2.420611459469572749e-02, 6.390179477685584142e-02, -1.474413294927574489e-02, -2.625716832574457801e-02, -5.086919603896936787e-02, 6.065586327878659534e-02, -1.642767005391656751e-02, 1.487828336763930559e-01, -5.852406548675486569e-02, 1.019817209136761049e-01, 3.412283755935723722e-02, 4.247124133025754339e-02, -1.861525758755926407e-01, 1.672011345493298884e-02, 1.364154509488647860e-01
5.715757861757745500e-02, 2.215619963330536790e-01, -1.140676914738027875e-02, 3.527343923287281496e-02, -7.502159240732826639e-02, 4.394468960730633228e-02, -7.023561076766593470e-02, -8.348007107944478700e-02, 5.485258296018626079e-02, -7.264930699058530505e-02, -9.964158438151993202e-02, -1.081896314265858999e-01, 1.297882441739200143e-01, 1.850912074004661956e-01, -1.357118671571299617e-01, 7.954244603982765782e-02, 4.004600735268881023e-02, 9.898114767544860526e-02, -4.235359680791389581e-02, -1.272257101282669445e-01, -2.500586425881414776e-01, -7.496135166218031998e-02, -7.985334170456474812e-02
2.840577840540337365e-03, -5.714231174651090983e-02, -6.351298218856275823e-02, -3.369180449484990292e-02, 1.680422438366349080e-01, 9.728620115417786762e-02, -8.027098562243446811e-02, 1.348816533069716606e-01, 3.381264139092147736e-01, 2.593917800823767328e-01, 1.178645095889909872e-01, 9.000973919872633233e-02, -1.384463406933751362e-01, -2.084619628900336585e-01, -3.085057080452697706e-02, 1.660398064264494711e-01, -2.166522041864324052e-02, 8.919424400517043938e-02, -2.086310685717852539e-02, 1.093251600273614371e-01, -8.629374617940140102e-02, 4.671637060422971499e-02, -1.388739803302941889e-01
-7.124416102700409370e-02, 1.158428518822041953e-01, 9.769721619275573143e-02, -5.292351816655174040e-02, -2.118001122137004588e-01, 5.271132697173127810e-03, -2.336676275485175258e-01, -8.095287264989917131e-02, -1.044976546741990531e-01, 1.935464714881286394e-02, 3.691152848649435769e-02, 9.113597346222793161e-02, -3.004411563387429096e-01, -3.590374178392545246e-01, -5.197211664136858200e-02, -7.978861393859905393e-02, 8.423344553810160895e-02, 3.603239464096465172e-02, 1.651678786784862574e-01, 1.595974717866777831e-02, 2.378854159313100181e-01, 1.000885058954712782e-02, 8.782662127777568495e-02
3.514786179550241640e-02, -1.529848068657218008e-01, 4.597142776047292295e-02, 2.874764310652296387e-02, -1.233155859247933167e-01, -9.629758720408429506e-02, 1.250590708126034234e-01, -7.655972325856238297e-03, 1.110163872562204695e-01, 1.029962786351198978e-02, -2.251978436521616736e-02, 1.785855218099244301e-02, 3.908985172561716889e-04, -1.307441353324152733e-01, -7.569654402826887785e-02, -7.765767715632101997e-02, 7.334639873078702133e-02, 9.424121085163277012e-02, 9.183145980983689616e-02, 1.117600378000164069e-01, -6.871739329578216426e-02, 4.137958306951761839e-02, -2.209858075857931425e-01
-2.454699790709857776e-02, 5.131693542893554782e-02, -1.657248036113760994e-02, 8.609227671474044274e-02, -4.954459733375099484e-02, -1.792396754243456569e-01, 1.804617989733851846e-02, 2.291867564572830085e-01, 6.122326918186691593e-03, 1.440954416404661154e-01, -1.044323626134855409e-01, 2.115063250642847462e-02, 1.056136690128805233e-01, 1.142307067358648703e-01, 1.313802677785088080e-01, -1.394605407698094324e-01, -1.125053131082957326e-02, 4.068203843313071338e-04, 5.675005284838947200e-02, -6.841382038118831894e-03, 2.871748075476405690e-02, 1.205923545646029327e-01, 4.619815264319872272e-02
3.268264406412354356e-02, -1.256181084725108699e-01, 1.669864930976573958e-01, 2.842089827929719995e-02, 1.118200879288358124e-01, 7.537662591702139203e-02, -1.739867946605248850e-01, 8.274521959653972913e-02, 5.875368464747555280e-03, -1.477215499475094673e-01, -5.282371361765277745e-02, 9.597421209315258606e-02, -6.043530560499160709e-02, -3.910627320592727912e-02, -1.372239642857567832e-01, 4.545056911021076035e-02, -1.105045475563402879e-01, -1.911425027715734637e-01, -6.696584677344001590e-02, -1.427907472364234320e-02, 1.530773859484096389e-01, -1.710445611958088391e-02, -1.855034944066998870e-01
6.897519802138399499e-03, 1.448060323441379416e-01, 9.029683947199565464e-03, 1.283216819599617420e-01, -1.548361904754247675e-01, 5.925607230937909040e-04, 5.704887270419077561e-02, 1.384062780842561756e-02, -1.049986746163436291e-01, -1.425591283229633854e-02, -5.714253009813237416e-02, 4.771177503218142907e-02, -1.881124416271470756e-02, 5.424770584955156127e-03, 2.713863770913060858e-01, 1.527004405082009464e-01, -1.322591715901320630e-01, -8.592638338208953563e-02, -1.964704990995778944e-01, 8.825257461990618224e-02, -6.391398652414134740e-02, 6.229390719131452925e-02, 9.979985571435540104e-02
5.309130302144591390e-02, -1.575038352938962771e-01, -6.847559231114479228e-02, 1.729259941656001789e-03, -1.948182791193382724e-01, -2.479120329074629703e-01, -1.163049068057810109e-01, -7.543419092900466305e-02, -1.072221074081329030e-02, -4.078890453677905953e-02, -2.323157074704803871e-01, -9.254089013234174932e-02, 1.788548440725457600e-01, 3.006254589431469615e-01, 1.268919618595528709e-01, -1.212292711317229828e-02, -2.650554683035998699e-02, -1.133167506397439600e-01, 1.535257522622273385e-01, 1.638118662149585722e-02, -1.759471221806597208e-01, -2.584712157139977193e-02, 6.880735738407234466e-03
-1.212106015165581308e-01, -4.194021583677538523e-01, 5.775838692739359431e-02, 5.510582602272093289e-02, 2.828707699469901748e-01, 3.773311018325907762e-01, 9.791429651968762415e-02, 2.315855339815723335e-01, 2.034263033145153055e-01, 8.483318662612367167e-02, 1.432219298216280516e-02, 1.987465644811303167e-01, 3.390234874953934607e-01, 5.379479884387782240e-01, -2.980561266790659469e-01, 5.043019329437186116e-01, 3.198245975637071248e-01, -1.806397933409658318e-01, 1.379135931887741362e-01, -1.478817405450225386e-01, 1.327479240455495535e-01, -8.858840953691775322e-02, 7.949008963731746258e-02
1.795013582764678761e-01, -3.288159577647895571e-01, -1.876953051695432265e-02, 7.235664213129305855e-02, 3.464835143690604968e-01, 1.737522383322357700e-01, 1.778457454598700027e-01, 2.676316406266416315e-01, 1.256191187856874336e-01, 4.842334401718434433e-01, 1.827311678877794887e-01, 2.306397966970292757e-01, -5.268972348914983256e-02, 1.210504948153497545e-01, -1.446754997990836074e-02, -1.483673265782336492e-01, -1.509458727764395602e-01, -7.430802809677150567e-02, -1.849583221541911404e-01, -1.005148300227171887e-01, 2.082966129303381268e-03, -1.257861837100292257e-01, -1.001141229358200185e-01
-8.586410225698232201e-02, -3.504395831335178207e-02, 2.215810707185045594e-02, -5.385502215731690495e-02, 5.748430998694765287e-02, -8.960277834794358465e-02, -7.310402985441555312e-02, -7.717340365670641300e-02, -1.623847113215192983e-01, 5.853874344706101046e-02, -4.731961435918031339e-02, -2.732735450496061036e-01, -3.318050492366013127e-01, -1.286580428135199183e-01, 3.252881054793445026e-01, 1.961655103658398180e-02, -1.021074674771776068e-02, 1.422212161064539127e-01, 1.096762994314187147e-02, -8.079126719909286714e-02, 2.559771261981361179e-01, -7.272874241085353075e-02, -5.260194385259796962e-02
1.018887742348498493e-01, 2.751263677046935502e-02, -2.128034177776045102e-02, 1.690269195647327027e-01, -5.665586359178764221e-03, 1.017346502358625320e-03, -1.269924500140359735e-01, -2.139119465985523938e-01, -3.064215729512914099e-01, 5.189835553600710694e-02, -1.075393310779457351e-01, -3.786409866593204443e-02, 5.754549317434595745e-02, -2.837022117316145842e-01, -1.132225130640018423e-01, 6.435372351661794443e-02, -1.075451138398145212e-02, 1.551512113807318460e-01, 1.604105142369659509e-01, 3.447963984307264584e-02, 1.994243412158910045e-01, 2.136263648172199714e-01, 8.022868957173943938e-02
-2.629034124659311925e-02, -3.490152009941015487e-01, -6.086124944904187234e-02, -2.572600354382598153e-02, 1.117363210281627633e-01, 1.641112228638374471e-01, 1.188918001338507696e-02, 1.127379890335088453e-01, 4.679870245016956587e-02, 4.281482221058987431e-02, -1.265868080090052916e-01, 1.832517593988150506e-01, 2.002707938181952918e-01, 5.843617089275322529e-01, -4.801542161045000562e-02, 3.136596274037459775e-01, 1.106915213906017187e-01, 6.551917983286793812e-02, -9.504750383576088604e-03, -1.142717748287595952e-01, -5.954768279462192837e-02, 3.804987763402428030e-02, -1.135762002525565230e-02
-5.879181264385790334e-02, -4.924604510535133262e-01, 8.862799010251319609e-02, 9.999816893685591068e-02, 2.419114317728564834e-01, 1.565701245642168726e-01, 1.615283543176230241e-01, 2.484812942555547910e-01, 2.133505078389336118e-01, 9.056921333300715915e-02, -1.223424878571786716e-02, -3.055302533315882099e-02, -2.248167722954585723e-01, 1.148121164059294985e+00, -4.775289850841887146e-02, 2.454201523525871564e-01, 1.344823100552204886e-01, -2.443000916315504669e-03, -2.544865361478983457e-01, -1.059931163538000293e-01, 9.583148651915673888e-02, -6.270796971730178970e-02, 1.666856260029341702e-02
4.375259425878525593e-02, -1.900690852508611917e-01, -6.288562337778267307e-03, -8.636594479061106278e-02, 3.429458046780094471e-01, 5.638763619938299415e-02, 2.893374024601380601e-01, 7.871916955798312354e-02, 3.112274463449537509e-01, 2.261318795205974341e-01, 1.171644907149849840e-01, 3.211287067811472995e-01, -1.038832474255261575e-02, -1.801704144410798958e-01, -2.206616981305093567e-02, -1.620927438308366053e-01, 2.928027507831234069e-02, 1.259617098588087548e-02, -1.203801095219159539e-01, -1.438506728659171563e-01, -2.391325796725321251e-01, -1.543069824884774344e-01, -4.706382864183047271e-02
-2.339832046865248372e-01, -1.130426485236039752e-01, 2.018882851785724040e-03, -2.001646292766867119e-01, -4.537694870741841580e-02, -1.298294272929168824e-01, 1.666068416686093678e-02, -1.496618996841616034e-01, 2.193475502547635736e-02, -4.092451669779120609e-03, 1.752519644659752615e-02, 5.448765336541977478e-02, -1.794116920454198183e-01, -6.404965358834799859e-03, -1.329910168114759594e-01, -1.091770404982542186e-01, -3.185421482957361515e-03, -2.109959801404507340e-01, -5.748186926708782896e-02, -8.804968452369842102e-02, -7.793024307327134359e-02, -7.497462495802536273e-04, -1.563067715279038428e-01
1.222131695518966811e-02, -1.532777762692073831e-01, -1.233479831323680970e-01, 6.150138235703247330e-02, 1.839606224559002245e-01, 8.406894178602085377e-02, 5.866552534194998531e-02, -2.316258914547790135e-02, 2.095494315363042592e-01, 1.215465558803727891e-02, 1.792603799824302457e-01, -2.665150719117554898e-02, 1.705205331490451393e-01, -8.212888226447610449e-03, 2.174295655970432881e-02, -1.670050123005456799e-01, -1.104215715630315134e-02, 9.372499019817008559e-02, -2.278660033725686818e-01, -6.042172767603692929e-02, 7.806775485737588172e-02, -1.132508340177582340e-01, 9.505282693882938228e-02
-1.357300152933458293e-01, -1.021791577937290474e-01, 4.353535004149365617e-02, -8.779816592845811341e-02, -1.569182656422825339e-01, -1.162264056114416799e-01, -1.655628883167889476e-01, -1.310289325929205051e-01, -1.915404277517714360e-01, -1.196294653665217200e-01, -2.253150676988367462e-01, 5.471326094113565519e-02, -1.820094832206408941e-01, -8.594946726259380942e-02, 3.585740576790574785e-01, -5.823705095448433039e-02, 1.546731694736060980e-01, 1.793521143359502468e-01, -1.501546109413350212e-02, -8.313666416268335191e-02, 6.114180048336913254e-02, 1.003151529046995977e-01, 1.215248707308593246e-01
-8.915596253743114652e-02, -3.059213876788011710e-01, -1.406619985357799862e-01, -1.002878791788352486e-01, 1.221713519953261107e-01, 4.254585602122009091e-01, 7.459203274114907523e-02, 1.399180934547315236e-01, 2.245393502245013051e-01, 1.453130874364716163e-01, 2.737533604157358358e-01, 1.006142549037355172e-01, 4.376427524690740950e-02, 2.240002832318475634e-01, -6.039584703351395106e-03, -1.244710084690364982e-01, -1.467803566149782912e-01, -3.620358430227987867e-01, -1.474005526761115459e-01, -1.794251297800253386e-01, -3.494100319402670268e-02, -9.549464631027816675e-02, -1.090636546506135035e-01
-2.723399773789633976e-03, 1.912458921933231082e-01, -1.127820037675738157e-01, 1.430852355776267848e-01, 4.909617478854263334e-02, -1.110782952783362088e-01, 7.352319356585163002e-02, 1.367867040521342226e-01, -3.062002665127752654e-02, 4.789653959755586082e-02, -2.543921777374116844e-02, -4.414383703810438597e-02, -1.338950443839110327e-01, 1.675016499901278710e-01, 1.063590280555962997e-01, 2.367026451561721548e-03, -4.998027755008766643e-02, -1.830970809995599857e-01, -5.623110882353298673e-02, -2.354726756932256498e-02, 1.903744496028065419e-02, 1.967626049331547278e-02, -1.646851512820287633e-01
8.982686003881966419e-02, -1.137343490820851011e-01, 7.558975101448829614e-02, 6.335439773625194115e-02, 6.606554309469891972e-02, 1.519168571548127900e-01, -2.518975050769747467e-02, 2.146903828786139029e-02, 7.977162570824618271e-02, -9.819370103982955067e-02, -1.421014947895203051e-01, 7.321867295414120902e-02, -2.924533591024438064e-02, -5.676302655938079283e-02, -2.811417647139699549e-01, -5.567614425975073167e-02, 8.494774761216455916e-02, 1.715485138742315618e-01, 1.737197398319537123e-01, 4.333359722652389834e-02, -4.748005493323685655e-02, -1.244933465032841552e-01, 1.030825401397922336e-01
6.068839857325119408e-02, -5.740919499456677982e-02, -1.254238208062798676e-01, -1.326686796067420016e-01, -1.912685386331435325e-02, -3.316540345249215788e-02, 8.733784373658913525e-02, 2.430460302530157782e-02, -3.058322730221498323e-02, 1.668424681041070778e-01, 3.235642157127290031e-02, 3.044640300974383804e-02, 6.638392153031140441e-02, -2.975462072741942143e-04, -2.827890189516422612e-02, -7.652388327426674734e-03, -9.374995583395982768e-02, -5.835362221451682180e-02, -1.326214716461948107e-01, 3.539989714981379293e-02, -6.282132257758758775e-02, 1.703890962940785847e-01, -1.084611967168145064e-01
-1.036892273705839612e-02, 4.065154143916738932e-02, -1.943509445061271379e-02, 6.308365255534513494e-02, 1.474216460249467564e-01, 1.372887939125345680e-01, 1.079790243360953528e-01, -1.135618071895583281e-01, -7.898506520951906196e-02, -1.024215774427338771e-01, 1.505762732882727217e-01, 7.643189799741627322e-02, 3.148903587776014090e-02, 1.786613050021809007e-02, 1.287017934606176917e-01, 3.997113352934244385e-02, 8.282410619898242579e-03, -6.491163666427214596e-02, 1.159388918544125568e-01, -9.156354588195837751e-03, 1.259495287295276378e-01, -6.195833221622833176e-02, -1.421992414413597028e-01
-3.843600341129596587e-02, -1.690281444587510284e-02, -1.183898694835940346e-01, 4.138685390706086514e-02, -1.612077009240071856e-02, -5.124510529065866987e-02, 2.402552312549214031e-01, -1.119066926249222410e-01, -5.288049987334862007e-02, -4.779299363198722533e-02, -9.165159067841115170e-02, 1.346982787520034641e-01, -6.708135031276488136e-02, -1.763346885359214911e-01, -2.636634111378305390e-02, 6.406095962383966114e-02, 7.311819478061773458e-02, 3.760947492838791206e-03, -2.590898494257590570e-02, 1.421474522762875559e-01, 1.362447006785863224e-01, 1.711595972834195345e-01, 9.343675627447362020e-02
1.193575577037743057e-01, 1.470785690562124992e-02, -4.828672054031179356e-02, -1.305168833596712097e-02, -7.058914962951656769e-02, 6.158247163543272007e-02, 1.472229597131547996e-01, 1.390144295068626579e-01, 1.307960511965285816e-02, 1.491119277896948460e-02, -7.410074675723819781e-02, 4.018928642130798791e-03, 1.851077778928465201e-01, 5.115237882896248728e-02, 9.821321093257343038e-02, 1.027130797816338675e-01, 1.228458876964761692e-01, 6.032534334170791546e-02, -9.358089644562682385e-02, 2.897887582126810677e-02, 1.376322853001561708e-01, 2.727523831259668838e-02, -1.904156641777491055e-01
1.567266113406176609e-01, 3.466353049907659051e-02, 4.158385898152681948e-02, -3.051447096579393281e-02, -9.477577137634214666e-02, -6.001979903327714361e-02, 1.164942338436173314e-01, -8.748015006941470273e-02, 1.272705635043336510e-02, -4.787524773123924549e-02, -4.791620025233971764e-02, 6.304761638753492159e-02, 1.878539051304997931e-01, -2.187113920032975889e-01, -1.087590921568625246e-01, -7.336356400018870239e-02, 1.798803224987098257e-02, 1.190123684325808257e-01, -1.676913496092569122e-01, -9.335013973956822475e-02, 2.355859041007258292e-01, -4.393581599243125829e-02, 1.317375040056144864e-01
3.354163900063922288e-02, -6.539321726755049913e-02, 7.648073041733327582e-02, 1.738737229181721300e-01, -2.093927328493650625e-02, 1.073198368679039033e-01, 1.158598870955479671e-01, -1.093161762183769842e-01, 1.660108153526158314e-01, 1.537706141926092618e-01, 1.563710979865813588e-02, 1.747511497895152741e-02, -2.088300415159232148e-01, 1.211809480891870572e-01, 5.417268223517798797e-02, -2.540054923703253809e-01, -3.074715656873650959e-03, 9.059510636568643416e-02, 1.019390827052578247e-01, 3.490541454599760396e-02, -2.228065290382970007e-02, -2.498988851973368563e-01, -2.513871789061976059e-01
1.174398507695599558e-01, 1.530782536493494883e-01, 4.308448402333212718e-02, 2.584464533041565537e-01, -1.265481563465199466e-01, -1.108686284240763958e-01, -1.397545524194366770e-02, 2.928580820970363985e-02, -1.865219744283175274e-01, -1.687033151461640457e-01, 1.243643920156418808e-01, -2.055657123938202380e-01, 1.371630336281688123e-01, -6.845064230728512000e-02, -1.572284848433332105e-01, -2.213209601978725072e-01, -2.538133221256439268e-02, 3.425360447724349472e-03, 1.169447037048535337e-01, -1.002023383611148205e-02, -9.239360149782388509e-02, -1.535677478201581334e-02, 1.015033748888578558e-01
-1.639500330245139414e-01, 3.285962084698978436e-01, -1.063163394962748226e-01, 2.120762841216972672e-01, -5.496247642074651024e-02, 3.169191241495338679e-02, -8.415863913764627668e-02, -9.029042748968803267e-02, 6.506706690008474958e-02, 2.566392865920298291e-02, 8.316635210874294415e-02, -1.707291285337045050e-01, -3.423633653070676242e-01, -3.780894491948943448e-01, 3.422254051817411741e-02, -1.334892899109577091e-01, -2.879876560619220038e-01, -1.460433671303157654e-01, -2.435850755561648484e-02, -1.777771849501699197e-01, -2.982835532297638259e-02, -1.824595436567103268e-01, -2.928360092153421967e-01
-6.779763353026017902e-02, -1.316984368222529622e-01, -1.705263346663445367e-01, 7.179403910356874086e-02, 3.658275587621754449e-02, -2.762003200082272306e-02, -1.258399766328745506e-01, -1.104095757161873692e-01, -1.283904201950653579e-01, -7.808690364219168789e-02, -1.179834368958835450e-01, -4.143880418886666112e-02, 1.438238410588934396e-02, 1.975390260895148742e-01, 3.358064688579491253e-01, -1.592479139799405086e-01, -9.466342458564708240e-02, -2.854164064645242985e-02, 6.834460753015919598e-02, -4.782125632901637613e-02, -4.745706458517749693e-02, -1.137496501554391137e-01, 2.039125594641728184e-02
-7.986557056206894378e-02, 1.555422596223882126e-01, -1.277996120247976708e-01, 7.457440576479523742e-02, 5.043747489343390622e-02, -1.201205876806573508e-02, -3.859696050068388978e-02, -6.151161849929210473e-02, -6.147679155033115850e-02, -5.920386645575932694e-02, -2.341474735197245916e-01, 1.518621244102341672e-01, -7.625639115526795797e-02, 7.485781496526726364e-02, 1.313963058093611759e-03, 8.868806622308572640e-02, 1.156539725927532760e-03, 1.283520157000634099e-01, 2.653879157243200278e-03, 3.398023384196414282e-02, 9.658117035857680457e-03, -9.086066419712175019e-03, -9.438108982176640627e-02
1.764465179895259583e-01, 3.714423108859678940e-02, 4.012956640985259477e-02, -7.845657587681094391e-02, 1.336519520602530431e-01, 9.036019152608525118e-02, 1.112027303999346128e-01, 3.448077828885492274e-02, -7.368232971999627567e-02, 3.172833931043997358e-02, -2.179461842991312348e-01, -5.337108117405738733e-02, -4.915501747793182830e-02, -2.420566081207390363e-01, -8.195623135080083721e-02, -1.067025939539737872e-01, -2.610687299201606189e-03, -9.262676217243245858e-02, 1.199967991017848040e-02, -8.272639578325625964e-02, 7.872348954891378314e-02, 1.677939335682807620e-01, -1.995702863980231782e-03
-1.999960787311488505e-02, 1.670568888589642198e-02, -7.767435661250880925e-03, 1.736706397395351709e-01, -2.543005546702546346e-02, -1.945004730399326615e-02, 1.671817663311213342e-01, -1.420055411132585717e-02, -1.374733833496410151e-01, -9.858188405831382062e-02, -2.039407557750598232e-01, -2.475814625966908655e-02, 1.449106625091705347e-01, 1.756339333213880749e-01, -1.864005551830414664e-01, -7.104644874466518531e-03, -1.778443551739432582e-01, 1.748262611455376758e-01, 4.323071387148558209e-02, 1.701292587488972483e-03, -2.065036325217504964e-02, -1.715665575717383595e-01, 2.165122080471170163e-01
7.077079073752298721e-02, 1.014457295379653928e-01, 3.849085960518019989e-02, -5.974215292878106570e-02, 9.544220142263193374e-02, -9.893640680978458071e-03, -1.771760905712553222e-02, 8.246213500896630577e-02, 5.923757640693480672e-04, -7.897568495605777894e-02, 5.730243157472465071e-02, -8.186919702850459224e-02, 1.210857700242188029e-01, 5.545469863118361598e-02, 9.169919489213737562e-02, -5.149433996057452972e-02, 9.142451319560358780e-02, 1.722475817977301704e-01, 1.654040251583875631e-02, -1.048394008718109109e-02, 1.273011155937463224e-01, -6.800967858422388157e-02, 1.538962319791618016e-01
4.174242039046292818e-02, 8.637556706691414121e-02, 1.826999083106740571e-02, -1.371803656069302546e-01, 4.478953366533409974e-02, 1.223316044037867957e-02, 6.621084307377191058e-02, -3.755470014264408740e-02, 3.929373489157906435e-02, -1.034222534155031514e-01, 6.915351058563544429e-02, -1.507087345246840293e-01, 1.448989773538381931e-01, 1.773427365766612473e-02, -1.453726415468591104e-01, 3.426653658647856038e-02, -1.744571366399016721e-01, 8.335052822227240199e-02, -2.031653162384185196e-01, -3.221684799154362483e-02, -6.267417210545320194e-02, -1.213392959488509698e-01, 3.849396121455812836e-02
3.890924370129985460e-02, -1.170850271982006169e-01, -1.633451477819568842e-01, 1.540126405158506462e-01, -1.217153831447801912e-02, 3.798873200444179143e-02, 1.185811361637287148e-01, 1.084002784994679142e-01, -1.185897199574800776e-01, -1.780270431753227800e-01, -8.854633090597403833e-02, -4.042168828807498476e-02, -1.755370436000971424e-01, -1.443554888758039612e-01, -3.631123958837565585e-02, 1.233036240993523429e-02, 3.920558946327976080e-02, 1.486525275843238458e-01, -3.692735261151056103e-02, 5.332925444959092653e-02, -7.647440829352947222e-02, 8.328962564449668426e-02, -4.144036116614319143e-03
-1.713448921259510815e-01, -1.604336863320141027e-01, 3.339819662223417890e-02, 5.481159590977782714e-02, -2.733585193244671835e-02, -6.674638787447947919e-02, 1.787780608320822806e-01, 3.640496375938746809e-02, 1.609216052652707660e-02, -4.732262787062030407e-02, -4.986699883084870673e-03, -8.662456924815745141e-02, -2.009106156556159373e-01, 3.327788819444959384e-02, 3.270099909072609473e-02, 2.139343426486953539e-02, -1.704706471774965482e-01, -1.182276381653075137e-01, -1.520667257918346775e-02, 1.549999541885034859e-01, -5.047792865186249284e-02, 6.730977548222304152e-02, 7.259610508242646254e-02
1.308714087821859044e-02, 4.489881678100605261e-02, 1.688012088143832912e-01, 1.422900821367510671e-01, 1.219598613526843081e-02, -9.506690329135047968e-02, -8.402413502590376504e-02, -2.121854722103659607e-02, 5.326450562490835788e-02, 9.993525975062046707e-02, 2.800681011574136792e-02, -9.118418884559524595e-02, -4.815806183900091242e-02, -2.326105439419970666e-01, 1.782749865442127546e-01, 1.357406921708974312e-01, -6.957918490726772154e-02, -5.510753244200369133e-02, -4.502884530731735111e-04, -6.083604011679464088e-03, 7.008185906107569293e-03, -1.020582912968309719e-01, -9.653606004961322318e-02
7.418113451653830792e-02, 2.534653786216130578e-01, 7.143926446461185131e-02, -2.901937791133186728e-01, -1.325880723279980189e-01, -4.770544022965966802e-02, -1.004449261639045049e-01, 6.466793842897215761e-02, -8.953690639804345874e-02, 2.444805769348304750e-02, 3.584457027913257043e-02, 7.257298169358024353e-02, -2.595386679225168344e-02, -1.342988203577399203e-02, 2.572217792901763667e-01, 7.463712660412224857e-03, 8.719597110960665420e-02, 1.362940043948988600e-01, -1.153112302074474349e-01, -9.209784008664918115e-03, 5.270004998136700904e-03, -8.309787756489795188e-04, -5.970618060289933221e-03
-1.842905535599658473e-01, 7.724621252924633585e-02, 5.457944674454259099e-03, 5.734300141999196243e-02, 2.759646978573742845e-02, 1.135657253937228522e-02, 9.590489891704874481e-02, -4.904412544295864984e-02, 9.634047009811079476e-02, 3.013111001513649537e-02, -7.215082321184654313e-02, -1.082917259221858643e-02, -7.351866252587441718e-03, 2.354171078078523549e-01, 7.762535648857832316e-02, 6.921451722663519990e-02, -7.886603311185137744e-02, 2.534950246758661471e-02, -3.373886740886979096e-02, 1.744242249617716789e-01, -2.098708250599363445e-01, 1.029969586555601509e-02, -8.981122205717494145e-02
