-3.017945567149671882e-01, -7.218931214722887346e-02, 1.493821091730754558e-01, 7.798573788741357260e-02, -2.083424520358353668e-02, 3.526948568492505043e-02, -6.570394323779091272e-02, 6.140236135657962252e-02, 6.230143578517400443e-02, 6.710784245532490366e-02, -2.761331977826709250e-01, 1.967216631215491437e-02, 2.820401176016495426e-01, 1.041551659637701965e-01, 2.445240384914191233e-03, 1.091921354207090744e-01, 2.209179165574203241e-01, -5.096750674687795801e-02, -2.112660080994674394e-02, 1.553660940015338943e-02, -1.496691796805418584e-01, -4.162519165613463162e-02, -1.314631966589082379e-01
-2.882599750080656192e-02, -5.212572596361717339e-03, -1.028248656321912591e-01, 1.735635390096919653e-02, 1.181394229406870083e-02, 7.215951385102231663e-02, 1.768152794117759663e-02, 7.237089222964519786e-02, 8.237808383688945135e-02, 1.466393548236528677e-01, -5.904206469620239955e-02, -9.202188643571673765e-02, -5.201636130341032865e-02, -1.459875969206310964e-01, 1.636341917616682406e-01, 1.513254004536408737e-02, 1.071390513220104798e-02, 2.201072528564835401e-02, 1.118034953368493012e-01, -8.198005046204935239e-03, -7.308706913750190326e-02, -8.747117697622300292e-02, -2.363181685196865181e-02
-4.807993322549053428e-02, -4.711750512133179580e-02, -1.740808855742109751e-01, 1.422360127526955120e-01, -1.166122577276915012e-01, -1.730263277558289070e-01, 5.470615777371666544e-02, -3.783303014204338066e-02, -1.014647101541948787e-01, 3.350431025751601094e-02, -5.924008572159680797e-02, 3.609206965645920390e-02, 8.011168515691825809e-02, -9.557123911847337228e-02, -7.293494258061219981e-02, -1.054528595972538396e-01, -3.310731576227688572e-02, -1.730809090023120445e-01, -2.314375598682917590e-02, 1.054961233217947547e-01, 5.874796565617453059e-02, -2.185296976534784330e-01, -2.601249817836620015e-01
-1.244039001507017822e-01, 2.936705329665984313e-02, -6.762794219224788073e-02, -1.736421462011615291e-01, 3.733159841668671347e-02, 4.444638141902948480e-02, -2.442081298843360934e-02, -3.286175632638733968e-02, 9.319138753106358253e-02, -1.191561344663318450e-01, -7.397044173796006594e-02, -6.739837131763082301e-02, 4.173493538526015095e-02, -7.035222886924608066e-02, -2.715598187054288903e-01, 7.434753900877562327e-03, 1.693529515809575614e-01, 6.214970922670951664e-02, -6.172231732753768324e-02, 2.794949326541349560e-02, 2.919119899694689463e-02, 1.043449593913340356e-01, -3.685010996841590891e-02
-1.438055760930185556e-01, -1.651245297589088723e-01, 4.433964234632705587e-02, -3.846953453128058170e-02, 4.558982928953157071e-02, 1.438762303301312218e-01, 1.540375147817146240e-01, 7.558270120635889044e-02, 4.568544120754498838e-02, 1.864946138698077294e-02, 8.412062505142271426e-03, 6.828550370927725932e-02, 1.599411781541274502e-01, -8.416492800057427670e-02, 1.052199167054877343e-01, -4.016945057737151409e-02, 7.072533292588899234e-02, 2.466637515240431566e-02, 1.599234763651802976e-02, 1.766184625692580334e-01, 1.510266229759454903e-01, 1.062972052664497569e-01, 2.150531802138332949e-01
-4.429338675000876052e-03, -2.945515552588616748e-01, 4.149218149331200534e-02, -5.420636592883929655e-02, -1.202941006907649740e-01, 2.738134391634435699e-02, -3.524904933835998344e-02, -1.794105712079014370e-01, -2.113049512737020519e-01, 4.612082123582648269e-02, -2.094337423319829819e-02, 2.146654854480031793e-01, 1.588537732135560654e-01, 6.274952064914007810e-01, -5.894744971780838116e-02, 3.108788946682518664e-02, 1.477977340016379919e-02, 2.277742853468960743e-02, 1.803574914110278038e-01, 1.646770467328887155e-01, -1.242651985317465152e-01, 1.612726188744853517e-01, -1.921655853414529491e-01
-1.007137742325559804e-01, -2.913187101180457761e-01, 6.276345076378390953e-02, -6.951609099240410594e-02, -2.487737341799054758e-01, -1.067982060576717074e-01, -1.122529369127518196e-02, -1.282766373507899516e-01, -1.592597350200546449e-02, -8.085121919350932163e-02, -2.476637031972226954e-01, 5.266684640440437437e-02, 2.767412174914474221e-01, 3.784897976931769215e-01, 1.460275520526579940e-01, 1.569647756391476245e-01, 2.034420986999724845e-01, 1.091723759056492382e-01, 1.541311273144595206e-01, 1.074031630209195676e-01, 4.816151534667703626e-02, -2.801787934869295199e-02, 1.646550763245250085e-02
-1.150101708505694015e-01, 7.504063070907736333e-02, -3.079446129205740471e-02, -2.537244015940067973e-02, -4.964156048503944041e-02, -7.155758497074954372e-02, -8.573070953794091620e-02, -1.848177317925183971e-01, 4.018389879434859646e-02, -1.687920007372775144e-01, -8.356140876124600048e-02, 2.421606788448098235e-01, -3.103016127701315185e-01, -2.279531648060385829e-01, -9.483188098942692268e-02, -1.667777650766169920e-02, 2.664163281880545520e-01, -1.068133888616085575e-01, 3.409022615632280317e-02, 1.633510157197229362e-02, 1.661380898564583375e-01, -2.960236249157608551e-02, 1.805457783250649928e-01
-6.735546101472969505e-02, 1.808851974111253813e-01, -6.816817539743727505e-02, 4.962260150134604857e-03, 9.420951935047199022e-02, -1.383117975036985137e-01, -2.552523688293145132e-01, 2.235521234180914696e-01, 2.147997362476905814e-01, -4.080393698503642641e-02, 6.055850566681286740e-02, -4.201108333631482089e-02, -1.336792033548091507e-01, 1.049391182913577414e-01, 6.731352622825997889e-02, -4.928381325002627322e-02, 8.019529364818329953e-02, 7.587242580806315140e-02, 1.126990035903111254e-01, -3.256043419335747507e-02, -6.311717863346581747e-02, 7.322092433450536064e-02, -3.546256352316658200e-02
5.435580400010599916e-02, 2.206458894911182411e-01, 2.599465200970660708e-03, 5.966116868827966296e-02, 7.149031256782970023e-02, -5.083512731747227148e-02, 1.629958831249507870e-02, -6.549515362584604206e-02, 2.038634272011636273e-01, 1.390831849179942625e-01, -1.076529882080569794e-01, -8.287991422616705628e-02, -2.658094208947692563e-02, 1.146712681193417099e-01, 5.427037041184725776e-03, -5.245830399526084029e-04, 2.642837975749155049e-02, -8.816542607051315594e-02, -1.278414669484979616e-01, -3.554743858780672061e-02, -4.699005133498393438e-02, -1.659421884547496867e-02, -4.571630061483248492e-02
-8.073054112033049845e-02, 1.403202528379451919e-01, -2.189665941734209587e-01, -1.100101786610413907e-04, 5.452037635152717776e-02, 1.999569143979250951e-01, -1.603664203257976553e-02, 8.684410320929102090e-02, -1.075042319389819812e-02, -2.509217687943277736e-02, -1.396277197443892559e-01, -1.334422395206327945e-02, 3.678301808285902585e-02, 2.050106415732780851e-01, 1.036855242712909769e-01, 6.628169182114522495e-02, -7.778042670222633237e-02, -1.183756718085388210e-01, -1.519579931978824461e-01, 1.279030772315410402e-01, 2.209932469807557656e-02, 8.359545224322101342e-02, 7.586857361885421258e-02
-2.111853735730783721e-01, 2.666789476036694750e-02, 9.825354903081259805e-02, 6.725883461600427882e-02, -3.381961037622752825e-02, -8.580383522633434901e-02, -3.026242996008270125e-02, 3.748042020117787337e-02, 7.761786135062857805e-02, -9.861152763966014867e-02, -1.361323982569685731e-01, 9.356568543543736238e-02, 9.105880194046567233e-02, 1.314906353726935373e-01, 5.354787929324796719e-02, 1.293974930640268417e-01, -4.349890398476874420e-02, 1.353576437942148325e-01, -2.943383544497251043e-03, -1.601351380461822627e-01, 1.586786729736414381e-01, 1.126379986237152908e-01, 4.935305409728382026e-02
2.209629645349565630e-01, 9.366125239323631890e-02, -9.603361856477767022e-02, -7.775550476576011116e-02, -1.823494299366135718e-01, -4.246825195889438603e-02, -9.357815869983646118e-02, -7.721142139528462678e-02, 3.770095295082511594e-02, -2.016182029658060426e-01, -1.949584357516795929e-01, 3.931297239001246835e-02, -1.294016276335014648e-01, 1.493456390183172111e-01, 1.016178135322261256e-02, -7.546843722591931036e-02, -1.058547381459873926e-01, -4.348651151893428990e-02, -5.677354337477377028e-02, -6.597693616440042375e-02, -6.429589447463887608e-02, 1.830116341633785115e-01, 1.343630216201687488e-01
9.505606087012766214e-02, 1.164831133267398150e-01, 3.001719320231891613e-02, 2.223670718190013870e-02, 2.549217472531153245e-02, 1.489752264318914554e-01, 8.157919598425489305e-02, -3.001150714777491360e-02, 7.604633414026634730e-02, 3.084470342948611443e-01, 9.573013802598785704e-02, -5.899420573694993258e-02, -7.659105985428786567e-02, -1.314512033205952057e-01, -1.162551809430110300e-01, -1.313250093102647231e-01, -1.113445457571208691e-01, -1.784064929509544817e-02, -7.185140923420772763e-02, 5.621984315742545833e-03, -1.191311393709260959e-02, 8.282045533637664991e-02, -8.602125155924356115e-02
1.866343598967955654e-03, -1.163585594464288664e-01, -8.869106244641576653e-02, 5.079886699581596943e-02, -1.006560261501384806e-01, -2.174382233818203392e-02, -2.187047458274888126e-02, 1.540205230927278179e-01, -1.234455217174613983e-02, -2.040685335597962891e-01, 2.624428120181540591e-01, 1.540519455633354295e-01, -2.193213470660586584e-01, -1.778918381392641246e-02, -1.034101696778999130e-01, -4.631011709493437767e-02, -1.759490361170857886e-01, 1.082904984015469890e-01, 1.124194398139060497e-02, 3.411945764887731186e-02, 1.091679508121281006e-01, 9.186190677142189176e-02, 9.076973183569200104e-03
5.707482406970550148e-02, -1.019666988363256005e-01, -9.484406176029654134e-02, -1.071332873665359689e-02, 1.026992998723540718e-01, 3.210587190929756890e-02, 2.242714497764114814e-02, 1.069253035891612885e-01, 5.770856040178883213e-03, 1.153722961573966088e-01, 9.027568205968521109e-02, 2.320884461498651796e-01, -1.100389070411584014e-01, -1.907596040532923976e-01, 1.327353681757713622e-01, -9.745259644751201600e-02, -4.620333621640608512e-02, 6.991071843432374033e-02, 1.674298609944004090e-01, -3.991227164582818177e-02, 1.338521812150404167e-01, -5.078374678120384927e-02, -1.394600467335875386e-02
-3.787216625330618036e-02, 1.587603877036756761e-01, 1.818539879494228406e-01, -6.601099352627974592e-02, -7.748389429266046291e-02, -1.622268070734919077e-01, -6.266192132650449942e-03, -1.287669271031766371e-01, -1.444328259361834788e-01, 4.297810553684650731e-02, -8.301153658021208359e-02, -2.931815079529959678e-01, -1.934308648149246634e-02, -8.118404833150119279e-03, 1.250530423789105589e-02, 5.671948257984970460e-02, -1.184157851362684366e-01, 3.753997778078144165e-02, -1.877945972068640213e-03, 1.114014109749004444e-01, 5.700925767818260798e-02, 1.238853226916039607e-01, -1.777325741743210688e-02
1.220189036102826835e-01, 2.572422250584351366e-01, 1.012855522223476690e-01, -3.071856951117779913e-02, 2.753602708638105273e-02, -4.682357144091738033e-02, 1.243868641407180897e-01, -1.038632967944040641e-02, -7.836800299459364960e-02, 1.050072872859495431e-02, -1.273417593875094192e-02, 3.569469439326519722e-02, -2.117529326063380402e-02, 5.598648818137712951e-02, -7.538622607125193553e-02, -1.500947438367570275e-01, 5.763662607531033072e-02, -2.386232013677728331e-02, 4.798211665779400503e-03, 1.094972244347671569e-01, 3.006125698823427714e-02, 4.603764672727191781e-02, -1.017301608667877874e-02
-3.801325032358267297e-02, -8.966028804902695382e-02, -7.216092117250745910e-03, -5.619940091625638678e-02, 1.345955348500577353e-01, -1.963163532978538014e-03, 3.850009426439470750e-01, -5.568768233870510613e-03, 1.130159276757041198e-01, -2.086431263302094760e-02, -9.155869202620380010e-02, 9.633227084444767607e-02, 1.146443897203457268e-01, -1.136827096213695043e-01, -1.115778934870903343e-02, -5.718903255854226181e-02, 1.530801816033418028e-01, 1.520344548288749507e-02, -7.303564216245384683e-03, 1.902070095323796575e-02, 1.585696691013977477e-01, -1.595732760688921975e-02, 9.361470433643614975e-02
7.434139784671918438e-02, 1.631347443720067292e-01, 2.967864352550279080e-03, 2.232638144281280657e-01, 1.120730399415533485e-01, 5.888959143483386838e-02, -2.343719825072358709e-01, -6.013020859919882694e-02, 1.821292173980821050e-01, -2.170677980939765897e-02, -4.005327231971320123e-02, 3.193305407303332483e-02, -2.201549374023034980e-02, 7.245755285134537760e-02, -3.378914050816150122e-02, 6.889218669998166400e-02, 4.813491942693613745e-02, -2.091887977654283692e-01, -6.427430569929995507e-02, 3.345243175533958030e-02, -1.824713700782416631e-03, 1.570967336488930943e-01, -9.595711390779040895e-02
-1.142828479338981601e-01, -1.496265643318902550e-01, -1.402732213929103744e-01, -8.950038026085316289e-02, -1.255911953220193167e-01, 8.902831776661175589e-02, -1.599286512871536670e-01, -6.809862863005904099e-02, -1.877925132895381655e-01, -6.516654728848142626e-04, -1.475499042289390161e-01, 4.048812102608569108e-02, -6.260924013204437200e-02, 3.617713376925921209e-02, -1.216577468824956432e-01, 2.606590505839051844e-02, -5.100013734149874169e-03, -1.193624762529451183e-01, 3.470282172616966088e-02, -4.963795111638921731e-02, -1.363715783483587241e-01, -5.737592040119925824e-02, -8.828079318082060478e-02
4.843952548699476113e-02, -1.723622564745447006e-01, -5.259069613328952453e-02, 1.183847487583379599e-02, 6.602443865150253721e-02, 1.721264071495946235e-01, 2.629979938041067042e-02, 8.901140971121278278e-02, -5.459303096120234067e-02, 1.575373490673633026e-01, 1.218810491007033814e-01, 4.612241478558931629e-02, -1.820478970537075802e-01, 3.639017156295835664e-01, -3.909643026105229235e-02, -1.299503866587011780e-01, 2.154907118841565064e-02, 8.018964561750632769e-02, 1.689534208838271157e-01, -2.055086789198399058e-02, -1.148395783319030861e-01, -1.629119867100903840e-01, 1.607334830790789204e-01
3.291962155526216745e-03, -1.125278698381873416e-01, -1.138430532777261334e-01, 1.916051432104517727e-01, -6.349931055152699400e-02, -4.422382362803655570e-02, 8.785030495168046072e-02, -4.900284864753235575e-02, 2.815204200896803677e-02, -3.548161358561902068e-02, -7.687078803969399354e-02, -1.779388254126611224e-01, -2.974270778328668152e-01, -6.819009813487632299e-02, 3.381420290207718948e-01, 1.415831504230485871e-01, 2.395715094374495646e-01, 6.800404338595288090e-02, 5.891793014769662606e-02, -8.059693049473244664e-02, 3.277741649590046324e-02, -1.461371744063682809e-01, 1.986637868346944821e-02
-7.683141619636252306e-02, 8.809024113607276385e-02, 3.863758727945242749e-02, 7.221584666556143950e-02, 1.281557761393183892e-01, 9.545641540903776479e-02, -1.277515549478085710e-01, 1.012612392346472073e-01, 8.665543115683370379e-02, -1.412083305975421199e-01, -4.157598473786707632e-02, -1.514791542702063343e-01, -1.156496312894498418e-02, -8.519618488331268114e-02, 2.224650803648861308e-01, 8.431790641015306578e-03, 1.344755047807422166e-01, -2.163018909827473316e-02, 3.231606372451124171e-02, -3.363565113331937195e-02, 7.056596773646163501e-02, -2.156035315641746108e-01, -5.723943929968508884e-03
1.069450319202484567e-01, 1.287127428893157233e-01, 1.395608008362151098e-01, 4.067878013797313758e-02, 1.175913209831071574e-02, 5.325382375292027348e-02, -1.738385814556554429e-02, 6.832134355856912811e-02, 5.336672886834124135e-02, 1.572887576783944530e-01, -6.874431627115128174e-02, 2.230051765592193092e-01, 4.590884096715058121e-02, -3.069906945262133521e-02, -9.134923678796950941e-02, 3.662985352651997040e-02, 4.964730105575504426e-02, -8.268370084415435639e-02, -3.165723202822375709e-02, -1.123011058112317190e-02, 1.246465830754735389e-02, -5.814999506886222441e-02, 9.277235804769362604e-02
-2.350022842917781907e-01, -3.844154304437905761e-02, 7.075242504738358564e-03, 1.451944033012028679e-01, 6.556260122041808469e-02, 5.761251221079653762e-02, -3.293222794432692363e-02, 4.308910811323239665e-02, 3.693355550767048884e-02, 6.010786134035005224e-02, 3.381115952319223988e-02, 8.518802743137642020e-02, -4.028538796710687958e-02, 1.630085877446009746e-01, 1.094291273943345105e-01, 4.230059578127580086e-03, 8.288109581910178131e-03, 5.604161966507889212e-03, 7.671420001677581313e-02, 7.852616987143114236e-02, -2.337509831531516327e-02, 1.797865997641648894e-01, -1.260375543054962667e-02
-1.408071366497456178e-01, 1.149823732007821536e-01, 1.590181675392241811e-01, 1.250211432329673827e-02, 1.776386882219880003e-01, 5.023301723030290655e-02, -1.263753356243451365e-01, 2.031868185772912894e-01, 6.900748916233409580e-02, 4.034481051647590549e-02, -2.212082890917928257e-02, -2.552932834744739421e-02, 7.814453204822767451e-02, 1.336062006363338689e-02, -7.835001402117454383e-02, -2.081306647535658208e-02, 5.251925009419760454e-02, -5.338393974328522334e-02, 8.291375180786111909e-02, -1.387438671179082039e-01, 1.997000179764324423e-02, 4.783750057533924654e-02, -3.619662847892784249e-03
1.356578837447297292e-01, 1.802183657692008334e-01, 1.192165699615644649e-02, -8.457094202194180566e-02, -7.337474741741896456e-02, -4.437544616945915399e-02, 9.528300516733628767e-02, -7.851687036639333483e-02, -7.820000620085575463e-03, -7.205413404885024908e-02, -4.802524484035128327e-02, -7.844997849268162127e-02, -1.870710265645008363e-01, -2.034921224695239172e-01, -1.528435740736303894e-01, 1.099912602142284479e-01, -2.441477554656602822e-01, 4.632838245106103009e-02, -8.141221035594516098e-02, 1.925937095442867841e-01, -6.058827694851282031e-02, -1.639090532629643993e-01, 2.135359282403033188e-01
-7.541133446223864667e-02, -9.149526794835437238e-02, -1.512240921345749112e-02, 1.158007119703296783e-01, 7.209872325914032376e-02, -6.347085200791349746e-02, 4.850196408449580776e-02, 2.454142937274367622e-02, 6.447025746584472521e-03, -1.550205781944155314e-01, -8.260494329915415990e-02, 4.691601807203541613e-02, 1.121359390378689619e-01, -1.562174646852329818e-01, -1.001887923910244060e-01, -1.058688813190306471e-01, 3.491148992725367963e-03, -1.966993802783393863e-01, 3.518858505953030569e-02, 2.936199139514976408e-02, 5.552123092473389837e-02, -8.485123475776151780e-02, -1.890014580902945607e-01
1.277003154700674659e-01, -8.282015347603524646e-02, -1.069228332510623741e-01, -1.139393974067733351e-01, 7.258537964572395196e-02, -1.060705509458874235e-01, 9.384978031904621723e-03, -2.548877867811226786e-02, -8.459819673516481842e-02, 4.278515386651769031e-02, 4.936642175444209968e-02, 1.176207709409880647e-01, 2.561114974668457500e-01, -1.887997340788850897e-01, 8.902423205144277540e-02, -1.167802322581110996e-01, 6.546655228745952050e-03, -6.523117963721743184e-03, 1.706760199112748733e-01, -2.177274847701096139e-01, -1.219787103955577157e-01, -1.168578864170848330e-01, -5.262381546563915657e-02
1.876958896171556160e-02, 1.155398464747032193e-02, 5.449404764138485180e-02, 9.654198484829810967e-02, -2.253250606594977279e-01, 1.422412426784580575e-01, 2.052514211035308955e-01, 1.890686247542746889e-01, -4.102274382151826354e-02, -4.825415275718508007e-02, 1.298550690817978359e-01, -3.217183836455849572e-02, 2.444187935504149867e-01, -7.430817563585122298e-02, -1.850882104386475102e-01, -1.460288348176484174e-01, -3.785909585583614040e-02, 2.308675618894416581e-02, -1.318532593035940670e-01, -1.082416257016464815e-02, -2.966479894283679739e-02, -1.146685952383963009e-01, -9.955142334914751645e-02
1.170877885291602832e-01, 4.799180293049793572e-02, 7.516882621006504284e-02, -9.307331508805923026e-02, 5.463695365941923648e-02, -2.545046415127918960e-02, -2.934902536639115087e-02, -1.731034749092609515e-01, -1.479292824792350081e-01, -7.972780348729371913e-02, 6.361032513344472283e-02, 5.179309340746234003e-02, -5.640565105291179410e-02, -8.506754368145999501e-02, -8.930188698930767444e-02, 3.010574011904424419e-01, -1.366193726670352493e-01, 1.789807756258386673e-01, -2.977368173057346259e-02, -1.233042105155308654e-01, -1.919267067737436341e-02, 7.869966974639125423e-02, -8.449336712374158620e-02
1.181496400152615978e-01, 7.902394302152535022e-02, -2.530558434967015644e-02, -1.339765413375725717e-02, -4.555499387218852649e-03, -4.770352216383409727e-02, 8.183766848637545610e-02, 2.679350183417403830e-01, 9.205620446375177568e-02, 4.611568362462901971e-02, -1.005068156667906776e-01, 1.059913041346391763e-02, 6.490864510466734516e-02, 1.323793668397333922e-01, -3.895628600507834022e-02, 7.668431484476580240e-02, 6.974384269322847496e-02, 6.145813288514549722e-02, -1.788318329216401215e-02, 2.379731980987783921e-02, 6.188019192961077830e-02, 1.655064605224213642e-02, 6.781107478902633455e-03
1.651070111360002785e-02, 1.230190219757340830e-01, -4.353366634853795408e-02, 1.034042726512695021e-01, -3.470825289106774236e-02, 9.210485434042205155e-02, 2.966350272027613519e-03, -7.169228624180776221e-02, -1.551643977760297499e-01, 5.640436916352713215e-02, 2.624420015423863939e-01, 1.352681409198436546e-01, -1.073996349315982715e-02, 2.453985273505786616e-02, 1.821432791450216526e-01, 3.890601150624208721e-02, -5.739802330011747888e-02, 2.187314869499040471e-01, -1.521259215886676675e-01, 1.750203174642634696e-01, -1.119247206366679181e-01, -6.245155222513582710e-02, -6.561440377064707563e-02
5.851094189928604528e-02, -1.434830967629958098e-01, -6.348449264144494231e-02, 4.023402967514753958e-02, 6.565984553257528389e-02, -1.209119384230574051e-01, 1.376675437910523103e-01, -1.995349025191368031e-01, 3.314627981299973075e-02, -8.117438063679149884e-02, 1.212896034572884668e-01, -2.191274892937561738e-02, -1.797635119158845843e-02, 1.405992357186993114e-01, -6.005707401312323362e-02, 8.608083968027091526e-02, -2.340220718763805219e-02, -9.700460750736461524e-02, -8.843897128721067702e-02, -3.976596567880522765e-02, -3.441086809410225794e-02, 1.428539019673260024e-01, 8.785122703981552983e-02
-5.497512005032100663e-02, 6.285318250206012314e-02, -1.198211196398690087e-01, -2.656753224506748848e-02, -5.980243233605622710e-02, 1.377383963154133473e-01, 6.771433050765801598e-02, -1.149853475490213300e-01, -2.246619194263183711e-02, -9.112859167778800118e-02, 6.526111798951016174e-02, -7.465116262951546067e-02, 1.134994076645639005e-01, 8.332873920278818791e-02, -1.418186626082047208e-01, -4.377948082382805001e-02, -1.031557979811081743e-01, 1.451206281249472207e-01, -7.228746120201561681e-03, -2.952875241517831546e-03, -5.674892316355267460e-04, -1.595069540152909138e-01, -1.735206335033152580e-01
1.004566494220795504e-02, -1.610200482658023791e-01, 2.403130721875743614e-01, -5.882474826153594877e-02, 1.358787688166160079e-01, 3.971258288950224591e-02, 4.800109945522289256e-02, -1.498549243134156619e-02, -8.707069465978834952e-03, -9.980779651094424942e-02, -7.551541085714211232e-02, 9.639758784032949335e-02, -6.337801238092692635e-02, -1.252611459709837005e-01, 2.626639681075267421e-03, -1.048796305532672946e-01, 2.020961377243299384e-01, -1.193521693922732357e-01, -1.029050636667713375e-01, -1.317602413420542462e-01, 4.324410901937127127e-02, -5.052767047398237094e-02, -6.279024485833269165e-02
-1.565691362591323799e-01, 3.809128212049248813e-02, 4.497460818354854367e-02, 7.941730674857461203e-02, 1.272182708980114894e-02, -4.822608106416356039e-02, -3.234298253067283135e-02, -1.779282130593199396e-01, -1.094889262803188865e-02, 4.997892650733592318e-02, 2.171790776099135623e-01, 5.537224449251980374e-02, 1.389523723599457583e-01, 1.583808649872034124e-01, 1.260337199084214377e-01, -7.949639563795603270e-02, 2.760255363945143467e-02, 7.506186538020513666e-02, -1.983003383167492861e-01, -4.487926333697977999e-02, 8.121288281134375620e-02, 4.453873682817489216e-02, 3.666280112636861269e-03
7.165272744397511995e-02, -1.760289393099310484e-01, -1.122463254547812622e-01, 3.124886793653873160e-02, -1.009569275691990370e-01, -1.612438653874574690e-01, 1.896184879767426334e-02, 6.461541302678247556e-02, -1.894076409980409437e-01, 4.776770433806881710e-02, -3.379013115211897400e-01, -8.262283419093650882e-02, -1.061295068971881556e-01, 4.481095193850722497e-02, -1.837876534781514998e-02, -6.361363832052523148e-02, 5.862776824190222419e-02, 1.353714296290965289e-03, -7.953837908744361418e-02, -1.042440526662114647e-01, 1.376891763395356183e-01, -7.058714079396148644e-02, -1.181597558607934834e-01
-1.844509651712304410e-01, -2.718979230396083302e-02, -5.947101390603006660e-02, 1.699939013343974847e-02, 7.876674219423684953e-02, 2.003883454697589772e-01, 1.524551656446445635e-01, -8.131930131400901332e-03, 1.626755975924042696e-01, -4.533227979081536074e-02, -4.377681995839918794e-02, -5.960360037783941911e-02, -5.965152485663013926e-02, -1.168439655086497275e-01, 9.843460008766363734e-02, 2.617165706711741674e-02, -5.974881390707732082e-02, 1.206456444759454322e-01, -2.247230602058152699e-02, 1.178534687979473083e-01, -1.272719854682513585e-01, 2.020300237138387273e-02, -1.032743752131642413e-02
8.303620076536365191e-02, -1.688387690768804739e-01, 9.142449100271897097e-03, 5.990939535999406998e-03, -1.162764870527015389e-02, -5.204636992117995381e-02, 4.095327107088098106e-02, 2.935249996537492301e-01, 8.795654110241397927e-02, -1.676528904350781390e-01, 1.243402237676174138e-01, -9.427711068750244117e-02, -1.864636898783288421e-01, 4.626603833032832264e-02, 7.998013043080888680e-04, 5.613832641772861093e-02, -1.364538139329492528e-01, -1.335233334532666127e-01, 1.544963558399516657e-01, 1.144388328156618548e-02, -1.790050848245788515e-02, 1.384707144202182438e-01, 1.094291202894045328e-02
4.089713092038550074e-02, -1.019790542429902108e-01, -1.412561443975264841e-01, -1.485864477965651853e-01, -2.700595486514086041e-03, 1.318069341433469877e-01, 1.382684032860223289e-01, -3.084615017573484608e-02, 2.374256134904965954e-02, 1.727758162375634399e-01, -8.552264955852793143e-03, 1.109215354484015120e-01, -2.563727417078304899e-02, -1.298597865907158977e-01, 1.290457499075101100e-01, -7.690254917291261538e-02, 1.918930084481710874e-01, 8.356747898976198130e-02, -9.927073608746837460e-03, -8.008721199578512639e-02, 3.403655795107485976e-02, -1.271176666975420144e-01, -1.373898844424611687e-01
9.533503836440422596e-02, -1.190532520723852905e-01, -8.814673755821220147e-02, -6.555878800657907388e-03, 3.622522440316718745e-02, 2.776971685737597562e-01, 2.167046068065575926e-01, 1.893968290675035748e-01, -1.525348053102213719e-01, 1.425285946821540084e-01, 7.163753588889458512e-02, 2.393942722888099672e-01, 4.931224194729057902e-02, -1.062452115988923029e-01, 9.692435203180647333e-04, -1.900896186843682445e-01, -1.756216010286821838e-01, -1.650695583771537855e-01, -3.227952311276778563e-02, -2.242536868164895711e-02, -9.336233539572753870e-02, -1.342577760067549530e-01, 4.085898990092880906e-02
-7.161806923945623904e-02, -2.251130570461849500e-01, 5.573204515789504515e-02, -5.721477753638893465e-02, -2.480974913903823686e-01, -1.537758799526398601e-01, -1.054167934205603972e-02, -6.644257329928850153e-02, 1.329080337406035872e-01, 2.425119841043772359e-02, -3.932495569856957890e-02, -2.059828755115122520e-02, 5.417224785988079827e-02, 7.964658372884270143e-02, -1.987251769257296352e-02, 6.874148271301466773e-02, -6.043107280592988073e-02, -2.628430443987538334e-01, 1.158689954616917706e-01, 1.140038742434856811e-01, 5.574148150614028491e-02, -4.733040917223872712e-02, 2.403170607838945039e-01
1.791666456106371097e-01, -4.047761639582019011e-02, -7.049536175480101974e-02, -1.260471171713438143e-01, 1.044007385171787650e-01, 4.191113268692710225e-03, 1.879004591385058653e-01, -4.133866477072339202e-02, 4.514147304614397893e-02, -2.697183184734524772e-02, -1.942188458429637554e-02, -9.534673745430038982e-02, -5.223773771974175167e-02, -1.091209814339658968e-01, 8.381430401491955784e-02, 1.509377812116488859e-01, 4.021378663966948541e-02, -4.388904841196198531e-03, -1.144236743624466590e-01, -2.224382755864980424e-02, -9.352061049081485458e-03, 4.492345906656686899e-02, -1.389419224576708689e-02
1.019385185123791900e-02, -1.111639408283298658e-01, -1.077130663634974644e-01, -6.738140787697136092e-02, 2.172988709904386528e-01, 1.188928497094876927e-02, 1.643000127116236164e-01, 1.558858180503782942e-01, 8.672088329826646569e-02, 2.307102012782124012e-01, 1.388247768171240459e-01, -1.670712076710551691e-02, 3.062285143463081699e-02, -1.135185501155247939e-01, 3.605304087231364640e-03, -4.044509863450483807e-03, 1.617802593733788097e-01, -1.492377927427347983e-01, -1.210944544241964738e-01, -1.667390322697799576e-01, -1.416991929562695651e-01, -1.152939215333377843e-01, 3.252517372714475857e-02
9.288331173141757546e-02, -1.714534969471744330e-01, -1.251962685261163721e-01, -7.963680270792114491e-02, 3.657651953065518130e-02, 1.266148319201425565e-01, 1.206498019233034208e-01, 2.244227166804459161e-01, 1.424491022246109628e-01, 2.496175729113405406e-01, 1.943865876026661110e-01, 1.309619009870353346e-01, 2.929641588660622173e-02, -9.145897275660977432e-02, 1.073333918751998191e-02, -9.287123187594084617e-02, 2.921534635257376500e-02, -3.056689275881799284e-01, -4.420315944662987773e-02, -2.572183725009834915e-02, 2.902102259925476695e-03, 2.544491865947519013e-02, -1.425866803831575824e-01
-1.678827010128867148e-01, 5.983134488968368248e-02, 4.759963322772865074e-02, 2.580832432296879461e-02, 1.115389011943336006e-01, 1.670331535361332664e-01, -1.895860293343915315e-01, 1.755656902287041840e-02, 2.406832427446124398e-02, -3.146889549531675656e-01, -1.001012932490749491e-01, -2.528969403490695725e-02, 1.114459478148341620e-01, -2.734569349382737213e-01, -8.025459289074016178e-02, 7.235487934591866652e-04, -1.454473236053600571e-01, 1.767806356218349639e-01, 2.155040539900421603e-01, 1.337091586606075078e-01, 1.673279031670843464e-01, 3.151146435620894720e-02, -4.431235987590564918e-02
-8.743088044474703335e-02, 3.695356611964487059e-01, -8.644630384246564103e-02, -1.336888127770337054e-01, 2.908927921266075620e-02, -2.494994504246402824e-03, 1.173484582944324395e-01, -7.219845675168533317e-02, -3.502024710593065054e-02, 1.021393776554892219e-01, 8.228920807273901183e-02, -1.288997428046201044e-01, -2.644422211077613327e-01, -7.042561872755884744e-01, 1.315719251231543298e-02, -1.041593093659468894e-01, -1.414317080459811804e-01, -1.129912625284849870e-01, 2.698986973800026126e-02, 1.399215097993043444e-01, -4.497009391863255462e-02, -2.789300612834141532e-02, 6.205585581782652009e-03
-1.738371529914303215e-01, -1.279187715146420101e-01, -1.196207190719870278e-01, 9.756951933237921482e-02, -6.699879582563524061e-02, 1.487456995299796421e-02, 1.906890901052099574e-01, 5.042727830349230667e-02, -2.596227735104664897e-02, 3.042224082487742995e-02, -1.044858859428167940e-02, 4.102257681927997356e-03, -6.449655007422880337e-02, -3.848586297413953555e-02, -2.052650977240164099e-01, -9.082777127558010200e-02, 6.278563999193681466e-02, 4.311902712800280701e-02, -1.813209614823320381e-01, -1.380197275024596347e-02, 3.691298246085638821e-03, 6.560909392627116768e-03, 8.184676993687283603e-03
-8.548931520623974378e-02, -4.617667156169193848e-02, 9.565523377064114041e-02, -3.315404530280757073e-02, 3.372163789430664138e-02, -3.309010208593370257e-03, -3.507811011307673810e-02, -8.175751557162772021e-02, 7.834203518925586529e-02, 1.620476627411439052e-01, -3.467815253603364484e-02, 3.517709165948597339e-02, -1.421113993297468958e-01, 3.958098669490961105e-03, 9.403137234309565454e-03, -6.179454280891452655e-02, 7.031267277667731241e-02, -7.167636277947821155e-02, 1.003149764655184434e-01, 1.589706083080384691e-01, 1.381888927360622465e-01, 3.227346657773935701e-02, -3.474907840909512990e-01
-7.905562605715515598e-03, -1.167720242734887337e-01, -6.563558274176987950e-02, -2.130170200029816441e-01, -1.410628664065319282e-01, 1.282687851418581049e-01, -1.702526708246035470e-01, 2.479415267358033373e-02, 3.261540441128622791e-02, -1.111126461283415273e-01, -9.398613331737293991e-03, 3.521913058559027199e-02, -1.450610347506104021e-02, 1.269641670505880504e-01, 9.809020886511786441e-02, -3.934743716885586579e-02, 8.736776541230455162e-02, 6.380669137662801915e-02, 1.137914300402224077e-01, 1.301521024040275254e-01, 8.102062232800014141e-02, -1.060422338339026826e-01, 1.409291066121590719e-01
-1.225757938799120622e-01, 8.816822756085168633e-02, -2.041442867223331459e-01, 1.194412351714653209e-01, 1.880822698378231961e-01, -5.342418976282783602e-03, 4.074693911800921636e-02, -7.422358032872264366e-02, 3.211387074697629601e-02, 1.631330085201003199e-01, -5.396517348787259472e-04, -5.103216084434036848e-02, -1.583826342624237160e-01, -3.528228670091962393e-01, 1.045997772560540301e-01, -3.131648268917656963e-02, 9.924020078868434069e-02, -3.685630197603567693e-02, 3.988127340714992669e-02, -4.267637435593437528e-02, -9.210825745863962521e-02, -1.343968223922765437e-01, -4.267331004521605214e-02
1.036275177934694236e-03, 5.126850249280731076e-01, -4.869898302350152142e-02, 3.300213006337615607e-02, -5.449078159087859113e-02, -2.894191067944084511e-02, 8.032071307927199366e-02, 7.419106183834234258e-02, -5.254657567571404536e-02, 4.356688614616266789e-03, 1.691768889191814784e-01, 5.209812362883233655e-02, -4.275634469572073826e-01, -1.029614806881077316e+00, 5.186789386539248335e-03, -1.075790005280256589e-01, -4.169862129229850306e-02, 9.418608709961155678e-02, 1.815992821255362974e-02, -1.549939373528941289e-02, -1.658471806979345542e-01, -8.912110343131224299e-02, -8.576703897766499440e-02
4.016127842327061465e-02, 1.353417745191797250e-01, -1.076700477517378018e-01, -1.468366663116059678e-01, -5.348272105067578691e-02, -2.836423671067284658e-01, -3.067173035549849991e-01, -1.645826029942252522e-01, -2.664091624413381099e-01, -5.143331281318513915e-02, -1.477009161575338902e-01, 4.583601258447909943e-02, 6.977688137363907694e-02, 2.371017842848878732e-01, -1.589500614573465531e-01, -1.558408445817166532e-01, -1.035916586395129457e-01, -2.192371457437298707e-02, -1.350263084710618400e-01, 1.156839161477104111e-01, 1.636991566896775219e-01, 8.265418004921726292e-02, -3.965369281973459697e-02
1.404197078840525026e-01, 9.735044246714906480e-02, -8.003158038278078423e-02, 1.028261787752385858e-01, 8.976609502090547588e-02, -7.027452352520225688e-03, 9.266747424287466450e-02, 6.182522199530075813e-02, -1.742456968632809522e-01, -2.804594187198750435e-02, 9.072056358052685288e-02, -4.866344746812956146e-02, 1.487040281088952420e-01, 4.261363466642150918e-03, 9.580094335888798829e-02, 1.556646847609970651e-02, -2.666958717747071606e-01, -1.572173030814687789e-01, -9.733626304006344487e-02, -2.787730288469795689e-02, 6.977525829375816335e-02, -2.048949481723176536e-01, -2.820240744594624260e-01
-8.085135421594703831e-02, -1.879180856213964745e-01, 1.730080363115467645e-01, 3.916269508887042748e-03, 3.016506557256164872e-02, 4.166347286942997941e-02, -1.715139428537963140e-01, 8.938672637216303618e-02, -7.342825670855873677e-02, 6.644638538564040520e-02, 7.639246730465587554e-02, -1.292047976403615517e-01, 1.658599564300063944e-01, 3.907963284361398726e-01, 9.374736672621284891e-03, 1.125654762632971179e-01, -1.856019473780991524e-01, -1.039590828048679860e-01, 4.242597472821806742e-02, 1.737040031468408685e-01, -5.762726075580568152e-02, 2.182734042508789329e-01, -5.259533781568660749e-02
1.559591649525360509e-02, 5.855265271706941443e-02, -1.766160451456778770e-03, 1.970265979957859237e-01, 2.857765654154289514e-01, 5.767977607263630180e-02, -1.788606707977347943e-01, 1.158139255087927699e-01, 1.790661639778262093e-01, 9.712691856284390302e-02, -2.493928953046253491e-02, -5.524967725769062976e-02, 1.379404297343537478e-01, 1.473306717250409403e-01, 1.240096210112938829e-01, 7.442472689513980610e-02, 2.294646500622816304e-02, 1.788188492994685630e-02, 1.253776307413198288e-01, -1.026471892426030208e-01, -5.571048594622057815e-02, -8.744364898290087063e-02, -9.571230470180711047e-02
6.899536509794889846e-03, -5.697095425387348894e-02, 8.943224639684514699e-02, -1.538525739171852369e-01, 8.688462378971872901e-02, 1.179609076272082474e-01, 2.105045999855266192e-01, 2.334828774703630594e-01, 8.915331767283464492e-02, 1.391629963182230284e-02, 1.081655484805677248e-01, 7.416588095666101776e-02, -1.131868793543397075e-02, -1.457092405565387772e-01, -4.990946052839766861e-02, 7.128358820799074458e-02, -3.438733249524986851e-02, -1.668096572933117083e-01, -1.143852799739787998e-02, -2.365274684586194665e-01, -1.542300352535131147e-01, -7.665819901562952697e-03, -5.976189230379495843e-02
3.286165550783703287e-02, -1.326368065843077926e-01, -1.349077647443001904e-01, -1.120286408374572412e-01, -3.044227521366539829e-03, -1.871825312214589476e-01, -4.978226084357031261e-02, -1.028651782089941846e-01, 3.912990973374293885e-02, -1.148794956721793659e-01, -1.946467826527438216e-01, 9.328521308305898208e-02, -1.932312508627987424e-01, -1.250309933040507498e-03, 3.308405050131812812e-04, -8.725891248249374732e-02, -4.818023242738993933e-02, 6.345458283992115589e-02, 3.196907126197583160e-02, -1.330096785237287471e-01, -7.626704401721581816e-02, -2.643096789885720013e-02, 2.923922639037587756e-01
-5.707343121005845760e-02, 2.584491286931796528e-01, -2.183029996713302043e-02, -1.629400142159361312e-02, 6.072334896378696334e-02, 1.848033560008986720e-02, 2.011912207868905844e-01, 7.881255780472479211e-02, 1.441905935776170156e-01, -9.511703539342469815e-02, 6.006346905543268055e-02, -5.286666289401191487e-02, -2.539551447467272571e-01, -5.090885295533257304e-01, -1.847662521457572871e-02, -3.857813469084271640e-02, -1.841890614628819145e-01, -8.598643404565035550e-03, 5.470874556440279146e-02, -4.348991815717521275e-02, 1.066205195077726681e-01, 1.012345732685764610e-01, 9.945543860797897984e-02
-1.982335229068256377e-01, -1.931212547013334280e-01, -1.505136468270286583e-02, 1.588937340069848658e-02, 5.148488658992474154e-02, -4.429601471692008741e-02, -4.727693902563687850e-02, 5.876022949630620856e-02, 2.814015480191477472e-02, 1.758593969525341569e-02, 5.825991650232408697e-03, -2.715251917110331550e-02, -2.366002514613229843e-02, 1.040043836518769194e-01, -9.317518312981733219e-02, 4.112509727191388659e-02, 1.117668477966197171e-01, -1.419531647376117908e-02, -1.302231420295369424e-01, 7.694394587993542978e-02, 8.672332370976603214e-03, 8.987105153752818210e-02, -4.709402367450923194e-02
-7.738307314146275484e-02, 4.423936000570419941e-02, 1.108775398906020927e-02, 5.055812841919869044e-02, -2.144350156936242480e-01, 5.041339545216619311e-02, -1.624267142551660270e-01, -5.512290157788767020e-02, 7.685000697960106542e-02, 5.247257614240882773e-02, 6.131079447704307350e-02, 2.610752231036648011e-02, 8.210092214753640649e-03, 1.058009183887670124e-01, 1.106107435412110457e-01, 1.793054548993085195e-01, 8.130452683126943025e-02, 1.197789092741631811e-01, -2.185494101773905449e-04, -3.017189398851774854e-02, 4.564620707300174468e-02, -9.595083622082688224e-02, -1.181208610269250669e-01
1.129879283031537049e-02, -1.118222181337081983e-01, -2.403889503105301195e-02, 2.020015994447874400e-02, 1.255257150961809065e-01, -9.660325098084673184e-03, -2.847793088093388270e-01, 5.162016239316582784e-04, 1.138322714206916331e-01, 1.287810851785810007e-01, -1.836753763649945359e-01, 3.197168866425105071e-03, 4.815391696540315819e-02, 2.372993074526467405e-01, 3.844032633427055951e-02, -3.174003618091615631e-02, -5.762883277561129530e-02, 5.979873421404682809e-02, -1.654268044690433703e-01, 1.293761579857037429e-02, -6.627485159213979474e-03, -1.402899740380844640e-02, -1.088509703966990400e-01
6.128842273868164575e-02, -1.516361289368091114e-01, 6.887916287415241090e-02, -1.880930471501676970e-01, -1.021947406729292185e-01, 2.182366796818308724e-02, 1.820230806489026021e-02, -1.432501143656252640e-01, -1.740554907180539082e-02, -3.453268894137027228e-02, -1.090053042613990247e-01, -2.629588748677231802e-01, 6.618478325438900689e-02, 1.842092319608399087e-01, 1.695158026991732125e-01, 1.301486321724424078e-01, -2.010383930726158952e-02, 6.459692520659850168e-02, 1.070470317167873525e-01, 8.857662082691493410e-02, -7.418431744593466381e-02, 3.015329361641030936e-02, 1.414131116009001432e-01
6.160792440260704633e-02, 1.454140333628845816e-01, 1.339059163546110487e-01, 2.204214211952133240e-01, 1.281556647587589644e-02, -3.028076028040352363e-02, 1.108246122502235947e-01, -1.018509784554031128e-01, 9.969081964192953726e-02, -3.898335413307310593e-02, 3.497600826006371649e-02, -6.234216731264209665e-02, 1.883283302430216466e-01, -6.575250582606902150e-02, -4.148996008072216440e-02, -3.279816206095551717e-02, 1.266134288461687706e-02, 5.769248541379919798e-02, -9.386369141951594885e-02, -1.162621963352178239e-01, -3.538419626448999211e-02, -2.279281241160870455e-02, 1.285529525613704205e-01
6.618710746407319157e-02, -1.628021596728797815e-01, 1.500087421536172860e-01, 2.786460801962221609e-02, 4.956775531254638267e-02, 1.346069579145749429e-01, 2.411562657149261130e-02, -1.670677383233147850e-01, 8.560138821462842315e-03, -1.631371862869751511e-03, 9.033511830458690328e-02, -1.870060066255077591e-02, 8.765568176915174148e-02, -5.424067372004434673e-02, -1.076912134705551721e-01, 5.991495688318855539e-02, -9.073780610896181598e-02, 4.106015505698662818e-03, 1.124414588259042280e-01, 1.348086468709998320e-01, 1.903458159137586675e-02, -1.960162107019010336e-01, 2.356574691833119607e-03
8.170094780732420695e-03, -1.143334649484946397e-02, -1.385012481985364585e-01, 3.741292438114970920e-01, 2.049115440576119718e-01, -3.974580742287529833e-02, 2.282527929964165980e-01, 2.331869950896841431e-02, -1.111796795901157375e-01, 6.281246390227486487e-02, -1.749363351476959649e-02, 1.246987131202192782e-02, -1.202497380327555987e-01, -1.660898269378306147e-01, 1.984882856888192382e-01, 7.290386747041162699e-03, 4.952154892863296770e-02, 8.385746992746757889e-02, -1.678471414932739270e-01, 5.263348539096905643e-02, -5.629284430076196555e-02, -1.267965252522620379e-01, 5.053655361435165083e-02
3.024845482009497905e-02, 5.506357287168360537e-02, 8.637841021712394651e-02, 4.279919776889379995e-02, 6.913115931944958936e-02, 1.933958229782899163e-01, 2.842520834177601416e-03, -6.477356764468965300e-02, -4.997455515774010953e-02, -2.206798009848287001e-01, -1.574311692278439756e-01, 1.210502336753940811e-02, 2.110157015108730105e-01, -1.365247449770665977e-01, 1.638037612224452211e-01, 1.809271937125109600e-02, 7.684408134566914073e-02, -1.369930612845109696e-01, 6.916076821414765541e-02, -3.109144130797776920e-02, 4.391317657199440144e-02, -4.996170407207771447e-02, -1.775989160222086333e-02
-6.886544981451142577e-02, -6.570350142426664708e-02, -1.727892620835303483e-01, 7.814349208493973076e-02, 1.268539128229998758e-01, -1.356008994710265481e-01, 3.158858309230623378e-03, -7.658786055287796803e-03, -1.206870228136155271e-01, -3.491705564407619061e-02, -9.035666651684859385e-02, -7.701943905158291359e-02, 7.339343135895680381e-02, -4.443997040545928645e-02, -1.095143595701926209e-01, -1.490977022344699976e-01, 1.605700787825383724e-01, 5.710864733779651842e-02, 5.714827148305601972e-04, 6.060909637648544124e-02, -4.985853377634913430e-02, 1.000429484756530235e-01, -8.510346705349407237e-02
-1.536853018376674040e-01, 1.284364046522291636e-01, -1.508493515946531527e-01, 9.496290986230238040e-02, -3.120258092913938061e-02, 5.522014896903043590e-02, 8.459912896734472776e-02, 2.587083889285555355e-02, -6.278114938010688484e-02, 1.119654868969143652e-01, 7.644482842562623504e-02, 1.541851851946733458e-02, -1.472606965151630233e-02, 1.168247915592688334e-02, -8.815038817210821276e-02, 6.636470186692708384e-02, 2.462576422464386391e-02, 2.818154942606425628e-01, -1.464677184132516519e-01, -6.792996440523466073e-02, 4.291326241734243208e-02, 2.247743535908709733e-02, -5.133636928765541313e-02
-2.351850825027434685e-02, -1.051499925848201344e-01, -3.476191716854048347e-03, -1.862859379952444203e-02, 5.915911610208531013e-02, -4.259009712777311885e-02, -2.069888562066707904e-01, 4.643208099467184546e-02, 4.578196845783320812e-02, 4.330591483933200064e-02, 3.625745763776546532e-02, 9.265725786307761613e-02, 1.611512667031002044e-01, 9.351368517308668304e-02, -4.752106838334960864e-02, -9.672907706744637846e-02, 4.459899909754601321e-02, -5.200402480395211607e-02, 2.049254542701449411e-01, 1.892903037889905327e-01, 1.493909774543561442e-02, -1.433822140204800699e-01, -1.833053098246923696e-01
7.220322126108245919e-02, -4.126998571290336759e-01, -7.165755888789555883e-02, 2.821077532851188827e-02, -1.840350363295400193e-01, -5.357271189819402119e-02, -1.031175634633993005e-01, 1.425730491668649250e-02, -7.324985208886879151e-02, -8.155972718383509845e-02, -2.004859500698688568e-01, 1.836460966247244753e-01, 3.567819242167967753e-01, 8.163100642075657998e-01, 1.632918279813758491e-02, 9.922818185324330797e-02, -1.114695369702898564e-01, 1.514110714888651232e-01, -3.650324904805343773e-02, 6.843857320132437638e-02, 1.014473796199753114e-01, 1.539861286872699431e-03, -6.001291353470646767e-02
1.028709401253259381e-01, 2.723150358183423214e-01, -1.001270120863479440e-01, -1.383704055991128584e-02, 1.050340617964898115e-04, 2.387621557112218906e-01, 9.873955437222158016e-03, -9.795697085224186473e-02, 5.707061944779357604e-02, 1.857823202130731016e-02, -1.282143381229055301e-01, -3.104647694379238793e-02, -9.256210433533620940e-02, 3.085814802264601198e-02, -1.215893501933589665e-02, 2.941985138329823377e-02, 7.302082184293341716e-02, -8.731267649962630439e-02, 1.855127156175160469e-02, -3.672832986362162266e-02, 1.215060638588321279e-01, 5.597343731330493150e-02, -1.203503311421968425e-01
8.096586411209641398e-02, 1.155947181756100256e-01, 7.462473247575665547e-02, -6.785753522435956919e-02, -1.307901733467490279e-01, 1.703731684538109803e-01, -5.208522101453057218e-02, -1.298285808256008922e-01, 3.187834215046130709e-02, 1.193695073627985825e-01, 1.016763878368564106e-01, -1.101681450266735196e-01, 6.966851740038194907e-02, -3.154921917325753111e-01, 7.213176443312324659e-02, -1.012371874217703888e-01, -1.193120244542162367e-01, 8.262045783977713109e-02, 7.686932286337304354e-02, 1.635959225686828278e-02, -2.716519041021196040e-02, 5.707730647483097788e-03, -3.995060069279499776e-02
-4.188108402711117340e-02, 3.192096817494379790e-01, 8.310952870414371751e-02, 9.161221135781094649e-02, -2.127042490132557140e-01, -5.334181432587800642e-02, 3.770245622292338339e-02, 9.344701898862110834e-02, 1.548353441802204356e-01, -2.275888340677268556e-02, -7.317968803340510475e-02, -1.622186055461947718e-01, -1.924242965018057583e-01, -4.725583969446506272e-01, 4.867042875389729351e-02, -2.945574499211358610e-01, -1.797609949700600673e-01, -2.037720327721050384e-01, 4.971506812654127860e-02, 1.708633409719054544e-02, -1.765906463957903905e-01, -8.251880433349097210e-02, 2.547628226386004086e-02
-1.839360113319971346e-01, 8.272269001013286827e-02, 1.680317506520622242e-02, 6.581118361880633483e-02, 1.647290121690799247e-01, 1.655234660325956286e-01, 7.189912746673231270e-02, 1.370171799980014760e-01, 1.158453464811908806e-01, -2.145131337592086004e-02, 1.978529926892870494e-01, -3.246527908445510924e-02, -8.222195079015549857e-02, 2.296865983772942432e-01, -2.793282026643422178e-01, 2.538027486233696006e-02, -9.983719584729015828e-02, -1.825145136120745470e-01, -2.224584121414692819e-02, -2.418695549072347531e-02, -1.704881633854190559e-01, -2.292405153270526963e-01, 4.938211263311915317e-02
2.387582744863744541e-02, 2.602693285064712134e-02, -1.259271152970973806e-01, 9.551355724245584600e-04, 3.983830259236758459e-02, -9.310040506813802019e-02, 8.539367466592192799e-03, 6.141576002061611278e-02, -2.657318652898367148e-02, 3.189972485930973184e-02, -8.131527360423728562e-03, 8.304214303563871302e-02, 8.887032961626237237e-02, -5.667871130169660314e-03, -5.438362847262367440e-03, 7.330391859893184425e-02, -2.925031323234212211e-03, 7.382523767514470592e-02, 1.425003410253063152e-01, -1.004632296510245132e-01, -9.597175403296111240e-02, -4.381146063257572443e-02, 3.686259554979545022e-02
-2.895977528416241852e-03, -1.159187500085527012e-01, 1.411380780042113536e-01, 1.274521537822319583e-01, 4.382881678224716943e-02, -1.504363427661628283e-01, 1.190128830391721515e-01, -6.675308271824131889e-02, 1.256463397764611967e-01, -1.003634126149073047e-01, 1.982769988649080994e-01, -8.913991875723145664e-02, -1.590036749480469025e-01, -1.972073571922668689e-01, 1.254156929896208805e-01, -3.841586209621115910e-02, -1.072011556732116733e-01, 1.584706362183989636e-01, -1.220691152835110538e-01, -4.217553911564664304e-02, -9.336890063034918030e-02, 4.655347343438505370e-02, -2.978827875027249415e-04
-8.238944757245954265e-02, -1.471717597912911013e-01, 1.350780845885457826e-01, -1.632936524315667937e-01, 8.577817826325867534e-02, 5.763781992017949496e-02, 9.138243803467937035e-03, 1.457307567786888247e-01, -8.012549312425705852e-03, -2.211409733221266979e-02, -3.638017231847208433e-02, 1.358078337666559221e-01, 1.379190449188332779e-01, 2.178602351199053488e-01, -8.485466275676256664e-02, -4.391469393317321696e-02, 2.197620644331041984e-01, 3.023997403120835120e-02, -1.873003696809936308e-02, -7.590748083163936268e-03, 5.254225154602807507e-02, -7.639695815390344646e-02, -4.189261925250223340e-02
-4.456104476970412787e-02, 2.672756865148709360e-01, 7.045041633475296328e-02, 7.392380696458434805e-03, 4.394001638132181455e-03, 7.195893121753692279e-02, 2.174629099897217033e-02, -1.692740150913878416e-01, 5.383227865855437499e-02, 1.554513178160961406e-01, 1.124286833439481492e-01, 1.244820813814451199e-01, 1.085378279362448628e-01, -7.975535979658725239e-02, -1.583427346931295387e-01, 1.418647036778444316e-02, 1.353612402233893112e-02, 1.499578894224030401e-01, -1.248022885390741715e-01, -1.767885290718103006e-02, 1.486749130418014153e-01, 7.811038049014339124e-02, -8.710132914530040182e-02
-1.474466558233678178e-02, -2.096787713691994903e-01, -1.274676764328855350e-01, 1.004360093295376122e-01, 1.047821171392949030e-01, -1.344277105996867505e-01, -3.985044719629388110e-02, -9.699496175768022865e-02, 1.020844569733037333e-01, -1.128500773928999279e-01, -1.357701705651902790e-01, -3.641440606197170193e-02, 2.017743977844402015e-01, 4.590912660783253441e-01, 2.038894998907185563e-02, -1.024630323745035626e-01, 9.274909558849780966e-02, -3.874956360726228288e-02, -4.598196952927772335e-02, 6.480331338625842930e-02, 1.766198732392154080e-01, -1.768485375470276941e-02, -7.211363778093335397e-02
-2.390598844696643910e-02, -5.733008591079561400e-01, -1.476453670979128649e-02, -8.018112962719874115e-02, -1.062237536422651618e-01, -4.083612437275231655e-02, 1.013232132901431548e-01, -1.832424309990711153e-01, 1.029917631211371559e-01, -8.766405808990414272e-02, -3.470875368772112224e-01, 2.536849670614502172e-01, 4.668351431396361995e-01, 1.099308323366162465e+00, -7.763191456447785833e-03, 2.222426280736740645e-01, 2.119456600337038255e-01, 1.328775480412471288e-01, -1.350228454771616460e-01, 8.454427442949156990e-02, -1.075616529631281126e-01, -6.486406611206028960e-02, -3.290378989003795579e-02
-1.065374335164171252e-02, -4.055581070484501338e-01, -7.790077413201225431e-02, -5.042970241109389490e-02, 2.689653129248365526e-01, 2.020273132697109342e-01, 5.032182304157641062e-02, -3.010247925624184515e-02, -4.050119166936103771e-02, -1.423421757191228876e-01, -2.141906240988927443e-02, -1.680649348670166521e-01, 3.351865671966989257e-01, 8.110348928615775943e-01, -3.595320608625954956e-02, 2.958700878632418776e-02, 3.285772098873821490e-01, -2.333852665213602493e-03, -5.228096676202198187e-03, 1.946783753453080190e-01, -3.515260125964561611e-01, 3.699421279502457943e-02, -4.528225453394487537e-02
1.302708726927218619e-01, -7.046255322313987879e-02, -2.431253464958099773e-03, 3.779781835053615518e-03, 3.132780524688006940e-01, 2.279423775071779124e-01, 1.172783427309899984e-01, -1.294734175045137159e-01, 7.466271204590466115e-02, 2.414553653443222980e-01, 1.533625213028544931e-01, 3.393754002245578660e-01, -1.526525348249915259e-01, -3.370121648738601539e-01, -1.764595962632733647e-02, 8.772862867836513090e-02, 4.625824772548883801e-02, 1.606713088682467927e-01, -3.487759696630998024e-02, -1.296166536254664547e-01, -3.469363765041565822e-02, 1.736134250144433233e-01, 5.762675713027817781e-02
-1.763178594100701241e-02, 1.657266122887564863e-01, 7.656880207820651596e-02, -7.249116368600514587e-03, -1.854809692414135375e-02, 1.476274706138014925e-01, -2.818984173434946686e-02, -5.347563766792567258e-02, 7.843744636180587093e-02, -1.053921724580809093e-02, -1.347803808511819079e-01, -9.361310125631315537e-03, 9.489168455255030110e-02, 9.850174715141393755e-02, 8.735105292961255208e-02, -2.313206321651290476e-01, 1.203898536029965188e-01, -4.629025092694161875e-02, -1.044868733679038889e-02, 2.796653883696582910e-02, -8.461144031758492667e-02, 3.662476638300511417e-03, 6.036474787023355520e-02
-2.951702418091349533e-02, 4.232855854093323794e-02, 3.069250358527504663e-02, 1.034570334868227352e-02, 1.135812748438847219e-01, -2.118276591279688592e-02, 2.379248580226192220e-02, 1.356773970412225305e-01, 1.268563001900374909e-01, 3.393962002087261287e-02, -2.102253110336351274e-02, 5.317286693313228937e-03, 2.503919014116899877e-01, -2.034482231550570688e-02, 2.667913632937392223e-03, 5.146888606321414761e-02, -1.865923492614392568e-02, -9.437203654529406627e-02, -6.588554566653152811e-02, 1.666589229854441856e-01, 5.428740076563812883e-02, -2.529585680148832560e-02, 7.194954793640566393e-02
1.126774890228171982e-01, 1.108415821804702717e-01, 4.386008005368241536e-02, 3.255060638137861201e-02, -7.980445300098280847e-02, -1.656019127798447066e-01, -1.068741948253900398e-01, 3.786472281424536207e-02, 3.976167904588213953e-02, -1.181952874864129893e-01, -1.660887253415364861e-03, -5.776580847167400029e-02, 5.732252115040679247e-02, 2.507423326658811749e-02, -1.638922738512657018e-01, 5.222912041877506711e-02, 5.593199635842385081e-02, -5.220046847994092715e-02, -2.937013888548554719e-01, 1.208488279610781951e-01, -3.550686608138974021e-02, 1.271313317505914087e-01, 8.431115613621473215e-02
4.907181439706336488e-03, -5.771395444135662967e-02, -2.153343545711932511e-02, 7.041535974603293710e-03, 7.313110679617672305e-02, 6.794816492332009239e-02, 1.306621174214195880e-01, 6.513716357531022794e-02, -6.395501390706037452e-03, -1.550316565485497511e-02, -3.222313909156216544e-02, -6.331204102730626782e-02, 8.515769554270628816e-03, 2.296195237651140753e-01, 7.665916317724894014e-02, 1.511394486386846356e-02, -2.748354660685062290e-02, -3.209511326535201270e-02, -8.954235630927831480e-02, -1.846480439959452720e-03, -6.448065715337006343e-02, -1.162679155295536643e-01, -3.983620669389951324e-02
1.249163854822930020e-01, 6.059596649437266978e-04, 1.143983382733931853e-02, -4.368276699644484812e-02, -1.249053893052875022e-02, 1.001185237009108997e-01, 4.332367494622110793e-02, -1.125560595621615499e-02, 2.367887881846965012e-02, -1.313147526709869950e-01, 1.171757080165185122e-01, 1.741649197611190303e-01, -2.017692551244467530e-02, 1.116970793960851971e-01, 1.007556267874166467e-01, 1.716360749874220604e-01, 5.847425714150598225e-02, 5.374988267126890734e-02, 5.952765112385115243e-02, 1.835597835692170943e-01, -1.016997366683483200e-01, -3.888396168155508481e-02, -1.301960637131882315e-01
2.315383858658701111e-02, -6.135544858292775461e-02, -9.212668881369751039e-02, 1.796802302710996148e-03, 1.001587008288448849e-01, -4.594003503876648020e-02, -2.417508081513031898e-02, -4.212083043504051202e-03, -8.566364825562904073e-02, 5.547979756718924259e-03, -1.632862011267667557e-01, 3.584372249751439921e-02, 7.332935283098458712e-02, 5.157247089099134540e-02, 5.439298887842979047e-02, -2.766298239271424656e-03, -8.791851086243758495e-02, -3.810284636928169821e-02, 1.265178136657314489e-01, 6.914799928657409944e-02, 2.068416541245920170e-01, 2.576555417921583616e-02, -1.164998026949706361e-01
-1.169546607123719828e-01, -1.384064686712599412e-01, -2.771875711905090189e-01, 4.252329023393076890e-02, 2.966949985020894687e-02, 1.646175381405195481e-01, 9.372874547519345623e-02, 9.397469874152739044e-02, -5.319532403833360928e-02, -1.016781788647666690e-01, 1.207766266283835377e-01, 5.141424914432947413e-02, 1.416000522021999553e-01, 2.270736623502114249e-01, -1.029070190230950282e-01, 1.037265358820048215e-03, 6.824145197869117829e-02, -1.251015676755882766e-01, 9.474545699382511121e-03, -1.001949034134936023e-01, 9.003042207131195171e-03, -1.295712237606020945e-01, -1.781470069444832105e-01
-2.767843706441703786e-02, -9.492969559134337154e-02, -1.137754806684360270e-01, -8.668852060557355466e-02, -4.031622666573780878e-02, -9.912806555186917667e-02, -6.938526218034798965e-02, -9.881037238783728360e-02, 1.358998390925705672e-02, 9.693615852152009937e-02, -5.515560714317457175e-02, -9.944626582548700411e-02, -2.242817716303295017e-01, 1.443648783976184680e-01, -2.531964571648841547e-02, 2.078919433859167665e-01, -2.345101773879737853e-02, 8.291279634511895813e-02, 8.252574476176109675e-02, 5.565998235394085947e-02, 1.435823511779336092e-01, 1.513611845982043569e-01, -2.528503748960831965e-01
8.131125207411442346e-02, -6.978858102201277065e-03, 1.271335724293406189e-01, 1.736245591221109441e-01, -3.336313805716906167e-02, -6.336974774128195653e-02, 1.796940149633337591e-01, 1.087402912925531095e-01, 1.042488806758832959e-01, -1.169080079362028873e-01, -1.410512381242533808e-01, -4.342362602954129291e-02, 8.580086912337278604e-02, 4.046092355941911106e-02, 1.625038008263786637e-01, -7.968566552836420236e-02, -6.862424571929892636e-02, -2.039919912849170458e-01, 4.232429589167262945e-03, 1.934814335875161273e-01, -3.078979973179039528e-02, 1.790607407431566434e-01, 4.967107596060958002e-02
6.506252762001160650e-03, -8.607234166163930944e-02, 4.209792440739947711e-02, 4.365636341487946076e-02, -1.016661842600362353e-01, 5.569211205547492521e-02, 1.835763386195009630e-02, -9.115796614495050298e-02, -3.726720568575329212e-02, -9.792109635230149267e-02, 2.631492972500841798e-01, -8.091785791084471491e-02, 2.155138108068702651e-01, 9.311801144128634133e-02, -1.230504890771976362e-01, 1.671358647081588600e-01, 7.448050960023007601e-03, -5.152774354886816011e-02, -1.129996601582081983e-01, -1.031169992984253408e-01, 6.852354514645342398e-02, -1.169385210390048863e-01, -1.286323113382384191e-02
2.149604656661758401e-02, -1.398918675305688974e-01, -4.489229380978691786e-02, -7.625535687671090856e-02, 3.679308764157537825e-02, 1.324910972845559365e-01, 2.045288398156094867e-01, 1.500471102094245446e-01, 2.257564841749108986e-01, 1.405329042828266650e-01, 3.121187383357756917e-02, -3.057664162151825168e-02, -3.809168409760488871e-01, 1.856762425276284323e-01, 1.127745973177197297e-01, 2.906217368708805537e-01, -5.739071087459972353e-02, 1.017529266136594779e-01, -7.827483306533399021e-02, 5.290228511371514869e-02, 8.967587964243266263e-02, -3.163177003830335010e-02, -7.814448275701570135e-02
-2.774847343633128974e-02, -1.498763390436346765e-01, -7.133419194007482866e-02, 1.762538843661456411e-01, 4.167768702184540541e-01, -6.076587813963202356e-02, 9.866202321209766035e-02, 1.618872049244370337e-01, 7.223433291600854511e-02, 8.027168366364088870e-02, 1.224280915036738554e-01, 1.010472400092158746e-01, -7.138688838391716099e-03, -9.514369159065463877e-03, 2.494459623628624695e-02, -5.763656581937214030e-02, 1.271825825841312596e-01, -1.910799295232363387e-02, -1.937566058328933916e-01, -1.345127485350498531e-01, -1.564896551807457292e-01, 3.681770046406569047e-02, -7.142920357497452299e-02
-7.145358053396903310e-03, 1.015115873294284050e-02, 1.889432932389255998e-02, 2.382186175221018970e-02, 7.007679050484194247e-03, -3.748759391480085412e-01, 2.780025463328805735e-02, -6.388929665478198378e-03, 1.762434963243430033e-02, 2.173879429988869599e-02, -9.575280071909801627e-02, -1.835665186693248019e-01, -1.766485911486886384e-01, -3.564383799053291030e-02, -5.067234674223800722e-02, 1.149588429578035226e-01, 1.354750043620963837e-02, 5.763062996013599421e-02, 1.177625310280368091e-02, 9.434252497852733607e-03, -2.033755126316555417e-02, -3.374728083055632266e-02, 1.214387940957075140e-01
1.565215770211774160e-01, 4.755104683075493666e-02, 5.347062656062911111e-03, -6.704811815481317994e-02, -2.923334678204578263e-02, -4.058340576143335682e-02, -1.118243507879513737e-01, -8.259296141604567654e-02, 1.167117544551005553e-01, 2.348030405427711798e-01, -4.024841250468996073e-02, 4.110233719198475716e-02, -1.866065616352880208e-01, 1.239000362493880431e-01, 8.864053230445229081e-02, -1.904970687273029907e-03, 1.300314966366278024e-01, 1.946837393479096123e-01, -3.747024588460781680e-02, -2.136823751109893643e-01, -5.192509842008884158e-02, 4.436237225680191021e-02, -2.631193319935601696e-02
-8.066606882038329651e-02, -5.529802570766766817e-02, -1.629400703963969355e-02, -1.780330943713362979e-01, -7.582376427829427834e-02, 3.915641880576870709e-02, -3.653147725076886371e-02, -7.245139931795972765e-02, 3.306307754800069665e-02, -2.740027630435288089e-02, 9.900663219364644330e-02, -1.202339178543262721e-01, 3.892335594636411964e-03, 1.265455676898618320e-01, -9.198002572404719024e-02, 2.173739566893239383e-01, 8.493906843427344311e-02, 6.720671268482131602e-03, -8.108523725213308275e-02, 1.282715520935561737e-01, -1.689524669190399161e-02, 2.806625545769096952e-01, 2.193862316595316178e-02
