-2.146495769133317799e-01, -3.694750096446087345e-02, 4.245441255327062763e-02, -1.632925624848763357e-02, 5.195103841879775836e-02, -6.971653944932999780e-02, 1.190989990542263427e-01, -3.494900085733703560e-02, -1.432957512073938962e-02, 1.175248729868242775e-01, -1.007036033367357114e-01, -3.936644714413480191e-03, 1.866180819074836073e-01, -1.314047606486407338e-01, 1.180811706740505368e-01, -1.286203978535499781e-01, -1.466675135029648080e-01, 9.735237737301472016e-02, -5.817033154725578803e-02, 8.728166048409885525e-02, -1.377669771363060625e-01, -1.137781650720629395e-01, 1.245491115352003603e-02
-4.344887569335394856e-02, -6.975178097022916024e-02, -6.973348753542145395e-02, -1.406161984378650337e-02, -4.709820691676757515e-02, -4.842883189897597730e-03, 6.923087164417983386e-02, -6.141098969452667838e-02, 1.589761214968216929e-01, -2.247638790302876333e-01, 1.203114045880624289e-01, -2.742912209851638417e-01, -1.483430213698958000e-02, -6.740443954606165078e-02, -1.991338275962699703e-02, -2.079370539207491819e-01, -9.363610739225204649e-02, 8.844078631303693705e-02, 3.451107200123937346e-02, 1.967928538888324141e-01, 7.844813781724560564e-02, -8.201347772279202197e-02, 8.229706549355163617e-03
-2.820532344094702631e-02, 2.327245889111064642e-02, 1.140873297676924109e-01, 7.383565679466973231e-02, -3.221106202880259090e-02, -2.666650504685285639e-01, -8.562025363932586342e-02, 3.684557863815733636e-02, 4.720944739392430450e-03, -1.255182412373512524e-01, 4.641394206557015317e-02, 8.780465120519787003e-02, 1.114664718988015168e-01, -1.919345755320981117e-01, -7.817301388198841239e-02, 4.643765811411638272e-02, -4.970641077878802661e-02, 5.350297684577110663e-02, 1.503338083258320967e-01, 9.063658122149077789e-02, 6.776800758565107441e-02, 9.998833354984383581e-02, -6.733292640863672990e-03
6.880322196606601139e-03, -1.084251816967327087e-01, -4.813563077202129281e-02, 9.319044174784082979e-02, 1.807185954012524298e-01, 1.119202509661056527e-01, -1.260842600458164930e-01, 2.776173182264596861e-01, 1.490848114710472405e-01, 3.234382133187999313e-03, 6.568981683206855104e-02, 3.129152426087323385e-02, -4.625760721306849121e-01, 1.293348868001421570e-01, 1.556794331091437555e-01, -7.098273260665291517e-02, -7.600915582318411301e-02, 3.010391679566389034e-02, 6.909357616020521398e-02, -1.216402777974840733e-02, 1.696319204022453120e-01, 1.884639399764552470e-01, 1.696274618405888002e-01
3.471548176656721191e-02, -6.675578884757958631e-02, 7.553271102769427980e-02, -3.362559277513413498e-03, 6.759951322810438257e-02, 1.723660704908672736e-01, -1.043063417607058840e-01, -5.633708962885737581e-02, 1.079403480579808616e-01, 2.155912128318423215e-01, -1.379219866469635070e-01, 1.563474172659964911e-01, 3.204620092580946489e-01, -2.732546435759799497e-01, -1.234068215889029367e-02, -1.107621763344418808e-01, -1.427682462292672282e-02, 1.438796125457521835e-01, -1.113091676048139217e-01, 3.039963832388838799e-02, -5.022440430214059059e-02, 1.009984997758056058e-01, -9.718463652889233750e-02
-1.291828723457654968e-02, -2.180330279574175245e-01, 1.150080158760766608e-01, -1.682838813295107483e-01, -3.957676192820079597e-02, -2.839290793279549904e-02, 1.109082049640772311e-01, 3.380806626491855704e-02, -5.184231013407591959e-02, 2.092551854417157853e-01, -9.805626951610842135e-02, 1.666118275913510138e-01, 2.658843076425884133e-01, 3.062763652364167144e-01, -7.375888755247876627e-02, -6.864036895318734177e-02, -8.269829400078532178e-03, 8.876954323186411061e-03, 6.840860877897901593e-02, 5.985945804522435632e-02, -1.570378805015080342e-02, 1.530514471664585485e-01, 3.703561196257611904e-02
1.184165690497689452e-02, 8.949658923340690631e-02, 1.767259545141784405e-01, 7.557252985027602954e-02, -8.270112653008405632e-03, 1.474098989107601454e-01, 1.201418246933998596e-01, 3.326838046050849956e-02, -1.175846758024936406e-01, 2.182893724038657141e-02, -5.914519680822696857e-03, 2.964703869723818962e-03, 5.663794039820848648e-03, 1.227370005156471627e-01, -2.701553703892362046e-02, 1.747336239132873947e-01, 1.785890816787635837e-02, 2.276466607529513408e-01, 1.567222994504650219e-02, -3.514899256042552239e-02, 3.235442376042730467e-02, -9.228417054964114033e-03, -4.597250477024518445e-02
1.060088524301087826e-01, 4.947721774628790342e-02, 5.465376862040001449e-02, 3.445436603889275029e-02, 6.385838341594332612e-02, -1.932912225462222744e-01, -9.154745688881217591e-02, -6.188452440939516686e-02, -1.488656559288480119e-01, 5.979440333555879894e-02, -1.449633189408646231e-02, 1.251924298492536614e-01, -1.567652643445585636e-01, -1.679434754428148213e-01, -2.742524553128251191e-02, -7.889773570221858545e-02, -4.767194566315857002e-02, -6.353479795717835443e-02, -3.252454676214643070e-02, -1.592765243624415239e-02, -8.697587184905829216e-02, 3.707926547600253614e-02, -2.096660079122174627e-02
4.599304174212054397e-02, -1.675051856478985690e-01, 2.826553271286098065e-03, 4.076467511990845838e-02, 1.128568311523351075e-01, -1.645796019567479784e-01, -5.679518084344780532e-02, 4.457672153181648986e-03, -1.708700027465169871e-02, 2.083036482460240979e-01, -2.393398138370484707e-01, -2.635914966800779191e-01, 1.456448702810466678e-01, 4.424345872820315551e-01, 3.985748759128254076e-02, -1.408264325138056661e-01, 6.493675772633451977e-03, 4.299948389636647911e-02, -5.704381468651229664e-02, 9.954619494972830052e-02, 2.739761391594650736e-02, 3.948198395934231913e-02, -8.839485535657230775e-02
-1.606955025965653427e-01, 7.544999321894435562e-02, 1.146613559463769000e-01, -8.032889134299336931e-02, 8.958640759031033518e-02, 8.469791366516216113e-02, -1.415204952510076830e-01, 6.650143720205764497e-02, -9.493332282739919137e-02, 4.328378117639212347e-02, -5.185974624726897436e-02, 4.866747751253727716e-02, 1.464548111256508411e-01, 2.965721120694784704e-02, 8.300544434151722883e-02, -6.360009264458062195e-02, 1.979684989530355599e-01, 2.979060360586545664e-01, 2.761238306722331795e-02, -1.927983130396080380e-01, -1.237306832632337206e-01, -9.159135086336389620e-02, 6.050767309268892911e-03
4.700251377367746508e-02, 2.727021478022196785e-02, -4.628737016996048621e-03, 3.112149942823362256e-02, 2.870723768743740911e-01, -2.404459050699781983e-02, -9.514022971951702212e-02, -1.115436661970753071e-02, -3.945377713328142993e-02, -1.638365126913880060e-02, 4.996414486504602466e-03, -6.959733356321219644e-02, -2.403518574322480450e-01, -1.824093060710967329e-01, 1.331416921019367150e-01, 1.265101579562805389e-01, 7.619171840392757744e-02, 2.625179175695149109e-02, -1.526601418733173343e-01, -6.354780380471225509e-02, 9.134569793988418784e-02, 1.814715325359519613e-02, -5.844790964485011009e-02
-3.327359934861796875e-02, -1.288682058061746405e-01, -8.339463796359730674e-02, 1.366601909676460336e-01, 9.203749367219252187e-03, 1.477183953597139242e-02, 2.226810664954792865e-02, -7.166184199414585287e-02, -2.048694788765025310e-01, 5.307588278225398165e-02, 5.931238010954086037e-02, -2.174397244788648775e-03, 1.513559394060785268e-01, -4.373014343850217117e-02, 2.684373151846415530e-03, 1.934081621911349358e-01, 1.684878220977143459e-01, 5.012887493345995898e-02, -1.588603028082740121e-01, 2.646203184068695452e-02, -1.685858031702980597e-01, -6.346929382316400525e-02, 7.055225793220405196e-03
1.733691179397985060e-01, 1.312251428072611359e-01, -9.467636020033659561e-02, 7.503441524250553663e-02, -1.790884871987014418e-02, 1.939321854757371233e-01, 2.718837960460885120e-02, 1.258724610298068425e-01, -2.631956386257329125e-02, 1.458440847260506490e-01, -1.185796354333350233e-01, -1.246452123152890223e-01, 1.481794624088333956e-01, 8.760316434578795455e-03, -2.172009662944454633e-01, -1.430757031489683639e-01, -1.076722217882542243e-01, -3.166054239778084978e-02, 2.784332940361768094e-02, -1.100870242182746678e-01, -5.631602752783981293e-03, -3.300013793575032328e-02, -4.697934552285286391e-02
-2.772797739549206358e-02, -1.948953219391210689e-01, 7.111728559810767680e-02, 1.319948783646531232e-01, -1.860779142072081227e-01, 1.032208367957380274e-01, -1.556071702254178402e-01, -9.933510799121908486e-02, 1.573342720050657229e-01, -9.689168468132944301e-02, -1.299893209315335640e-01, 6.290203368034651132e-02, 2.297140337612929226e-02, -6.978676015140027056e-02, -2.420659030411655421e-01, 2.101025586332421480e-01, -2.650020249710342835e-02, -9.006405437230005639e-02, 3.234624022173834563e-03, 6.041906237515139166e-03, 1.436284460335192914e-01, 6.281886276635620381e-02, 6.728275540800135457e-02
-9.378453680959700223e-02, 3.587793207737279694e-02, 1.496681348855904425e-01, 9.644414535087075802e-03, -2.865787410890032263e-02, 1.257501179873299901e-01, -2.010237327546647856e-01, -2.675987467017380134e-02, -3.308110969685283415e-03, -1.001816711679214683e-01, -1.251425053938769461e-01, -8.775403114074094291e-02, 4.677668067103413901e-02, 7.596606720574622384e-02, -9.327485797404885814e-02, 2.914734764208914888e-03, -3.151166191873383537e-02, 3.922596487357818407e-02, 8.278971617427461141e-03, -3.924200119870049908e-02, 7.112849000916751652e-02, -1.195711220540626452e-01, 1.431257290717087294e-01
2.210628791132758855e-02, 3.332758872093664546e-03, 5.107648135905729081e-02, 1.834465429056257313e-01, 3.769783528812541140e-02, 2.798274865529989941e-02, 1.685457004867269145e-03, -2.455418596387744234e-01, -2.983940488502686769e-02, 8.643418394004552530e-02, -1.580006264006264538e-02, 1.502477432687773784e-01, 1.119924412161069083e-01, 5.799887848988218714e-02, 7.800303058956618851e-02, 2.597949646974288540e-01, -3.145901666625446069e-02, 1.225284690052596825e-01, 5.134908593344061217e-02, -8.276517095022359327e-02, -1.057765493978872345e-01, -4.027966285567294996e-02, -7.990621486022293773e-02
3.767783649743851413e-03, 2.884232880836854959e-02, 8.534070729698328694e-02, -5.133957191709373480e-02, -3.833615640776028011e-02, 7.917151065109133412e-02, 2.520595790682469417e-01, -7.218519856034227855e-02, -1.888755939413071239e-02, -3.563882359061526506e-02, 1.200042506105415407e-01, 2.022859226313555858e-01, 6.343543960646029489e-02, 7.265679416172524975e-03, 4.795930480461596535e-02, 3.067570939309027800e-02, -1.421235842819394690e-01, 2.033173317708759087e-01, -1.098013399819114527e-01, 6.982793789700081355e-02, 6.708581001840319136e-02, -9.924161244416097871e-02, 1.718325873088182854e-01
-8.978995950646916080e-02, 1.978723851253512411e-01, 3.273090121686900167e-02, 4.485419863887152997e-02, 5.433900593768565407e-02, -2.377917466308263755e-02, -8.122606561648777757e-02, -6.531554946363613001e-02, -3.100909454417818956e-01, 3.761814358252013601e-02, -6.622526816227678435e-03, -1.182920353420720619e-02, 1.390368734520509020e-01, 3.049532016241870980e-02, -7.395721343046912644e-02, -5.150833859422952743e-02, -4.537866077702423090e-02, -2.919380066837860832e-03, 9.055033183020222420e-02, 4.998920576479510408e-02, -1.498108077587262110e-01, 6.085017538067278436e-02, 1.391188687766592089e-02
-1.278316900241258935e-01, 4.662314196722672915e-02, -6.475134679004890259e-02, -1.801839241795840096e-01, -3.963328146307486255e-02, -1.005825850576874958e-01, -2.154966107293741773e-02, -2.487619067156734975e-01, 1.343994112891788717e-01, -3.531444935220903053e-02, 3.817236708697334217e-03, 6.492800956337763107e-02, -2.925543004702265901e-02, 9.415118193185985362e-02, -1.518399493180214166e-01, -2.417134127840676189e-02, -8.394418047288293439e-02, 1.242912011806489476e-02, -1.067643470774591076e-02, 8.949588123450979982e-02, 2.203584780588864478e-02, 1.107401639941716226e-01, 6.784618742329710794e-02
-9.588819873094430249e-03, -1.113053959337393373e-01, 1.645797221943789967e-02, -4.460953131189056980e-02, 9.481768813883234559e-02, 6.841326285138092655e-02, -8.413359515761528740e-02, 1.318129807704397638e-01, -7.737777892624525533e-02, -1.286844161234681205e-01, -7.250962580608007191e-02, -1.397051105737982628e-02, -1.125173486870223727e-01, 6.769578127792555411e-02, -2.069323453617052111e-01, 5.861990066764934809e-03, -2.570126989507734439e-02, 8.787561460143680780e-02, -1.437712134044787926e-01, -3.024410302793482594e-02, -1.431690425169774850e-01, -1.467494332457179029e-01, 2.454842593570341625e-01
-2.399613347291465817e-02, 1.795279483595872416e-01, 1.074500174885489358e-02, -6.921238662105777539e-02, 7.303553573184703648e-03, -1.445385920251412437e-01, 2.015449976077173522e-01, 7.354732816225929837e-02, 4.839174173736135454e-02, -2.740085008590799689e-02, 9.242674747324061690e-02, 1.785528341071445924e-01, -9.202754130453283388e-02, 5.765294040702403228e-02, 1.543454420594345677e-01, -4.148107893141286806e-02, -1.632484234817523916e-01, 8.809153841521752404e-02, 3.631313687794888306e-02, -3.028041152044888204e-02, 1.162990920880228873e-01, -1.589656664525561647e-01, 1.655344569667939469e-01
-1.292363830950200854e-01, -1.289270437091903088e-01, 7.395435609443370972e-02, -1.280069452313502554e-01, -1.111970759158966982e-01, 1.425831079396761014e-01, 9.781829374431709467e-02, -1.295360425545101501e-01, -7.921706756263531546e-02, -9.816176763547990181e-02, 6.638824911572712914e-03, 8.251591078171087446e-02, -1.585127044371826555e-01, 2.155617652097176484e-01, 9.747653428266557507e-02, 8.419289915947428260e-02, 2.429505468079657116e-01, -6.667804559526772923e-02, -2.747920946530064967e-02, 1.183375958086166774e-01, -2.797713777857374975e-02, 8.551777816849544592e-03, -1.599367642275888179e-02
-1.144731705174495233e-02, -3.212069980217406497e-03, -7.518108795274572667e-03, 1.471071366334846531e-01, -7.085706919632683842e-02, -6.748672923416010327e-02, -3.602978974300920494e-03, -2.075864018054476567e-01, -1.643442497943730096e-01, -1.427131367962697350e-01, -2.118290298752523865e-02, 1.983013333806348255e-01, -1.687980597788230064e-01, -2.182301374899291990e-01, 1.794655361188609854e-01, 7.319452187985986402e-02, 2.375752621938621856e-01, 6.027908686155924317e-02, 1.530884296592638881e-02, 3.891341669709343087e-02, -1.119613825619420466e-01, -1.743208794377253679e-01, -1.241220989156948534e-02
-1.890043648364595208e-01, 2.777773550054383686e-02, -3.951514380295689105e-02, -1.474162468274778370e-01, 7.765811095993753466e-02, 1.238198597293537206e-01, 8.455730407898508216e-02, 1.603452509525463421e-01, 3.083757611822319708e-02, 1.260672106675365250e-02, 1.349060567508415798e-01, -3.003592660134676157e-02, -3.650568494994256563e-02, -2.743330951730593159e-01, -2.401135049712729841e-02, 3.554773975947599779e-02, 9.267861938108890030e-02, 1.071229640596980809e-01, -1.825824261623207323e-01, -2.356111978412855565e-02, 7.667166166328673316e-02, -1.128692403739864486e-01, -6.010587406325190729e-02
-6.987414518511711470e-02, 6.507131267089505400e-02, 1.534028652419746480e-02, -1.380627544367445114e-01, -2.804840738903844888e-01, -1.162598108566985644e-01, -2.541872358349135941e-01, -3.323503845683544733e-01, -2.236953032274876518e-01, -1.285119846503592345e-01, -1.872015672663798480e-01, 9.003328670166935166e-02, 3.915135697361532552e-02, 3.358828420573602980e-01, 2.371906341598922774e-02, -6.796829518559356631e-02, -1.201213912104640291e-01, -8.385434703773544940e-02, 6.539492101046447126e-02, 1.187913080954844103e-01, -1.131025078506318199e-01, -8.969032251457306759e-02, 2.086131051801959901e-01
-1.599754386777192394e-01, -3.292745299165252687e-02, 2.048227417872002659e-02, 9.860388828785297821e-02, 2.480392726959138316e-01, -5.819948693697939157e-02, -2.540670345364158811e-01, -9.705882103516512427e-02, 8.484497011558637947e-02, -5.098699257005088331e-02, 1.639356521470930819e-02, -1.160591339195391619e-01, 3.178689180651649709e-02, -1.111526581806788205e-01, -7.077931250014543596e-02, -4.517974398286962734e-02, -5.214819823573418889e-02, -6.609678614879377356e-02, -1.425294409225648026e-02, 5.473740221673634859e-02, -1.212211426772944051e-01, -8.614449332098382539e-02, -1.155885314036861483e-01
1.131449360926045922e-01, -8.577870597208361869e-02, -7.483544279296507062e-02, -7.506271335232986286e-02, -7.635944269122126038e-02, 3.964104315505386986e-03, 4.692334428823380366e-02, 5.193154801010541749e-02, 7.418491106218462125e-03, -2.741328113869090713e-03, 9.019623263712088501e-02, -7.917961928613302669e-02, 3.616696112280225195e-02, -2.399238637813536773e-02, -1.561213867940732837e-02, -1.046458212628506058e-03, -8.597972216144866842e-02, 4.820163922635680581e-02, -1.153038156041558820e-01, 6.192924857456423571e-02, -1.209111617740107614e-01, 1.045154694381548038e-01, 4.952493276120658455e-02
-1.781555429287509998e-02, 1.103614133310233392e-01, -6.502746722204338914e-02, -3.847611368484622762e-02, 3.436330833681710412e-02, 5.847906768064757566e-02, -1.154794124879334055e-01, -2.007243668598572284e-01, 3.041769901155667172e-02, 2.523293773713263660e-02, -7.048293339130291824e-02, -6.587339705384102906e-02, -8.754229239823362041e-02, -7.475464816308458049e-02, -2.449426555893164520e-02, -1.462445940926008527e-02, 7.604070472642029954e-02, 3.494958096527069763e-02, 1.057914840634157638e-01, 1.827600193913490878e-01, 3.467906005817525394e-02, 8.494776188636765646e-02, 1.248017975859196972e-02
-1.137232411770540685e-01, 2.488195621183678929e-01, 5.223698904797541287e-02, 6.471108107580841873e-02, -3.049149801812767735e-01, -1.791619923907456224e-01, -1.811954958295195206e-01, -1.512497075779944133e-01, -2.326239900189390475e-02, 5.234399803311845512e-02, 8.408939637105035392e-02, -1.959665950946642143e-01, -2.366356543683450220e-01, -3.440164559996493066e-01, 1.997954689653125282e-01, -3.529207346976683812e-01, -1.298966619514707599e-01, -9.364368169530542033e-03, -5.905580262038275657e-02, 6.640495986059416489e-02, 1.372712727419439505e-01, 1.549459547904606382e-01, -5.063783809104629996e-02
8.835717671199537493e-02, 3.851140259215317663e-01, 7.694980339210871767e-02, -1.296614269140623499e-01, -3.464835684004293759e-01, -2.766154829576177310e-01, -1.414546942135508634e-01, -2.490578157380993474e-01, 3.195105995118425329e-02, 8.006781139388174928e-02, 2.062213203638364467e-01, -3.386296164310677592e-01, 4.585884957314424748e-02, -6.846323529109953343e-01, 6.978807472294326630e-02, 1.186657772239825132e-01, -4.875798234173567836e-01, -1.789291278661315765e-01, -2.065641904445555121e-01, -5.916554538445441963e-02, -1.327851988500452218e-01, -1.452536584575308265e-01, -1.016754797809507269e-02
-1.494747327143312876e-01, -3.400018686840918652e-02, 1.454318508022533762e-01, -1.265671257576420072e-01, -1.559190620332072397e-01, -1.390178935439482510e-01, -1.294084679310574248e-01, -2.912533403167416046e-01, -3.963031376896415381e-01, -1.764445891259650290e-01, 9.532561945904687202e-04, 8.562652476934558277e-02, 1.421130185563026505e-01, 4.006405196448651340e-01, 3.340288432861273499e-02, -9.406933545090333249e-02, -9.595231150407741716e-02, 1.935844446041569758e-02, 2.879953132580459485e-02, 1.011881111778989706e-01, 6.905984869323042452e-02, 1.639063584979652821e-01, 3.196189818493626322e-02
1.269421701252604617e-01, -2.637321097879143927e-01, 1.259539055210720515e-01, -5.694992075378547264e-02, 4.179568192870514176e-02, -9.376917530033297699e-02, -7.792432055333417540e-02, -3.374594611285100521e-02, 4.848521059788358373e-02, 6.222166663000429365e-02, -9.288127545864407683e-03, 1.398237799223062683e-01, 1.994947878496331761e-01, 5.027814570527767701e-01, -1.768671854309958602e-01, -5.474090802006376794e-02, 7.932249946055114354e-02, -8.446888354553826889e-03, 3.200493950169691626e-02, 6.019453298785653467e-02, 1.426073704297534661e-01, 7.940588094343881131e-02, 2.932111098727862575e-01
1.514866988529851022e-01, -2.137804864639264446e-01, 4.249593322735409351e-02, -1.418382121393529371e-01, -1.447153502841797279e-01, -2.104400333729895545e-01, -1.121435646752663995e-01, -3.417998384123290823e-01, 8.673772065490109595e-02, 6.560182663127313296e-02, 5.347038606638617082e-03, 4.397793088582077070e-01, -4.121662796492545633e-01, -1.000331429319783888e-01, 3.988690148549251524e-01, 1.295879721987532041e-01, 3.212911432186976168e-01, 8.905568995484186567e-02, 1.243288417423845243e-01, -7.082782867585001030e-02, 4.215489936337021848e-02, 4.222419215597857101e-02, 1.981429262706434491e-01
8.051935980616607702e-02, 2.212079465644562759e-01, -1.970857797836875758e-01, 1.752437087416982772e-02, 8.072241596600500391e-02, -9.374215047603644269e-02, -7.104255196314485099e-02, -1.504080575256297181e-01, 6.589388919771224651e-02, 4.520497924724787425e-02, -2.686649801940814777e-02, 1.320739292119441910e-01, 1.788487079723153836e-02, -1.746143511442588715e-03, -2.541372522822015682e-04, 1.076230199791309954e-02, 3.598074341002333726e-02, -6.604051180881334582e-02, -6.860302649565068467e-02, -1.081873925195680208e-01, 2.084794831038529472e-01, 6.046539591721582924e-02, 2.100539909334456223e-02
-1.051941182754451004e-01, -8.139646274101904055e-02, 2.090095494830657846e-02, -9.052120742083133442e-02, -7.645869222439777291e-02, -1.856284826756700312e-01, 5.310348679657684451e-02, 1.034720866018409707e-01, 1.612944250694948456e-01, -1.280748032509637820e-02, -1.414618541222442683e-01, -7.760980662592910362e-02, 5.594675567233888674e-02, -1.570430792116912083e-02, -9.751320070829750872e-03, -2.199380175450211805e-01, 3.245033496230719655e-02, 4.429440890397595698e-02, -1.115657140469314933e-02, 6.862502157005243020e-02, -9.843913226322508619e-03, 5.665188690708324037e-02, -9.065774568165063663e-02
8.688546937519038560e-02, -1.883105762060448274e-01, -3.939745669998559810e-03, 1.528070027433436201e-02, -1.823143793377474398e-01, -1.188751950805674029e-01, 8.135740432247925633e-03, -1.694117397393005847e-02, -7.878461091056944421e-02, -2.077653248695550403e-02, 4.819921099300582268e-02, -1.197669362982845265e-01, 6.016286114771093874e-02, -1.544448712213690456e-01, 3.657121896928280241e-02, -1.826842387365177067e-01, -3.395266495436650121e-03, 4.110721280176508202e-02, 7.097733587662057031e-02, 1.712479027784986896e-01, -3.256518572984715143e-02, -1.253040821004727801e-01, -1.073602907133670370e-03
2.999933951402506543e-02, 8.092212654983292619e-02, -5.785959034472593077e-02, 1.123266610922873943e-01, -7.691183952745546393e-02, -1.246194345672780451e-01, 5.685950597673460755e-02, 1.167975778278849686e-01, 1.890571798699661188e-01, 6.839774496584608010e-02, -2.890544804229965015e-02, -9.646512629153461416e-02, -2.276433832259195655e-01, 9.403776211832168275e-02, 1.642565057213623073e-02, 4.736088932813159458e-02, -2.030338668781814238e-02, 8.393992190798170439e-02, -2.894117869363856399e-01, -6.255853490891942481e-02, -1.898536039086786212e-02, -1.404588560650520956e-01, -8.322987846478937732e-03
1.558811130127614186e-01, -2.000864257754056963e-01, 8.791488950758992449e-02, -1.874736235093987513e-01, -3.466831485074621522e-02, -1.173749917198014733e-02, 1.099075037947370298e-01, -3.806840647719522686e-02, -1.515242794714729557e-01, -1.414607488745557584e-01, -1.477840201657201064e-02, 3.048132078499856540e-02, 1.852501909048054340e-01, 4.201617480704554763e-01, 2.042335577776496769e-02, -5.173805842016945822e-02, -7.297691869998396141e-02, -2.029909388931572939e-02, 1.581388272568670372e-01, 7.266770105531333845e-02, -6.300782120256621932e-02, -1.316523370810656311e-02, -2.664081713541678262e-02
1.390684898773500988e-01, 6.305884649025012001e-02, 2.572897979210294825e-02, -8.426584646539975187e-02, -5.948408154101246514e-02, -7.165501573331906071e-02, 6.113586206770871972e-02, -4.867179559660071014e-02, 1.687779860436321444e-01, 8.746990407898103115e-02, 6.831354500302647126e-02, -3.220765682213986431e-02, 6.130700819636561438e-02, -1.616662679948972434e-02, 2.126262635867808282e-01, 3.065108570227066068e-03, 4.211922645400129062e-02, -1.294883907100532472e-01, -8.447789526600564536e-02, 1.683260835846828174e-03, -4.420341955023780744e-02, 8.643900053785598392e-02, -1.865495136430514456e-01
1.044711959378659821e-01, 8.794168801475975294e-02, -6.035524097114913777e-02, -4.480069790811541663e-02, 8.561971507360047196e-02, -5.592034839785185729e-02, -1.237487040149354012e-01, 8.636547533309126001e-02, 4.464293267051439029e-02, 1.098025235844750785e-01, 9.315899991140169645e-02, 7.156695261780308959e-02, 7.285087585852821623e-02, 1.320327348525405786e-01, 1.882234554823439265e-02, 1.869916983380718462e-02, 5.773102781658143862e-02, -5.148317408616772534e-02, -5.302516288642551701e-02, -5.089843511507942397e-02, -7.962707389299307492e-02, 2.028955503447423536e-01, 1.245326712471905434e-01
-1.152551481131819239e-01, -2.028507113070329715e-01, -1.023680222152291291e-01, 2.361687845431824015e-02, -4.708730152291548676e-02, -7.250340273700315100e-03, -9.777446446284727977e-02, 9.916133281409125755e-02, -7.905740046709512853e-04, 6.489062425718092331e-02, -1.276531254605212107e-01, 1.261132278181610333e-01, 1.745440958376906215e-01, 2.688690947809758147e-01, 2.406823625526158528e-01, 3.232983666638324788e-02, 8.833870585086163463e-02, 2.851193120267394437e-02, -5.498014837261317594e-02, -1.029218498455368308e-01, 2.474377502269058809e-02, -5.172601395119905826e-02, -9.965221419446265716e-02
1.988332546340768614e-01, -1.941926226132407174e-01, 5.332069148556321803e-02, -8.427557553538107815e-02, 4.146478520591510147e-02, -1.343635637858970611e-01, 2.046839270829433136e-02, -3.994460414955822158e-02, -6.562195806520865204e-02, 5.412128735560091386e-02, -2.313654447580771982e-03, 3.088775635188364954e-02, -3.757540013570957738e-02, -1.512480037156336242e-02, 8.361177990758321410e-02, 1.017833894201019274e-01, -7.705574105840153065e-02, -1.002107623119189161e-01, -2.915552931479399590e-02, -6.354998730641787247e-03, -1.242820827418621571e-01, -9.781484254360071906e-02, -1.089244593765178043e-01
-2.247307113712794860e-02, 1.131736847628115883e-01, 1.084674070336949375e-01, 1.117247047124015624e-01, -4.865758356604248797e-02, 3.412317377158058038e-03, -1.268572165277098360e-02, -1.090784488417578524e-01, -6.136442989686731464e-02, -2.983682063771370130e-01, -3.337948040440744113e-02, -8.093121874063344268e-02, -1.284359060525398499e-01, -2.505280350755356364e-02, -2.168243793581960677e-01, 4.947619121119361391e-02, 1.942673091157948173e-01, -1.536265028474651517e-01, -2.078404948345502143e-02, -1.035896333532610597e-01, -1.175676569662603872e-02, -1.675057442853656320e-01, 1.256207988651885654e-01
-9.051026301094157456e-02, 6.820847005853268932e-03, -8.788155474520613353e-02, -1.486610759431280793e-01, 1.439322483009111142e-01, 2.447147642144919047e-02, 1.600604794434961620e-01, 3.182058823799589070e-02, 1.772586034938239963e-01, 5.104236765053914160e-02, -4.513756299984304776e-02, -1.162757323852893834e-02, -4.042267478981305569e-03, -1.210152358966520326e-02, 4.720502162116414768e-02, -6.304062693005550722e-02, 9.098483888377704998e-02, 5.762014254173759842e-02, -1.250583491227283406e-01, -1.221969356831649894e-01, 7.022811096393212493e-02, 5.333878735464606113e-02, 4.574315070310595172e-02
-1.036261489221248916e-01, 1.854675748468432306e-01, -1.464235976590808064e-01, -8.190733271745852251e-02, 1.555129054869233696e-01, -6.906849920421728739e-02, 1.405889878916935232e-01, 7.181055355144523589e-02, 1.818201236382575026e-01, -1.176755472707150529e-01, -1.420938157992082118e-01, 1.840000587787794240e-01, 1.290793917730049811e-01, 6.164929722944940960e-02, -1.829644974523891854e-01, 4.793740742884392003e-02, 3.643413427840117708e-02, 8.387397471877455768e-02, 8.468999405957790272e-02, 6.360378780478291019e-04, -1.022893623531111011e-02, 3.785907802112254555e-02, -4.154208246955658906e-02
-2.740073594987061864e-02, -7.544964749207899724e-02, -9.639771935818453041e-02, 1.080514065448052730e-01, -1.761623680971709516e-01, -3.795359083307563164e-02, -7.077912359305697787e-02, 1.777711494858456032e-01, 1.670421497667686286e-02, -1.896451008276053840e-01, -2.861559020325351449e-02, -2.001281661925984057e-01, -8.907433502480596732e-02, 8.921353189421687979e-02, 7.046047616272707592e-02, 1.278095393179568273e-01, 1.226395523604986854e-01, -4.741622516689639188e-02, 6.572402265338396499e-02, 1.000458111515261095e-01, -3.535145551720004359e-02, 6.057796453768857399e-03, -1.196953254955387957e-01
3.198540778105586624e-02, -8.003576375792359476e-02, 1.916695308660782970e-01, -5.441797249939426401e-02, -1.323846181078814355e-01, -1.191294022404848774e-01, 8.398376171390303790e-03, -9.445644671448632373e-03, 1.577921397088913880e-01, -1.449521293230162378e-01, 2.291768269031800864e-01, -1.079355410525511261e-01, 3.235091237838974565e-02, 1.908534463789675617e-01, -8.604525733508841534e-02, 1.027577279132936422e-01, 1.469678130069446420e-01, -3.300559343587056854e-02, -1.941743167414854143e-02, -2.936439279882056136e-02, 6.651071028372179672e-02, -2.661209151745549256e-02, -3.472482054370777671e-02
-8.980812896772494280e-02, -1.622981048915312086e-01, 2.519619987846577827e-02, 3.074192347611143933e-02, 1.152414683231032105e-01, 6.876100013857830429e-02, 2.235682968752004118e-01, 1.471640413637962108e-01, 1.797655505744656101e-01, 4.096888243962557019e-02, -2.809824873982964127e-02, 2.187894626001039844e-01, 1.437365335043170045e-01, -3.374887558575094260e-01, 1.676509073947065886e-01, -1.113660562195657733e-01, 1.499425722076711265e-01, 2.234338234273946233e-01, 1.947575031639173920e-02, 3.009930857688541267e-02, 7.727447820023444769e-02, 5.052028175861780074e-02, 3.467639508121482528e-02
-9.823048358653155288e-02, -6.475811182324564541e-01, 8.132767193292848862e-02, 5.847014802794675559e-02, -9.566250624631715549e-02, 8.710884346704099446e-02, -3.459728904079697326e-02, -6.048881100113857878e-02, -2.046820125228514600e-02, -4.455861485754326196e-02, -1.264527090542887644e-01, 2.258966727036557792e-02, 5.369409490131545892e-01, 1.272586476284651935e+00, -9.145387634000228666e-03, 1.768853648841288428e-01, 1.417242948998840846e-01, 3.161014200667908725e-01, 2.539232477547525083e-02, -1.068931595632069964e-01, -5.124121242233819346e-02, -1.619409315248311887e-01, -4.333793413061024641e-02
5.602104563255636688e-02, -7.308153780973674074e-01, -2.630044484967976048e-01, 2.826427437599458165e-02, 1.606889419729286561e-01, 2.393080703463051351e-01, 3.476095003688226548e-01, 1.104585740902184754e-01, 1.614045146137887965e-02, -1.128582572878735896e-01, -1.615292102534094110e-01, -3.274086822266769059e-01, 5.949094109945453068e-01, 1.444790459419027950e+00, -4.590639118142285369e-02, 4.376814735847328053e-01, 2.737258888268528367e-01, -1.435426899468739692e-01, -1.000417361906485725e-01, -1.457535796331323463e-01, -1.071570143364569509e-02, 6.178813668219641092e-02, -5.694148872176783838e-02
7.884115996770124646e-02, 1.091653348886523489e-01, 2.219470530015893450e-03, -1.803001545200234867e-01, 9.437500249653175965e-02, -4.426970822063933803e-02, -1.873549498194213847e-01, -5.173656071635035492e-02, 6.571839038015477377e-03, 6.798033921222522424e-02, 6.871471985461218013e-02, 2.347972796776628956e-01, 7.508112568304799173e-02, 1.182324946407945498e-01, 9.059144457855509980e-02, -1.521786406821195314e-01, 1.665198260158285148e-01, -1.923643202545332123e-02, 1.219209568705490188e-01, -5.450330655561830273e-02, 6.055499512506039989e-02, 1.898125956878021214e-01, -1.504099346722092001e-01
-2.522616621860394870e-02, -5.462643840876073298e-02, -1.074047770248291733e-01, 7.568117530868451702e-03, 1.652417663311978591e-01, -6.267683977072700807e-02, 1.526327143891593463e-01, -5.492231737990255908e-03, 4.499977285889485319e-03, 6.609389966006058714e-02, 2.260751823478920203e-02, 1.444814863516730719e-01, 9.918393447353418546e-02, -3.135648003937251405e-01, 1.027860326210588565e-01, 3.527812519128387808e-02, -6.391157869131199043e-02, 6.115845498044232553e-02, 1.066797905987979661e-01, -1.323859043327188234e-01, 1.304466562171467392e-01, 2.450381640560164373e-02, -3.123893576554459105e-03
-4.522602148713146530e-02, -1.211257523468485253e-01, -2.652793712790376679e-01, -1.054261667408459661e-02, 2.154962489023251951e-02, -1.719799689030639123e-02, 1.314111940342649852e-02, -1.658892600063246181e-01, -2.455344028519386088e-02, -9.763068196816251931e-02, 1.300745828870024379e-01, -4.145976144647292583e-02, -1.463541229349178407e-01, 3.228689309344989766e-02, -1.771587320616842820e-01, -1.372421039861101422e-01, 5.608261502556461525e-02, 6.457038718845532765e-02, -6.639721993278265011e-02, -6.265797845224563289e-02, -8.018829322257103875e-02, 1.874927467166421502e-01, -2.305798219582278763e-01
3.709224136259992033e-02, 1.413299346346046370e-01, -2.856067402531165325e-02, -7.036723783028323541e-03, 1.502805315011358223e-01, -1.521275816044392604e-01, -9.075322994901799389e-02, 1.625901894441339202e-01, 2.345316536502808635e-01, -6.529668685603697009e-02, 6.513705278711616475e-02, 6.443786777174426161e-02, 5.201903258055245310e-02, -3.447241717945223605e-02, -4.644660877050516001e-02, -5.331601650409453080e-02, -1.032252318563889187e-01, 1.368193009672866861e-02, -4.888484775109742941e-02, 2.235988568180722821e-02, -1.421900732837025338e-02, 5.428495332120436383e-03, -1.550271216526254436e-01
-3.116444740094649266e-02, 7.324467897161079932e-02, 1.381734325165832195e-02, -1.200821274047804699e-01, -5.012456024419151973e-02, 1.854696514301697186e-01, -4.679735818127830210e-02, -4.049751837609428390e-02, 6.217535665571929937e-02, 1.610479307316629860e-01, 3.441159832784886768e-02, -6.431761114525076650e-02, 1.627891049570812931e-01, 8.242388099254826378e-03, -6.881837128266364567e-03, -1.638582805956696475e-01, 7.558825947252796086e-03, 1.088280342442344839e-01, 2.221084228394744342e-02, 4.853955356344617084e-02, -4.288200284595588413e-02, 4.949904823707991508e-02, -5.281716216426159127e-02
1.261386321471819616e-01, -2.117471543126026468e-03, 7.184161666518057432e-02, 2.904798465769192067e-02, -1.389227818818304996e-02, -5.098925053482482317e-02, -4.887348471591280302e-02, 4.640576998462357487e-03, 1.782980615376954237e-01, 9.704701432457679688e-02, -8.278983607352316185e-03, 9.232711615810497430e-02, 1.650629737459735277e-02, 1.880242168838743844e-01, -5.581650199642851362e-02, 2.447106919079581333e-01, 3.185338212067106989e-02, -1.455548745995509929e-01, -5.085203720361231028e-02, -3.263034131997515075e-02, -9.690782365690983613e-02, 1.355658168628782467e-01, 7.813182937220720936e-02
6.752113317951528859e-02, 1.371791032784808462e-01, -1.774251975209195364e-01, -5.092051729817522604e-02, 6.486334172226577988e-02, -5.747588477196031304e-02, -7.258995812801771752e-02, -2.002910209770206174e-01, -3.835823354368530363e-02, 1.219247811287387240e-01, -7.628896469996489238e-02, 7.371088213063627104e-02, -6.281526645520529861e-02, 7.331737859123806100e-02, 1.912983249351361131e-02, 1.979572783306782213e-01, -1.174240742371533280e-01, 1.807601801188291613e-01, 9.714545526064541359e-02, -1.458085636233823479e-01, 1.480385443859087435e-01, 4.816575476391379840e-02, -1.455993448622106001e-01
-2.009485678334770598e-01, -1.157600107763000763e-01, -9.745605820394475510e-03, 1.534928818871036105e-01, 2.845245359212299485e-01, 3.149179119132518301e-02, 1.908033210527017576e-01, 2.699944595895442112e-01, -3.315472073814262205e-02, 9.629773839931310420e-02, 1.396365305143260627e-01, 1.390971234860665096e-01, -7.303799854410378267e-02, -1.471692793578574521e-01, 6.020829249172187508e-02, -1.653065009386620876e-01, -8.442742513145586047e-02, -2.067948711854476762e-02, -1.972373797165504483e-01, 6.072296266524460084e-02, -6.472886356023968557e-02, 9.576050536097317767e-02, 2.266661339465532443e-02
1.152505669480492351e-01, 2.140659569215484226e-01, 1.096952204927865715e-01, -6.778759083557917009e-02, 2.143846852424717911e-02, 9.282321518616287737e-02, 1.498388888708129252e-01, 1.171422768644251877e-01, 5.303196306613263550e-02, -6.901974300057672762e-02, 6.473174576374852995e-02, -1.080046800595937662e-01, -1.171875694527122341e-01, 1.330992489214433139e-01, -7.561186572152299445e-02, -3.987141636035483432e-03, -5.607135164213883360e-02, -4.003172305929678099e-02, 1.261099992650575874e-01, 1.615106739194830873e-02, -9.509624798407998944e-03, 6.297710162520445652e-03, 3.149055521969256616e-02
1.277394551528595878e-01, 1.359342529248537268e-01, 1.851179190827238752e-02, 8.619796791235023736e-02, 6.313872683528154450e-02, -1.277111151025853431e-01, 4.612475414200398888e-02, 6.099822852883170915e-02, -5.691974459630272029e-03, -3.965303987447605337e-03, -7.437142929957905879e-02, 1.024722918440115482e-01, -9.577417474127136732e-02, 6.080265162941174417e-02, 1.079753005367820456e-01, 8.797187134663178587e-02, -2.912076160489606713e-01, -3.286681201833622362e-02, -7.469710097062741416e-02, 8.290578903134915301e-02, 1.401335950555548659e-01, 1.144334888228604324e-01, 4.374122487550413663e-02
6.520168029267289778e-02, -2.327008546727015181e-01, -8.081369253467322877e-02, 1.310012154473478296e-01, -4.248602282453225326e-02, 1.813159636655512219e-01, 1.452499655556685754e-01, 3.418204242269074628e-02, 1.273436546659420521e-01, -4.753974158687719609e-02, -1.430629650938487485e-01, 6.508739185998187703e-04, 9.313973556073419646e-02, -6.488883538703550669e-02, 1.854295184571949986e-02, 1.478353217093367894e-02, 3.647149117070236368e-02, 5.495604975988122032e-02, 1.588609254615083732e-02, 3.681933385236022677e-02, 4.303471567930042957e-02, 5.948055219309732189e-02, 1.634535636565391803e-01
-3.222534490143198586e-03, 1.338662532643269121e-01, 1.493046738787607089e-02, -1.066603316119437012e-01, 2.478151189970899740e-02, -6.506307226189542159e-02, 2.754280360375293418e-03, 1.747157283836733854e-02, -3.609065980858524453e-02, 4.072799341165934256e-02, 3.236427578461384402e-02, 7.491582535525859871e-03, 4.713083519652713771e-02, 1.301098274985527103e-01, -2.259963753881085932e-02, -1.259239704674272875e-01, 1.116509150132619782e-01, 3.484763110808656444e-02, -1.055525165404021248e-01, -1.196506622876769566e-01, 1.021982175438164858e-01, 3.382780736534931471e-02, 1.414467443260932211e-01
-1.952290403777987016e-01, -8.045331952488797567e-02, 1.039102958865492088e-01, 5.049959477086319454e-02, 1.380175035765923153e-01, 9.653658460750903780e-02, 1.363645922573109848e-01, -1.865383420654258577e-03, 1.138616639460403035e-01, 6.215953681641001038e-02, -9.595630878246537432e-02, -1.095458921687028769e-01, -2.260555729465265340e-01, 8.925628573734084581e-02, 1.176774907004970033e-01, 1.661059929567936244e-01, 3.820024989283310468e-02, 2.480941627423145779e-02, 8.684425826407465854e-03, -1.375725441403861105e-01, -1.043861602988814113e-01, 5.053288540589995215e-02, -1.108293965408968101e-01
6.229645119948584026e-02, -2.128825127517043614e-01, 1.032988348407632428e-01, -1.253974893096144738e-01, 1.143585362243221548e-01, 2.526754804140817212e-01, 8.967588254409318560e-02, 1.156735006000787908e-01, 3.494449116371532438e-01, 2.462323775822426730e-01, 2.112605805047288454e-01, 2.553037258243389118e-01, 3.446742484532596545e-02, -9.626924551889877446e-02, -2.461143277060989787e-02, -2.031238940983968455e-01, -2.172033473921371194e-01, -2.137221389867494381e-01, -2.442510910069850549e-01, -7.937108807145609735e-02, -1.909999502078435218e-01, -2.806793472269358131e-02, -1.297450528546931769e-01
5.261377556931848276e-02, 1.824729804186934201e-01, -6.967245309755418226e-02, -5.477167406430374225e-02, -1.523039284271214718e-02, -2.509701863645899186e-02, 6.444209697718676633e-02, 3.095122462434981778e-02, -1.903172271637383894e-01, 1.342505422496471645e-01, -2.746562335167540211e-02, 1.216375952583000214e-01, -1.532920638241387634e-01, -2.946598555640772554e-01, 9.576910899003070882e-03, -1.452785224092651706e-01, 7.445044001803313716e-02, -1.322258948953641822e-01, 9.738483160763974911e-02, 5.884207699410502757e-02, 1.252295020196868558e-01, 4.986375840817999089e-02, -3.141577450109798719e-01
-5.251063131182852166e-03, 1.170787085887448342e-01, -5.934764435044869585e-02, 7.300585967823627898e-02, -4.179570926852270163e-01, -3.310292291798390130e-01, -4.308262846912647714e-01, -1.997919327753878982e-01, -2.221094348427433418e-01, 9.515085721638791294e-02, 5.649871041914663466e-02, -4.100522604818272465e-01, 8.635446177373139187e-02, 3.749798256062374935e-01, 3.352546201116946706e-02, -1.319933290772735968e-01, 4.842691403447429987e-02, -1.366485762803798243e-01, -1.694133397304482813e-01, -1.453741267322787578e-02, 1.630552245979141265e-02, 1.127197411920936587e-01, -9.762946262909578954e-02
-7.286703157933936692e-02, 1.939640136535581150e-01, -6.144194980240072490e-02, 1.791572244891354582e-01, -2.473901760468147082e-01, -8.287638642193745353e-02, -3.132799716582172073e-02, -2.029300897771911805e-01, -4.487018686895005715e-01, -2.250478654711213500e-01, -4.828257714888260083e-02, -1.907534763273903144e-01, -3.386755165372433169e-03, 5.322807410653822985e-02, 2.442454569669587350e-02, 2.246443110620695294e-01, -3.794700780031436821e-02, -1.053226534847129248e-02, 2.010179733123236279e-01, 2.710653845229925585e-01, 3.093165021989191868e-02, 7.354568047720297375e-02, 1.680922690991705770e-01
-3.766347196781912043e-02, 8.050752637526738253e-02, -4.643338464488981632e-02, 2.894021341099675335e-02, 1.036840890693376538e-01, 1.997763463890623106e-02, -1.183404088296464568e-01, -2.699040935575238720e-01, 3.585301277335750658e-02, -2.268427775008056285e-02, 8.115799272389100094e-02, 1.575410704895891315e-02, -1.550606541395917540e-02, 5.604387367108289164e-02, 1.447576887899590103e-01, -2.742106922119949639e-03, -2.944053679394252609e-02, 2.661326459236389441e-01, 7.171006348610078039e-03, 5.137657706796241314e-02, -5.110044791999879266e-02, -1.764659616899412198e-01, 3.081411382630746404e-02
5.635316884254078229e-02, 1.499692974529291331e-02, 2.359592313867432678e-02, 1.401533368851643757e-01, 1.219637426800967844e-01, 9.376616100549964306e-02, 2.073265929287076634e-02, -9.098047009520258965e-02, 1.645490706700805661e-01, -2.063014487366873154e-03, -8.474497705577334339e-02, -3.256171475632864409e-02, -4.659531715301276633e-02, -2.703091876752882761e-01, 2.638835715069607901e-01, 1.248782516758339435e-02, 7.073873670208614961e-02, -7.865731709416913173e-03, -1.386023192352179856e-01, -2.290913017418263337e-02, -1.153251782800234077e-01, -8.009396405368322466e-03, -7.353845150802554298e-02
1.470961694708114442e-01, 4.236888351485834647e-01, 1.235633875165156187e-01, -8.091926013765042211e-03, 1.967091640934869601e-01, -1.405156075865723608e-01, -2.267179608656248735e-02, -5.931193775822118236e-02, 1.799417800703968827e-03, 3.656170042577651658e-01, 3.714659513414365899e-02, -2.011580656199469554e-03, -3.583545243618146414e-01, -8.709484352790509698e-01, -2.729431206185871372e-02, -4.861600251511479648e-02, -6.646498521926832992e-02, -1.410284343227635739e-01, -3.362575054644105499e-02, 2.366782996814619511e-01, 1.191153528196375738e-01, -1.149891798348031263e-01, -8.377981142310368667e-02
-3.087479350437191683e-02, 1.026726562692261258e+00, -1.668954534547052943e-03, 1.588523600889978071e-03, -7.409201560209648443e-03, 2.572594457181339167e-01, 1.201589628969036358e-02, 1.698764053961177578e-01, 1.280349721119280471e-01, 2.091937729342134289e-01, 2.343768923372626656e-01, -2.512790309964157420e-01, -9.925706249275284554e-01, -1.902077441672491931e+00, -6.633286891661350181e-03, -2.744866622377143961e-01, -3.035109236337468763e-01, -4.131211468512892976e-02, 1.740873298815964060e-02, -1.898993311903657832e-01, -1.134506490139735174e-01, 6.869339881118419200e-02, -5.473404758471896864e-02
1.553594855011169984e-04, 6.793685812702061899e-02, 9.755194162002440994e-02, 5.099981949955173510e-02, -5.757977887607292899e-01, -2.173319285727993710e-01, -2.766832643172132955e-01, -4.070695310282706481e-01, -2.628643800141678977e-01, -1.788736558287198908e-01, -1.077762621917754821e-01, -1.187827014158558854e-02, 1.937034404136392940e-01, 4.173702680642641938e-01, 4.555381968691369493e-02, -1.658606928143426806e-01, -9.629326899239394610e-02, -2.344381677908664516e-02, 8.521675319409800775e-02, 1.003294130690694924e-01, -3.772082223980997850e-02, 1.356145411973673498e-01, 3.020721072787081046e-02
-1.262612717503817407e-02, -4.240510635524229882e-02, -1.827858833173310882e-01, 7.987726953990804957e-02, -6.942389664421443063e-02, 7.685860083067667936e-02, -5.417645593992634345e-02, 1.260936571371819304e-01, 1.666612411889691059e-01, -1.644463681369967567e-01, -1.183736680971521765e-01, -5.144361161086331846e-02, -1.446009822167902692e-01, -1.061839394513229284e-01, -9.805064763718135401e-02, -3.779140678077604065e-02, -1.240506369110333795e-01, 1.047574376485577441e-01, 1.501148593019770716e-01, -8.521580428451305811e-02, 2.566144044995256196e-02, 5.929958883078109699e-02, 1.132040044493087538e-01
-1.919896531028980960e-02, 1.887661424814411626e-01, -1.871190184070808601e-02, 1.336766915541173217e-01, -6.206105901135409303e-02, -5.357364406059557382e-02, -4.221554027668710657e-02, 7.893242988115344028e-02, -2.817471985067520387e-03, 1.649179612487487734e-01, 7.816411278594162515e-02, -4.255596876908098597e-02, -2.111372636730435293e-01, -2.117853737700444161e-01, -6.048508504611712494e-02, -2.024677630817732221e-01, -7.616047822592715566e-02, -9.136576619094728680e-02, -2.787105459019911802e-02, -1.675470035704682004e-02, -1.401271780868924288e-01, -2.873930746561178043e-02, -2.438823902038987981e-02
9.427352035241358397e-02, 8.387469450880134791e-02, 3.866475418289957305e-02, 2.264720378391490152e-01, -2.659617070736237099e-01, -7.998516933440331933e-02, -1.504223474418415196e-01, -1.770243359760160229e-01, -2.133166305543650887e-01, -6.982590225096237113e-02, 2.698181103944992040e-02, -2.147736666190696031e-01, -2.596780788998588885e-01, -1.266357885623208696e-02, 3.668106875368479791e-01, -2.110340733014960668e-01, -1.705753287759591286e-01, -1.105430582457133798e-01, 3.027547416595948726e-01, 1.365626298257247850e-01, -1.117911806901185634e-01, 3.969417219682860182e-02, 3.673312038541960006e-02
-2.196112136594202333e-02, -5.072503091650698570e-02, -8.026054308967606188e-02, 6.137518087873117256e-02, 3.884283404472795714e-02, -1.246286304459342659e-01, 1.135184090148748243e-01, 2.115904595213069159e-02, 3.895982369421287922e-02, -9.566425043276645390e-02, -1.296836470501775695e-01, 3.637726588860909493e-02, -1.401977019651322043e-01, -2.143729494125251600e-01, -1.454871356672751137e-01, -3.571584998985413012e-02, 1.107750017358576089e-01, 1.300845409420351706e-01, 1.351070349856163533e-02, 9.194376056855607660e-02, -1.475219740303354010e-01, 8.227524513079707835e-02, 1.841135168707979525e-02
-1.805492289116397003e-02, 2.488032054733704812e-02, -5.345957586706444331e-02, -4.579843634735628749e-02, -5.249308206493812773e-02, -1.101285149748808395e-01, -1.168561084157422256e-02, -7.016604010190405361e-02, -2.544654419367908260e-01, -6.899952842093590166e-03, 1.093339047552104731e-01, -1.321472311368991903e-01, -1.728723085502127665e-02, -2.195625550822921934e-01, -3.936973520733041965e-02, -1.023580924782856866e-01, -1.813772372091536356e-02, -8.746596011588214648e-02, -1.288605598083946216e-02, 8.831116047062864682e-02, -2.298131425804382164e-02, 2.143290015881046673e-01, -6.661294017914599908e-02
1.490634656920011014e-01, -5.620351882177405251e-02, 1.695670083788532179e-02, -2.143185406127765241e-03, 6.153178249421855511e-02, 1.046030638286522541e-01, -6.660115554306156316e-02, 1.461962219886274450e-01, -6.772682703241068858e-02, -3.870662759360101596e-02, -1.524250076263606798e-02, -1.044117128837158265e-01, -9.064506841595201814e-02, 1.133628191693921046e-02, -3.799532895816160744e-02, -3.176348078594313368e-02, -4.976814243837712759e-02, -2.004833986857281619e-02, 1.535255198602512861e-01, -9.770383235460708415e-02, 1.452973272517855130e-01, 1.203425620440107535e-01, -1.389260774441580526e-01
2.282734059103152038e-02, -1.252293558338222861e-02, 2.344328583657321122e-02, -1.621651398480873640e-02, 1.042796323541084896e-01, -1.755838486508102259e-01, 1.115472653197113612e-01, 6.402722516423470234e-02, 4.530902238243363078e-02, -7.291636908305923481e-02, -2.307578825356302599e-01, 5.169105408138071310e-03, -1.271648470235991757e-01, -1.338810940010139450e-01, -9.875142574799103401e-02, 5.507800217749937721e-02, -2.012277936341114182e-02, 3.184611504210969890e-02, 1.693069661680601801e-01, -2.689671372941471877e-02, -8.614254018932666901e-02, -6.079643189833985883e-02, 1.558620695329681061e-01
-6.411082790595860892e-02, 1.892338912116615923e-01, 4.978625955997605795e-02, -3.939129419433399018e-03, 1.278987830345225396e-01, 1.796577109640370290e-02, -3.537757263092481536e-02, 8.027513002120392760e-02, -2.612094221774831360e-02, -1.221441126844767001e-02, 9.850244426963083999e-02, 3.572223071093745539e-02, 1.965031720682180738e-01, 6.172857772600456872e-02, -7.893161478762507344e-02, -6.970775316493935114e-02, -5.697033412778428757e-02, -5.395771023925424043e-02, 3.375561490005658111e-02, 7.717330567933025805e-03, -4.676458217845601284e-02, -8.265527997197357618e-03, -8.581496570441123073e-02
-5.542420383832804415e-02, 7.507150194246509090e-02, -1.766001058131982590e-02, 1.945387660501119442e-01, 1.700820911641943295e-02, -1.482388203640857063e-02, 1.760345540411575593e-01, 1.677837077544185873e-01, 2.041956114953246294e-03, 9.625819475778465972e-02, 1.157659181721470143e-01, -4.028904879442241072e-03, -9.302657043742106058e-02, -2.689769477962482003e-01, 1.925992870732085860e-01, 1.382446444067597091e-01, -8.321003093318876664e-02, -7.421080237884127018e-02, -3.938298975220462517e-02, -5.676559568803684480e-02, 3.828154900635424157e-02, 2.799170139394597731e-02, -9.510109213601014577e-02
1.389215224085070359e-02, -9.510001888566578521e-02, -5.735114495589904715e-02, 7.077220486573759795e-02, 5.627937950112252286e-02, 8.327833663002771891e-02, 7.890790409171166697e-02, -4.263820069514853706e-02, 2.878351233089425365e-02, -6.295975876296189266e-02, 5.094890897323450796e-02, -2.933367950208044111e-02, -1.313878756323175190e-01, -1.333745936536927246e-02, -1.297771835838827381e-01, -1.426139049425049349e-02, -1.351677811930395712e-01, 5.902726778457672956e-03, 6.769643486491226658e-02, 5.817449718960495536e-02, -1.916854887054385559e-01, 3.793951102898191537e-03, 2.515504104615738819e-03
8.341472055143236974e-02, 8.571150398507265677e-02, 3.913274569917242485e-02, -5.685584520303336303e-02, -1.741111808183445075e-01, -2.771080209533718919e-02, 1.298229364090891791e-01, -1.238793985543534468e-02, -5.835714945232848422e-02, -3.253695890145425623e-02, 8.746497888369376972e-03, -8.786784136869632555e-02, 1.629124333605826702e-01, 9.136699543967398418e-02, 1.766707111060815127e-01, -2.882501152396170496e-02, 1.991023774596113460e-01, -1.321697367537809538e-02, -7.265526128443977605e-02, 6.753292686355011343e-02, 9.443624754097600105e-02, -1.462689204293723955e-01, 6.256171203001720249e-02
-1.263322782090574581e-01, -8.795885871305227088e-02, 1.368828253948645990e-01, 5.045018623725550100e-02, -2.810354961689906159e-02, -2.032433790738919777e-01, 1.280616214372088113e-01, 4.838105803475548083e-02, 7.720559272911575732e-02, 3.283446619659732280e-01, 1.312759388118860393e-01, 2.086906999946411614e-02, -1.783879556397305610e-01, -9.154759727896596977e-02, -1.020286554563556436e-01, 2.029140494205400325e-01, -4.041486684803607260e-02, 3.795824483124254217e-02, 6.840214604402207466e-02, -1.656730523572748359e-01, 3.367456512211309400e-02, -3.936578221972136110e-02, 2.251690765553645418e-02
-1.758219322856062472e-01, 2.475053974392009970e-01, 3.720566751055517235e-02, 4.200783615061271653e-02, 7.373258347410102144e-03, -6.429908987459101444e-02, 2.210134484346236716e-01, -4.892261711425154730e-02, -1.213385188272123397e-02, -5.138325182548147962e-02, -1.481031393407151175e-01, -3.665761500706668854e-03, -5.497111055041360717e-02, -6.833386368559482560e-02, 3.712907569296560600e-02, 6.266853179262199015e-03, 7.939573294262534595e-03, -1.773740461216922193e-01, 2.158948794415553318e-01, 2.846047246617639317e-02, 1.490751808372678400e-01, -1.253403612587382088e-01, 1.637273426451153757e-01
-1.044919978019480111e-01, -1.165893460541852777e-01, 1.247907515879686513e-01, 7.560823294598111033e-02, 8.237698007019846058e-02, -4.943314600240578810e-02, -1.594723383815524476e-01, 1.224527855190403330e-01, -1.233403071599492931e-02, 1.132257543135360561e-01, -1.101902745262845762e-01, -3.187874103835237546e-03, -1.013553368850988873e-01, 1.921047831065700595e-01, 8.119949956930808121e-02, 4.721742749111752097e-02, 1.847903598886567189e-01, -1.945097069797662448e-01, 1.506792914597193667e-01, 4.281237222133982279e-02, 9.170789762732811656e-02, -8.094546579284350729e-02, 1.168259595836316223e-01
-7.384544368902058731e-02, -1.574617240467846013e-01, 9.427211426873820244e-02, 2.740163882993284367e-02, 2.936066225629624122e-03, 1.505934143559701510e-01, -9.240946274603302479e-02, -5.958283675542340452e-02, 6.717914027346311157e-02, 1.226582440931718448e-01, -1.146933910562218384e-01, -9.652612268766870562e-02, -2.191866388972311397e-01, 4.421285094250876346e-02, -1.038890547407495500e-02, -6.518240434836648778e-02, -8.224906879933281678e-02, 4.246823488744705388e-02, -1.486883628336335139e-01, 2.036646932674851251e-01, 4.734203207440149802e-02, -7.118495690284520894e-02, 1.178933076881307079e-01
-1.156861746705224459e-01, 9.251004291264927626e-02, 9.488896592828438559e-02, -5.114230388928207166e-02, -4.938005721675541027e-02, 1.267499364709593068e-01, -5.016525386764061206e-02, -3.190710918777012184e-02, 5.789811524381889563e-02, -7.154965870723235810e-02, 3.074546991552243660e-02, -1.486757666823014003e-02, -3.056709262229619917e-01, -7.707928404353180107e-02, 7.114460336102816640e-02, -1.539387827690194555e-01, 1.095394397863705752e-02, -1.390751007997209909e-01, -7.684857445553286426e-02, 7.022258684790352867e-02, -2.329777535708731084e-02, 1.387595017100344275e-01, 8.138374435446350807e-02
9.010616732208737156e-03, 2.142551259363823513e-01, 1.246336213552430572e-01, 1.343460350651530244e-01, -2.676804838666864694e-01, -2.886182206261345695e-01, -1.945541588186677218e-01, -2.726666616766705853e-01, -1.163043436567211819e-01, -9.420413975736069423e-02, -1.424242275043048345e-01, -2.234563663460939487e-01, -5.975571288358687283e-02, 7.803719610895465397e-02, 2.041389652718449826e-02, 2.556247946679990890e-01, 2.322066243358877902e-01, 1.973311254955636695e-01, -4.242251232913579750e-03, 7.747091563929571489e-02, -2.081929595912165032e-01, -7.203408561213090443e-03, 1.163198345923696503e-01
3.171164194764330285e-02, 3.440706948741778515e-02, -3.103532548379779599e-02, -1.499088459462754874e-01, 1.313300776721981755e-01, 1.629755470091590608e-01, 1.066879679380678889e-02, 4.409463691505487171e-02, 2.121579500937450513e-01, -1.039581649441048694e-02, 2.251316608170652878e-01, 1.042285138671702055e-01, 3.866586320769335727e-01, 9.189079901638783077e-02, -3.375168869998166343e-01, 1.112006383308700858e-01, -1.216307723281766506e-01, -4.761675612381876047e-03, -1.162279605466804422e-01, 1.039329888568480964e-01, -1.538411283785567629e-01, -2.757122118165200239e-02, 5.961720374304031733e-02
-1.061866923616910929e-01, 1.239722246275928863e-01, 5.659053351046292035e-02, 6.536128488713854878e-02, 1.243141689458597682e-01, 2.192345319340660015e-01, 1.737336850687639100e-01, 1.112836718185466200e-01, -1.013534765627810696e-01, -1.705474710265705296e-01, -6.116183762641917709e-02, 1.514370953751947579e-01, 5.295041672009201394e-02, 1.622579807969398713e-02, 5.228366761259643086e-02, 2.206064294930115341e-02, 1.366679521108064670e-02, 1.576340901251708712e-02, 1.006684936672154335e-01, 7.312210898411806992e-02, -1.028090680800980705e-01, -6.542985627429540041e-03, 2.904093309069607533e-03
1.484542723433146805e-01, 2.029684564605004071e-01, -4.981671615702078226e-02, -2.050060195029457938e-02, -8.787436969919595886e-02, 2.645120007857774957e-02, -1.495309265928771447e-01, 7.196896065036877121e-02, -2.000558628379115259e-02, -2.033693475662072883e-02, 1.966612452034340319e-01, -8.786906735564675719e-02, -7.995419702964383368e-02, 5.686271710624569292e-02, 1.547933578888013861e-01, 1.560273991740140642e-01, -1.457284453452156736e-01, -5.659880449035952638e-02, 1.215492477493060886e-01, 2.449375354624446222e-01, 1.975406643260700923e-01, 9.609261159505541605e-02, -6.947286147835778081e-02
-5.061552206948231186e-02, -4.566233630434289592e-02, -1.415974476011907894e-02, 1.052552228954880403e-01, -6.237601597920449520e-02, -6.530849763422336141e-02, -1.077858749011475076e-01, 2.694303247842294927e-02, -2.319893995381546239e-02, -1.274227390120618308e-01, 7.369840632270649450e-02, -5.744998698832794008e-03, -6.594050799379333472e-02, -2.852320657212956689e-01, 1.219907427716886011e-01, 1.766826433032059607e-01, -1.170442326794426079e-02, 2.770223777342106439e-02, 2.334217122950896228e-01, -7.430231577148047051e-02, -5.604859060882098898e-02, -1.082470844864179133e-01, -1.380047132267025745e-01
3.076953100114713287e-03, 1.515830405757880583e-01, 1.670193070557944581e-02, 7.381674102722707298e-02, -9.197235952567077433e-02, 3.512835666609478991e-02, -5.246418810831460222e-02, -1.259191147582659487e-01, -2.742962221660083522e-01, 2.351169250774572290e-03, 2.330745935984914266e-02, -2.536690191941099381e-04, 4.571690456869025032e-02, 2.923387294418049523e-02, 4.164215660013076414e-02, 1.083683593222190406e-01, 5.062582414105772088e-02, -6.194115639708431403e-02, 1.468156473828613473e-01, 5.484179957269029460e-02, 4.719796156353147504e-02, 5.191412565615501767e-02, 9.454407671129703983e-02
1.432974143602200601e-01, 2.082027152988533691e-01, -4.826268251570648565e-02, -7.194021341457280949e-02, -8.724515502440784165e-02, 9.045368034236808685e-02, -3.864970193131374993e-02, 5.070888274058496514e-02, -1.975718348694941243e-02, -2.657416216128346415e-02, 1.439067224036152115e-01, 1.936543340795295401e-02, -1.043428369307875386e-01, -6.200467465224131225e-02, 8.578369554294613952e-02, -1.415346146358984619e-02, -1.004514468716096072e-02, 1.017172550448536272e-01, 9.334316428636749846e-03, -2.019425096693376609e-01, 3.002009473941237745e-03, -1.895480713569802356e-01, -1.560033997787975135e-01
4.729083804065391944e-02, 4.972235129924746505e-03, -5.879801612613262674e-03, 1.496056527773901024e-01, 1.270854344330390184e-01, 1.040177978613388982e-01, 1.268267983609804028e-02, 1.104612522245025097e-01, -1.239561751664456854e-02, 2.197228449598926103e-01, 6.980927371584372265e-02, -2.151900905502511507e-01, 5.454457814423132461e-02, 1.598050581224407241e-01, 1.140507846837808120e-01, -5.929099576564285205e-03, 7.563907669976277504e-02, 1.418544809617861566e-03, 2.369528597550184246e-02, -5.385592743485208972e-02, -4.948424606117847631e-03, 3.722955898597057195e-02, -6.338716570763572311e-02
2.144607515122620156e-01, -3.012820970891614825e-01, -1.154183803821813986e-01, 1.476473784276011725e-01, 1.244209824473674758e-01, 1.401301212649222472e-01, 5.528166659262490762e-02, 9.926222856185488996e-02, -4.169348466243934931e-02, -5.251465122123956386e-02, -4.564208529125053090e-05, -1.896871562558330726e-01, 1.979375527694981762e-01, 6.279054699086247249e-01, -2.368075484092903218e-03, -2.204963040868096556e-03, 2.028279381873558940e-01, -1.116026424298453557e-01, 1.762630574690315921e-02, 7.575374337534988844e-03, -4.483123220886455623e-02, 1.175737817613470154e-01, -6.062874359991633072e-02
-1.502087235820595834e-01, -4.165394460288301959e-02, -3.496652190845576935e-02, 4.154210639999107724e-02, -4.275560946324821754e-02, -1.889451282812811689e-02, 2.337713966938879950e-02, -1.461621028689416013e-01, -2.710707142309226603e-01, 8.927392096791135490e-02, -3.264636658970104244e-01, -2.959516302751571959e-01, -5.859294332206617106e-01, -2.482333931769694357e-01, 5.427655546986253077e-01, -1.958207532709392920e-02, -3.426305590732397349e-02, 1.859870831793969670e-01, 1.762905094135728823e-01, -1.025008940476484776e-01, 5.497052031190574617e-02, -2.133263133694453598e-02, 9.343769754199816868e-02
9.997396761608590837e-03, -1.816495143144631896e-01, -2.973879135009392660e-02, 4.625240664549740838e-02, 1.163430877684852177e-01, 2.762936000279526960e-02, 2.478113233310270391e-01, 1.876733141827740259e-01, 6.789223907380342871e-02, 2.199705302932313256e-01, 1.242570753154952357e-01, 8.811384627540587433e-02, 1.267120632828145077e-01, -1.013133595435450167e-02, -1.719473025507638891e-02, -2.190397656740952492e-01, -1.877372664991262818e-01, -6.907503212898669087e-02, -1.463132385279006520e-01, -1.791654940861767964e-01, -3.204622955349658436e-02, 6.066367336519012249e-02, -8.972778807776064791e-02
3.942129111947776515e-03, 1.639111407748874150e-01, -8.584893307074467628e-02, 1.061915126096459466e-01, -2.486462589279291313e-01, -9.837508850561799134e-02, 9.805243778321429127e-02, 6.911488028723256072e-02, 1.076471093909931176e-01, 1.331262754653206037e-01, 1.422238363787075785e-02, -9.850729369079519460e-03, 1.130941175049977460e-01, -5.583636611532800942e-02, 1.165762650187761040e-01, -2.134741169819079007e-02, 3.606092938357072925e-02, -1.452817472654080282e-02, -5.528582086757273528e-02, -2.237158242093298388e-01, 1.365670311167433391e-02, -1.325106535992102430e-01, -2.093006738761921670e-01
