4.838809336272727017e-03, 1.193784240297996874e-01, 8.150834202205869961e-02, -2.238037930781500984e-01, 6.127213323258460381e-02, -2.482382188950099933e-01, 9.476774389557622580e-02, 1.132372234525329119e-01, -8.800279935338444382e-05, 2.021302912969400456e-01, -4.406901932188670573e-02, 1.066540798352565295e-01, -2.964342159261239631e-02, -4.445244271955661047e-02, -1.711283738120140674e-01, -9.435485566881031405e-02, -2.129006229631582592e-01, 6.197937414410111673e-02, -1.266540714710949478e-01, 2.664432920559910434e-01, -8.137176187250379222e-02, 1.257219958511678337e-01, 5.791042968367213217e-02
1.235483900182424502e-02, -1.485211942529120199e-01, 9.162628954502906320e-02, 1.619868130291039765e-01, 1.607911447229242938e-02, 2.648999565633932546e-02, -2.054008449232818667e-01, -2.642395441048590518e-02, 2.766538379143518647e-02, 1.805065427232124819e-01, -5.003800875052222957e-02, 1.469929321891072227e-01, 1.772210943671429506e-01, -6.898308650150157539e-02, -1.601511926792238130e-03, 5.567006187916950788e-02, -2.725264665256763030e-02, -6.598806247996986951e-02, -3.801107927447480023e-02, 2.797694127925887120e-02, -1.438828592406394546e-01, 1.345885233038711382e-01, 2.128679325214047069e-01
-1.116634943245773393e-01, 1.736052673825295711e-01, 1.348507318907083141e-01, -9.838664465031077278e-02, -8.963398026822952738e-03, -1.479207385809435393e-01, -7.466735991491528501e-02, -8.888298617323633910e-02, 7.461223314985386545e-02, -2.493557322696670492e-02, 2.412780279038140019e-01, -9.169695613768415188e-02, 1.077082378800096711e-02, -2.237192327048986157e-02, 2.160398992872836557e-02, -1.132870879471670894e-02, 8.588245798041692358e-02, -4.556020356809965116e-02, -5.506035141656297205e-03, -6.774024711411799626e-02, 8.118526383889704268e-02, -8.350839555326550201e-02, -7.989903434206913069e-02
-6.356171240495814972e-03, -2.144881641761170812e-02, -1.340155322010239680e-01, 6.210687981041744521e-02, 1.050369243369417976e-01, -1.152330241349171780e-01, -6.471817562415145553e-02, 1.730954726108206998e-01, -1.173508336428415733e-01, 4.672266858961811320e-02, -7.586532532419157371e-02, 1.370022126701304077e-01, 1.349133715082536933e-01, -8.662303981853587687e-03, 1.383849901228783319e-01, -3.981160631263615940e-02, 6.371241357703218144e-02, 7.367854772911915096e-02, 1.744961513534986630e-01, -5.509068720817211079e-02, -3.254279302819895747e-02, 2.978914245597753460e-02, -6.270751695625423339e-02
1.286824208723797991e-01, -1.886880040658198421e-01, 3.999090848101939655e-02, -1.481968580498722321e-01, -3.825539562183902231e-02, 9.598918487415804279e-02, -9.892585681010762633e-02, 9.892252816175192351e-03, -1.331458922402059715e-02, -8.944252462211614574e-02, -8.091817621689133266e-02, 6.855055311525097561e-02, -6.392068805070791337e-02, -1.445159232200823596e-01, 4.882973505378131185e-02, 2.727556765545013136e-03, 4.952029248488956648e-02, 3.962747777280144212e-02, 4.230778910670302331e-03, -2.853479354368028756e-02, -4.185490792658413256e-02, -3.099402875635317092e-02, -2.062368960640891258e-01
-1.339332766498103899e-01, 1.900270566404531347e-01, 6.033684166948440758e-02, 1.518696929815049335e-01, -5.018796524486123650e-03, 2.151291897916824888e-02, -7.849626911680980534e-02, -6.336957633845848037e-02, 2.062204080470448481e-02, 5.486436363856219550e-02, -5.433092831559603597e-02, -1.325881942103753278e-02, -1.098892512355772455e-01, 4.227214663160959278e-03, 1.127780649783611672e-01, -1.262015754889470320e-01, 1.355816016953535486e-01, -1.183488283680940098e-02, 9.673028115287592155e-02, -8.018210495598215859e-02, 7.854225507981353605e-02, 8.781236140707637805e-02, 1.427354568777708943e-01
5.686769296081395364e-02, 2.840456073311591889e-01, 1.986956103543924823e-01, -1.485010570132112850e-01, 5.748461766862422023e-02, -5.364662588930442511e-02, -1.002476778807801644e-01, 1.983494603511725407e-01, 2.519237162937101870e-01, 8.272995365777638388e-02, 2.302971272266706240e-02, -2.819842334796644062e-02, -2.221031346591922917e-01, -6.262012599855167894e-01, -2.334950965065156481e-02, 5.811488364964322723e-02, -2.829814435292131274e-03, 1.001184510644905074e-01, -2.924522155754163272e-02, -3.458484153489413404e-02, 2.557688415225448791e-02, -7.560256843227640411e-02, -1.566634051708017950e-01
1.817673705272224716e-01, -2.077966372797191152e-01, -1.008944954059602522e-01, 5.071300533514232906e-02, 6.974081453798189334e-02, 5.520380683630275731e-02, -9.222570827828316387e-02, 2.177376244923248313e-03, -5.555265766675351186e-02, -1.041902010718929600e-01, -3.294532190242559222e-02, -6.452226438330360692e-02, -3.295800430849541579e-02, 7.264328811944376074e-02, -1.556762115955201420e-01, 1.105880162828341007e-01, -1.016043442729066409e-01, -6.814585516035676083e-02, 2.353161474699247413e-02, 4.265386985970710115e-02, -2.334718300981102404e-02, 3.649857979835757771e-02, 2.586352792077621365e-01
-1.104174890410573595e-01, 5.753648890086113937e-02, 3.442719413213210511e-02, 2.025678472224823889e-01, -1.366538090750181456e-01, 2.041766125608213914e-03, -2.124060155240693193e-01, 3.202284228965002894e-02, 5.129381616888556428e-02, 3.298497240426839783e-02, 8.199122346090341462e-02, -1.771095813287960619e-01, 1.750446018499631773e-01, 2.731919358979508980e-02, -9.814179381609526576e-02, -3.175417616065290272e-02, 9.989950486128340579e-02, 3.487049235098251682e-02, -1.080237428811068739e-01, -5.285650587939258460e-02, -2.235667230726992305e-01, -2.783849744521662076e-02, -7.203288296876501906e-02
-1.454284368517605279e-02, 9.040265174335776477e-02, -1.368435850365354312e-01, 6.066130428289523424e-02, 1.213099377715561866e-01, -1.379852904557986662e-02, -1.746141587470413647e-02, 3.202630737120433502e-02, 3.590478391626582971e-02, -1.182104259819128783e-01, 1.435389843428427437e-04, 2.402712538055984948e-01, 6.992925797592991488e-02, 1.031855690101718959e-01, 1.564288825911306913e-01, -1.986122661329336320e-02, -2.287607709226051680e-02, -4.284071660378548085e-02, 1.203378865262485081e-01, -3.629791984885959860e-02, -3.843598978208696143e-02, 1.284760289161244462e-01, 3.661541193360978025e-02
-1.809038427781697531e-02, -6.341075040985620637e-02, 3.183915764670399579e-02, -5.859886594874347265e-02, -1.633234398290794864e-02, -4.578723595604414914e-02, 6.007175343782348957e-03, 5.844674929003553648e-02, 4.020743075770408237e-02, -1.357817083065731012e-01, -1.684612389526786713e-01, 6.583692052177128606e-02, 2.892247957670239684e-03, -1.168490278627529189e-01, -6.160707835795259379e-02, 1.065810087398414222e-02, -6.828857670038056271e-02, -5.957678591206744950e-02, 1.159973180019515521e-01, 9.459269687099541857e-02, 3.079035660623701334e-02, -3.111310653295786335e-02, 1.816889766416593666e-01
-1.853035114458333882e-02, 5.141156494605742672e-02, -1.258324960192447606e-01, 7.693544710901797923e-02, 5.127154517792793798e-02, -5.049719765996876081e-02, -2.131406431116629994e-03, -3.351632743804205082e-03, -7.410086311071081844e-02, 1.922700657571961291e-01, -2.550134075823309865e-02, 3.200747507298104533e-02, -8.800232742949509746e-02, 6.322872436260316975e-02, -1.414046136377273832e-01, -2.035353247889761658e-02, -9.543037603229484467e-02, -1.309436315637693346e-02, -1.638106139860955879e-01, -6.505071207168398872e-02, -5.867030063357606129e-02, -7.995433989314966461e-02, -1.179945983528662805e-02
8.744748791866477008e-03, 1.409652115698556696e-01, 7.348676509475792450e-03, -2.731787377234235620e-02, 6.544418531444783083e-02, -1.630677200936303528e-01, -1.640130071709773318e-01, -4.673648488385120231e-02, -2.124266412605330806e-02, 1.270521883960308573e-01, 1.662744284185042887e-02, 5.574044959762645968e-02, 1.026243589276700507e-01, -3.616279900096335681e-02, 1.645787291683672715e-01, -2.053403840850628534e-02, -3.875126154835076969e-02, -5.983731598400101465e-02, -1.563569501112643118e-02, -1.728735293003360804e-02, -2.162857175770628235e-02, -5.810527976934381361e-02, -1.601879955038339742e-01
1.118663704488613714e-01, -1.687132395295057596e-01, 1.311178764202880487e-01, -2.565815342781686131e-02, -2.301094697803299921e-02, 8.692854081110000519e-03, 8.815731430372464317e-02, 4.846948000057887951e-02, 2.321176841399258048e-02, -8.236728538555701529e-02, -1.512708396303562020e-01, 4.023983365468743190e-02, -9.009959986507030949e-02, -4.732775830780606291e-02, -6.071334751368581001e-02, 5.769581444181955121e-02, 3.761373316345614781e-02, 9.807028955649495922e-03, -8.006114394885283092e-02, 1.003596697729140785e-01, -6.268726383760594989e-02, 1.022872555533574646e-01, 1.077643709393773103e-01
7.307825063171743962e-02, 2.008445982212214431e-01, 2.889293432756524001e-03, -1.261007233358100166e-01, -7.312352556883941479e-02, 5.072313463997088316e-03, -1.608484169964311677e-02, -6.582051094833593630e-02, 2.347473362230417457e-02, -1.911617482791516665e-02, 1.699107000761438391e-01, 1.472939335719641030e-01, -2.414057890110598292e-01, -4.159365963889976037e-01, -1.781730964985621737e-02, -1.060675702170620210e-01, 1.158052204879277680e-01, 5.629595102165945580e-02, 6.270675918186714715e-02, -1.604230785261448466e-02, -5.390825693496271998e-02, 1.837235036688239509e-01, -2.103768001363723328e-01
-4.210389928035360163e-02, 3.935531952977238679e-01, 6.000725954130019940e-02, 1.222048405911574723e-02, -3.373713404246667658e-01, -1.883025157358886592e-01, -3.284025824399202098e-01, -2.569791722706848969e-01, -9.219674854471528180e-02, -6.538843922820050669e-02, 1.157648207224313761e-02, -3.173259853673565667e-02, 3.290264558801561656e-01, -8.716544307501283839e-01, 8.942460367985405334e-03, 1.001376229450204047e-01, -3.402482872547151760e-01, -6.447563456432565954e-02, 6.105898709597691598e-02, -1.516354384898481976e-02, -1.889823489154035877e-02, -7.800330571664425283e-03, -6.032477228484792349e-03
8.970852047027438880e-02, -1.167857406580353197e-01, -1.068910877669121962e-01, -1.860568026594630262e-02, -6.600672325390075090e-02, -3.490927763668990463e-02, -1.133158839023949843e-01, 9.272879657587058955e-02, 1.503729864536422212e-01, -2.265316003122659627e-02, -1.860568441576059828e-01, 6.389738993086586938e-02, -6.022625140989176264e-03, 2.315718516761477649e-02, -1.803396997247954867e-02, -1.380943114061311539e-01, -1.608177007328414829e-02, 6.483374917199424825e-02, -8.103620343277712079e-02, -8.436028221176332387e-02, -1.542804586333379746e-01, -1.320259294104934589e-01, 9.668529977946455078e-02
-5.450666898392867582e-02, -8.508238398614338671e-02, 8.250923895842730837e-02, 9.583738348124580531e-02, 1.562608278613505097e-01, -1.862498043724482343e-03, 1.706278588510449501e-01, -2.562568647158395760e-02, 2.594891005698520339e-02, -4.906506191375468312e-02, 5.835057526837088282e-02, -6.872590650294171932e-02, -5.110949036829404157e-02, 1.528112376875515599e-01, 5.399057644782517124e-02, 1.393354964994288625e-01, -6.756006321096469022e-03, 5.983455222146499136e-02, 4.438144183797371189e-02, -1.312533554598160901e-02, -2.085285620664275030e-01, -1.734099391644984209e-02, -2.875378718085116483e-04
-5.241676413487839775e-02, -4.592178020812018868e-01, -2.011009254902776100e-01, -5.232593350149486455e-02, 1.013467356974393496e-01, 1.792069500681864880e-01, 1.219829657063874889e-01, 9.495626599811030077e-02, 4.684560273929122554e-02, -4.472163200654608040e-02, -1.701415854931251914e-01, -1.743045355013871089e-01, 3.983779926073815481e-01, 9.000341745485442857e-01, -3.964593176062057578e-02, 2.201987532203803777e-01, 2.049829636899966057e-01, 2.878621725116061250e-02, -1.605214751401093931e-01, 6.958653837249925700e-02, 5.093995486234523945e-02, -7.020812610579979518e-02, -1.757384901398002242e-01
-1.604572230330326976e-01, -8.487270059797726862e-01, -7.564912324682299127e-02, 2.593424673725091001e-01, -1.636598950439364375e-01, -1.200223565885569742e-02, 3.591445088919493350e-02, -4.141485780179306880e-02, -2.996475100326177476e-01, -7.036982855131644621e-02, -3.170213027190710298e-01, 4.118862307100644715e-01, 6.690799824928221895e-01, 1.606867085132643203e+00, -5.007517651485645337e-03, 2.400518532561140839e-01, 5.495571136731103312e-01, 1.467307380343213508e-01, -5.221707980485625067e-02, -1.868068687113406401e-01, -1.791819710541782060e-02, -9.704264127401086848e-02, -1.468155433094432971e-01
-1.117468527795475730e-01, -1.694383589032498194e-01, -7.895926431795925737e-02, -1.526061275681457607e-01, -2.482896243005637549e-02, -5.776506808396625336e-02, -1.766397683589432388e-01, -8.816796851456018547e-03, -2.430178778190211428e-02, -3.018850855129391886e-01, 2.468938157469920819e-02, -3.171866694596620073e-01, -5.988649486259828292e-01, 4.188139274740580341e-04, 5.560214151173838992e-01, 1.626890678965975043e-02, 1.133334635377127447e-01, 6.045342946257895034e-02, 1.815253920190455783e-02, 3.678337162427635088e-01, 1.036014141433117403e-01, 4.944016084810978068e-02, -1.423336647621691875e-01
-1.320941898888418516e-02, -1.623311741636584982e-01, -1.810274231347516402e-02, -1.282264078415860376e-01, 1.975480880431960962e-01, 4.356396367752316673e-02, 1.060524451711390703e-01, 4.179045229464198319e-02, 6.791377284439936712e-02, 1.390215859843578761e-01, 7.920625342999414176e-02, 2.770456143519979819e-01, 1.897855445882206116e-01, 1.693269953524522697e-01, -2.838590541839331460e-01, 1.643712060163790012e-01, 1.535250641335323130e-01, -9.779738166772185270e-02, 9.121351453530206210e-02, 9.576502377050934156e-02, -2.313431457524246088e-02, -7.975323004300306773e-02, 2.842459761833597554e-02
3.003082602340473306e-03, 1.158502413333589443e-01, -4.437383503827951187e-02, 1.961369702733635825e-02, -1.973077517651146775e-04, 1.506333629131678398e-01, 5.134393592211800549e-03, 5.253487788004328196e-02, -8.245420468230851840e-02, 4.351577681003433035e-02, 2.657049138758429616e-02, -5.128425842203464258e-02, -1.432860972989250664e-02, 6.467311948257044307e-02, 1.148818120044884650e-01, -1.776863671812935197e-01, 2.471810211305596611e-02, -6.259467813405707182e-02, 1.405276972401817495e-02, -1.225665138324564946e-01, 6.814441415487935971e-02, 7.773213604257804554e-02, 1.730481470899240259e-01
1.078804349902242887e-01, 3.668233433217427120e-02, -6.358312903597607146e-02, -6.279351110309382145e-02, 3.239276950432707497e-02, 1.617388240445857273e-01, -4.399283243714850050e-02, -4.138615238112756251e-02, 4.792698544303034686e-02, -5.076852236466933288e-02, 1.242268050325182616e-01, 9.502553609049850525e-02, -1.273682879408802315e-01, 6.920350085866151801e-02, 2.894487701067328250e-02, -8.654105365684178208e-02, 1.737676880710746496e-01, 2.626562100768061597e-02, 1.459508945451518380e-01, 6.648794732733355473e-02, 1.319153259950787416e-01, -1.285928350976840023e-02, -7.213621054307735314e-02
1.345846827451490507e-02, -1.119382155408881752e-01, 8.860718983037739471e-02, 6.853411130105505067e-02, -1.337975719391546470e-01, 8.611642312326141246e-02, 1.292918522123640279e-01, 2.533615029898519944e-02, 1.455085722555068267e-02, 1.150667727391603834e-01, 1.114402203174444522e-01, 4.637214244845337674e-02, 1.189047004410122704e-01, -1.314887987359386334e-01, 3.488060937153163177e-02, -4.462212719709269387e-02, -2.554478684293621793e-01, -1.946224249634407599e-01, 6.243353272075173252e-03, -1.750493515267723815e-02, 1.282690044500383042e-01, 7.049141515373272271e-02, 8.288267165181539831e-02
-1.206909847699276783e-01, -1.073456242924098469e-01, -4.446332184252561881e-02, 2.144780006637014014e-01, 1.800185186942247079e-02, 6.358125031777504821e-02, -6.188804853419999780e-02, 1.585564004906850621e-01, 9.622311350169991673e-02, 4.123825220650408074e-02, 3.080142310272520820e-02, 2.710913650483235196e-02, 3.556273794878996031e-02, 1.429301612838170255e-01, -2.853231666205750111e-02, -8.132726381400907922e-02, -1.275446936778077411e-01, -8.340531455196994667e-03, 3.463031078089476300e-02, 3.969494205102126749e-02, -3.793002230989303558e-02, -1.221512435592131962e-01, 5.151192581195224163e-02
-1.845256816850981141e-01, -2.238131116009505761e-01, -6.014279127122892227e-02, 1.405213909794156800e-02, 6.336431719769554383e-02, -6.277356085813393105e-02, 2.174366425737652986e-01, -1.047854247148550244e-01, -9.616546206373881647e-03, -1.283256238162912011e-01, -3.018310952614680978e-02, -1.246848276761257229e-01, 2.378173912127481693e-01, 4.644494872821302023e-01, 1.875454670309681382e-02, 2.861927407191027645e-02, 1.225620242361825651e-01, -8.179284982877582655e-02, -1.144478546202535724e-01, 3.512137452273504917e-03, -6.754773044285407313e-02, 1.003680890181123282e-02, 3.518758922637485465e-02
1.290897812831481306e-01, -9.601071683019948844e-02, -7.327483442483280485e-02, 2.759125159206655617e-02, 3.117786903890023553e-01, 8.887596104401175590e-02, 1.122188333211616151e-01, 1.120487756459335599e-01, 1.477623417292567576e-01, 1.709178622181225515e-01, 2.990439259029549837e-02, 1.042974240578244949e-01, 2.665211075082563399e-02, -1.061512720224548345e-01, -2.425491384064324546e-02, -1.668704863192602417e-01, -1.597800481364174130e-01, -5.391104412391999751e-02, -1.538514260640137521e-01, -1.331776421196928795e-01, -1.305293184662095762e-01, -1.370275608355182029e-01, 5.389145658967730429e-02
5.239679895782774904e-02, -1.122813235166792989e-01, -9.078956441793631371e-02, -1.120877097211303054e-02, 3.248564074026216025e-02, 4.011184851142395730e-02, -8.461820573907090359e-02, 1.601254264027243690e-02, 1.725667226723566205e-01, 5.752628734140435157e-02, -6.739217886319247286e-02, -7.425995289413359068e-02, 6.588304573187719893e-02, -1.773316766019692250e-02, 2.546112695882793431e-02, -8.838224030831082212e-02, 3.647118467063648062e-02, -1.547331716518693112e-01, 6.140953895443065219e-02, -1.197028858920230754e-01, 3.988430658916732735e-02, 4.457263213166513111e-02, 1.369753194854936851e-01
4.355609455972439363e-03, 2.281151387730182556e-01, 3.686250963387496110e-02, -1.986512143360266158e-01, -9.341521940853481087e-02, -2.355122887676829469e-03, 4.766351337973083468e-02, 1.724799699438212264e-01, 3.208810276385637428e-02, -5.316599508041842080e-03, -4.680076905345051261e-05, -6.268946995177844539e-02, -1.213593224416333327e-01, -1.394850053748122052e-03, 5.836207285340921230e-02, 1.843296786055758155e-02, 6.392605415131570601e-02, -9.997314740811812095e-02, 1.626166935735224583e-01, 7.780227110350318963e-03, -5.683588502432355277e-02, -1.202824194705979094e-01, -1.282419449568472092e-01
-1.894305138356490448e-02, -1.583340504777985477e-02, 3.967567793616891270e-02, -3.414705424911870790e-02, 1.535318566854097094e-02, 5.381131110805343482e-02, -3.707153814738398806e-02, 5.719291655973281902e-02, -1.519121444216657221e-02, -1.207195706972837360e-02, 6.737174594193590105e-02, -9.525235717196899043e-02, -9.117233730696251703e-02, 1.517974308897269420e-01, -1.457905533387195973e-01, -6.892262268092923250e-02, 1.328841363505379181e-01, 5.356411219446276240e-02, 5.300497924081687406e-02, -6.553488527146569820e-02, -2.698528781697383250e-02, -4.495956892705938596e-02, -1.573829634645398934e-01
3.065007972144918880e-02, 1.566618490201648339e-01, -1.809720145489924215e-01, -1.020657531915534072e-01, -6.945980547145931550e-02, -7.939574055188935997e-02, -8.370111574987082470e-02, -2.264390967945183880e-02, 2.010072054348441620e-02, 1.604465937487064425e-02, -5.043262931605298899e-02, -6.079961836633338002e-02, -5.275371785187391027e-02, -2.885897249631674821e-01, 6.227451690711505866e-02, 7.336252523733556574e-02, -5.491091000143325657e-02, -2.326797930806168979e-01, -9.092841098161800681e-03, -1.917403088790762267e-01, -1.513297102365504243e-01, 4.033232616783091057e-02, -5.027792711560294739e-03
-1.417600303375861348e-01, 1.971497940857801778e-01, 1.115399617241252528e-01, -1.939852783994849492e-02, -2.237731766888390039e-01, -3.718772431045603843e-01, -1.702853146139483853e-01, -2.555859659342904489e-01, -9.455228495714688985e-02, -2.125656369669892964e-01, -3.984292309766316320e-01, -1.368142065958708464e-01, 9.633153608879134466e-02, 7.082860845093626179e-02, 1.525124053258689744e-02, 3.566932872107320684e-01, 1.549619747457038899e-01, 2.297342351140383987e-01, 2.299547694624850258e-01, 2.057084732791640835e-01, -6.011970415517038646e-02, -1.433000990865067846e-02, 7.341645987359461667e-02
6.541282589722506764e-03, 2.037716759501991548e-01, 4.835985979668273177e-02, 5.688931744918088868e-02, -2.351116734113502943e-02, -6.632127533222838267e-02, 1.820781712686631859e-01, -8.566991293010503550e-02, -8.448604937939242776e-02, 1.438864087707452111e-01, 2.445390034709305771e-01, 5.397254566419123351e-02, 9.052382667647049241e-02, -2.214844412452049785e-02, 1.057099519866937787e-01, -1.778138707453638390e-01, 2.554031526449185990e-02, 7.654887415271187379e-02, -1.495422745301834382e-02, -2.028566038689691084e-02, 7.247709061134366415e-02, -1.101111899562048219e-01, 1.219335549118537448e-01
4.672343165612558025e-02, -1.003625929826869323e-02, -9.256429234413013352e-02, -3.295172744635594536e-02, -6.501640093022910405e-02, 1.403471662051258562e-01, -7.063927061543562314e-02, -5.140903677798146221e-02, -1.588074377711793383e-01, -2.198661307349358551e-01, 5.520326805277534638e-02, -1.435830501235250490e-03, 5.273529896485681587e-03, -1.161581200221585702e-01, -2.517891876077746685e-02, -2.652446645552277577e-03, 2.254580895982078240e-02, -1.781115034957586954e-02, -1.837927360549442349e-02, -1.173803105475415554e-02, 5.172018328947790289e-02, -7.114161001159161057e-02, -5.971211508129643797e-02
1.145060095576173366e-02, -1.316097652585394295e-01, -3.640724880172965111e-02, -6.117865393893890530e-02, -1.896884695914740904e-01, -1.333862713881735565e-02, 4.889002503444873221e-02, -6.294675451720892212e-02, 1.222542086651315536e-02, 1.228843698602447160e-01, -7.812263016238573700e-03, -2.047682242593834301e-01, 1.367969695554036302e-01, 2.137215200910709979e-03, -1.664232208011058589e-02, 1.607282945455461853e-01, 1.666555206962068436e-02, -3.437467616757657746e-02, 2.493505717749529976e-02, 6.918973828034170881e-02, 4.881288620863516448e-02, -1.048765297668194513e-01, -9.760636083445745070e-02
-1.936362204089741024e-01, 1.160629660718529299e-01, 1.900165838604851373e-02, 1.114604083014765767e-01, 2.163569870890790781e-01, 4.594947130253507206e-02, 1.975755950909975633e-02, -1.288083011230702069e-01, -2.028014302468229629e-05, -5.938073534552186679e-03, -4.663320821688046736e-02, -1.692953139834110221e-01, -7.145163208801875998e-02, 4.758630805616356763e-02, -5.927487358456694395e-03, 5.829570895809684655e-02, -8.027454013090708218e-02, 1.973177251540883179e-02, -1.080238393270673974e-01, -4.816620391699755893e-02, 1.967978170948647687e-02, -1.108931892356543741e-01, -1.524222997681000391e-01
8.722270685290631209e-02, -6.048615768061603448e-02, -1.680088208606509981e-01, -1.717813190954442038e-03, 1.947306811028161055e-01, 6.640327613875533774e-02, 6.621324886840394830e-02, -1.352087327769418423e-01, 1.605800194963703520e-01, -5.987024168470675423e-02, 1.942311097423590066e-02, -1.012281908400194941e-01, -1.779420486535524260e-01, -3.616587824990375594e-02, 3.813687093473955639e-03, 2.357587254762174012e-01, 2.566990285167268793e-01, -7.320710254800787131e-02, -5.810534310934568902e-02, -2.282777146480166955e-02, 2.428804212674986196e-01, -1.544710720217203626e-01, -1.656990845712346394e-01
6.806464798493074009e-02, -1.796839637428531145e-01, -1.573786742149600737e-01, -1.245271296463927313e-01, -8.181363310096663455e-02, -1.404452763174036112e-01, -1.982585792237016586e-01, 6.051454079661507113e-02, -1.357499594136704624e-01, -2.803985868935546938e-02, -4.984993398139996035e-02, -2.172689444209499610e-01, -8.026990807565605179e-02, 3.436020536367549727e-02, -1.567992369270331532e-01, -1.103327820143053806e-01, -1.328278672621003853e-01, 9.367545778567681891e-02, -7.219027073206732426e-02, -1.489342814024339698e-02, -1.454399361381849276e-01, -2.869692377762889796e-02, -7.659498584477422711e-02
-9.945610268438095924e-02, -2.028274428734946622e-01, 5.680369269311855152e-02, 3.624309235784432121e-02, -4.050935887874438507e-02, 1.523250950642637547e-01, 2.530475142670288863e-02, 2.294567151530983729e-02, -1.181614653635735812e-01, 2.004761679590115822e-02, -7.285573929148182054e-03, 8.401727864270541746e-02, -7.433600534945400407e-02, -4.381908034860653757e-03, 4.349111272044953874e-02, 4.955787255915582862e-02, 1.761841312043553875e-01, -2.126324573312661226e-01, 2.857798648806166714e-02, -5.777558217779719257e-02, 6.442516959919150632e-02, 6.534381657476277805e-02, -1.341185498403205667e-01
2.132463278579883881e-02, 7.791805201097484757e-02, -3.688893554731493413e-02, -6.246907358555943077e-03, 1.457634505852539175e-01, 5.558038551214616180e-02, -3.967995791207074713e-02, 1.978279245814460255e-02, 6.270726842961321656e-02, 7.587194698435413900e-03, 5.020555523029585077e-02, -2.840693574779888306e-02, -7.568227137388290615e-02, -1.604569395770711615e-01, 1.887968943437827174e-01, -1.475769671097924285e-01, -1.280815116349880156e-01, -2.209794079881914619e-02, -2.388689262529964663e-01, -2.368391626306672049e-02, -3.618845081178718309e-02, -6.137498708284159360e-02, 8.702390136508926510e-02
5.483091411612292521e-02, -1.182593668788270297e-01, -4.994484905784210560e-02, 3.566399099728951444e-02, -1.254421159975618004e-02, 9.414285450239276432e-02, 2.247541411122522606e-02, -6.643506733009256482e-02, -6.974944603621142936e-02, 1.023065027639245284e-01, -5.769200935709129646e-02, -3.531802772961239317e-02, -1.096500777534999554e-01, -1.460854228847273117e-01, 1.736353025308530473e-02, 6.593459197545593897e-02, -1.568287128570959310e-01, -1.133777933448821933e-02, -2.973744359619001978e-02, 4.230876007141426420e-02, 1.529320177167257377e-01, -4.057269369658308283e-02, 2.752619663091798174e-01
7.554105650161593855e-02, 4.979470649151095801e-02, 9.281936083488031772e-03, 1.502490212014846449e-01, 4.351925433113739729e-03, -9.828701945988693733e-02, -3.760031772187320820e-02, -1.095045980726615797e-01, 1.207940620597716952e-01, -1.154131698677847602e-02, -8.145991676408902149e-02, 7.804354968575631657e-02, 1.106183575667242514e-01, 3.316278636212799391e-02, 3.837108605437987603e-03, 8.245413422159338090e-02, -4.538400884070641940e-03, 7.635512671301163123e-02, -1.310095834430509421e-01, -4.075864719880729903e-02, -3.461734959682976481e-02, 9.802067295860421303e-02, 1.688498714888235497e-01
2.992228528376703611e-01, -2.261613234201944721e-03, 1.607701503252365050e-01, 4.479521631332952086e-02, 1.081572038610762454e-01, -1.694276316999851831e-02, -2.641215980399767571e-01, -2.822637701024003146e-02, 1.041492061330956814e-01, -2.388848283836716435e-01, 1.025001717771186066e-01, 2.185324041664625169e-02, -1.230854756957949769e-01, -1.280319557217021731e-01, 2.390941130394443892e-01, -7.843547313287366207e-02, 2.137790846263538103e-01, -1.994552823332120528e-01, -1.838752437114273830e-01, -4.935448077567423930e-02, 3.220691249646497056e-02, -5.305901014651347863e-02, 3.640806099809526519e-02
4.637651539625136515e-02, -1.552859631057455503e-01, 1.245160282090110836e-02, 1.043941634830039128e-01, -1.767160141623553005e-01, -1.057118748580754969e-01, -2.509911926523888601e-02, -5.173855066928099771e-04, 5.521545093103306934e-02, -1.013829734665608190e-01, 1.056566364508004507e-01, -3.922642685956826553e-02, 1.352347467910707257e-01, 1.014071751381645931e-01, -7.591300880343658519e-02, 1.048616572169496636e-01, -1.490081890736425496e-01, -1.422637318707189458e-01, 4.260356396013656455e-02, -1.216945618139710500e-01, 2.902909441671843588e-02, -9.504983608024461517e-02, 5.344299936878620788e-02
-2.802365079688694596e-02, 6.262165918418617638e-02, -1.991194479334817274e-02, -2.599204349342004467e-03, 3.462929752606797723e-02, 3.971383598239243938e-03, -7.682483830430003602e-02, 1.787357380821084363e-01, -6.878867977576605397e-02, -1.921230403349409588e-02, 1.163745552181554843e-01, 2.480026795730937497e-02, -6.670536328190766751e-02, 2.684436672485914777e-01, 5.292070633929843448e-02, -1.334153266013116679e-01, 3.005020099364607428e-04, 2.801365584162895384e-01, -1.146844944389929649e-01, 8.423264240068091546e-02, -1.506497936705502860e-01, 5.159029952598268715e-02, -5.922271400116076168e-02
1.278356015782244615e-01, -1.335372795788266342e-01, -1.285299413073640318e-01, 5.396107406284753744e-02, 7.060052534521520096e-02, 6.153407342904669564e-02, -6.660251135356540231e-02, 2.662974897041504863e-02, -1.800399001991914022e-02, -1.344917556061618891e-01, -1.360598102139778942e-01, 1.816775706987690253e-02, 9.768006579032785519e-02, 2.006455877702837398e-01, 7.548655687049561636e-02, -2.361438254380074375e-02, 9.727009867013522437e-02, 1.561019356817425208e-01, -1.640317668673093449e-02, 6.874722766488608472e-02, -1.120921652729389983e-01, -3.073596192269426562e-03, 1.160215584683029766e-01
-1.446318215837895937e-01, 1.363828225707017228e-01, 1.357577863094596993e-01, -1.381617203001147404e-02, 1.498459146978171619e-01, -1.467626567968969842e-01, -4.808842391568967159e-03, -6.881496249593985204e-03, -1.489067821916591726e-02, 9.381205780012079332e-02, -4.813741708908569894e-02, -2.843999508505535082e-02, 1.282146326806617165e-01, 1.378057486015873134e-01, 1.090456233270820953e-02, -4.918476568560827683e-02, -2.317841473923922258e-01, 2.451099041202873252e-01, 4.834214903276569386e-02, 1.104631619357408223e-01, 4.288880688138076852e-02, 2.491123964630934801e-02, 5.157342886998887016e-02
2.135735390940586564e-02, -2.053379019718484799e-01, 9.444078737026656567e-02, 3.647541848790514241e-03, 9.685782456660090023e-02, -1.959124511360804677e-01, -1.270682923211756687e-01, 3.532920343783307882e-02, -1.051589498024044500e-01, 6.177174517766897965e-02, -1.434269431671932223e-02, -7.293843814024451866e-02, 2.187885156588521007e-01, 4.209247508350298372e-01, 1.787546851751446036e-02, 6.654726284706387329e-02, 1.467990547038611551e-02, 1.004984158482742779e-01, -1.169080934359185281e-01, -4.507512743521270571e-02, -5.742492112943292648e-02, 2.236494074589937334e-02, -8.999515074676574244e-02
1.760312497692509415e-01, -1.969462285079671415e-01, 5.374329978756603714e-04, -1.934268301435552659e-02, 2.135667542137593133e-01, 2.299485406557134903e-01, 2.375346966443443175e-01, 3.726620787954615377e-01, 2.365274715270276329e-01, 1.729677036513199706e-01, 1.778703458428477699e-02, 2.540724669767281951e-01, 2.607592536321747811e-01, -3.991637632773192279e-01, -3.198388090345788415e-02, 1.707520796981873701e-01, 1.421639055508390481e-01, 4.878053336784031468e-02, 4.499879393745425532e-02, -1.161423003263551135e-01, 1.947319457457701020e-01, -2.651434408869033157e-02, 5.969032998403681067e-02
-4.259600601040326728e-02, -1.292519919097145364e-01, 6.699915675415285543e-02, 2.462500695597929362e-02, 1.372236237402732761e-01, -8.923125793563027597e-02, 2.204502485602217315e-02, -1.099457446449062827e-02, 9.004043396522500020e-02, 4.852745625458840251e-02, 1.660695060364474618e-01, 5.034582101132933224e-02, 6.372705531618871877e-02, -1.702208506256560339e-01, -2.197086495905168912e-01, 9.054151845926301789e-02, 1.263198992326204917e-01, 1.484860473718131180e-01, 1.960924948792074074e-02, -1.210767846958402533e-01, 3.834539446403600199e-02, 8.175031214122130407e-02, 5.307041180423169996e-02
-1.279578515090685487e-01, -9.177011741334202555e-02, 7.280207220777312749e-02, 3.047276379048140596e-02, 2.452369740846182256e-01, 2.796302553059518692e-01, 1.412591165829679973e-01, 7.077299145579782347e-02, 4.164766009264855157e-02, 3.901780121254748435e-02, 1.872413296959781481e-01, 1.694022786082768073e-01, -1.226465765752170339e-01, -1.557699385654547353e-01, -1.281725655929840182e-02, 5.245867715018003551e-03, 1.566752363079963462e-01, 5.293643237211286857e-03, 1.443551783478689080e-02, -1.397808829047924584e-01, 5.323195329259922115e-02, 1.108606507693725152e-01, 1.081746971667106316e-01
3.882547243647650054e-02, -1.580587736409754251e-01, 1.141522363649252574e-02, -8.999971559562613965e-03, 2.525214358737834508e-01, 1.125150912002285536e-01, 1.547375324028746890e-01, 3.674915839158953146e-01, 2.035297878550516582e-01, 2.134166276018295005e-01, 9.987744531142650484e-02, 2.416258218193442081e-02, -1.820060019345956792e-01, -2.469607523762192558e-01, 1.834689667883206421e-01, 1.360425367354617943e-01, 2.422269437253445415e-02, 1.870976461271833535e-01, -1.287024400538639979e-01, 1.187792958174211794e-01, -8.095796420148365646e-02, 1.019083652324144149e-02, -7.675034079591482039e-02
-6.054420658942490790e-02, 1.248618364251180904e-02, -5.541858798311764985e-03, 6.073617140039760942e-02, 1.639282125777141164e-01, -3.456879310015847223e-02, -6.830563327647552752e-02, 7.347907552179365476e-02, -4.083616309947038503e-02, 2.225772385061974834e-01, -1.030357263055418637e-01, -2.386297351205746153e-02, 8.660500172009046038e-02, 1.836475835843904836e-01, 1.350944997006297277e-01, -4.410821970395574498e-02, 1.282164557881306788e-01, 1.537392439493086571e-01, -2.080517908167477115e-01, -2.063615517677591105e-01, 5.017145462747973211e-02, 4.819237204659931190e-02, 1.189453309176887186e-01
6.964929394480387503e-02, 1.383354802769475311e-01, 1.015293558039304378e-01, 3.912848788546489931e-02, -1.002116641763716870e-01, 8.833464993695362699e-02, 6.624640074181278870e-02, 8.532021043198345644e-02, -1.661011535439299303e-01, -7.266560134476611477e-02, 7.335874208551423567e-03, -1.814271528628541852e-01, 1.042464504651012119e-01, -4.454170709878042117e-02, -1.216597287311590864e-01, 3.412297378104720003e-02, -6.086018403279279225e-03, -1.998356553251609269e-01, 5.514503780261026389e-02, -3.349940460141571930e-02, 5.182107291239236579e-02, 8.044427993946781652e-02, -3.075732535171749604e-01
-5.041285196808457936e-02, 1.204016127412629589e-01, -1.089973537825464217e-01, 4.831729210513635575e-02, -1.522277267956705094e-02, -5.435560792603952307e-02, 1.073083820205988359e-01, 7.786711780800420479e-02, -2.143234452457670400e-02, 4.727228294014784032e-02, 9.002084577118678321e-02, -7.837695774533634530e-02, 3.106470475087978050e-02, 1.463805073544847089e-02, -5.818577882007011821e-03, 4.533798749661431537e-02, 1.327752004181544654e-01, 1.076909683811470668e-02, -1.278952696137991285e-01, -2.531642878647061626e-02, 5.572714938345082504e-03, 8.274558920148626651e-02, -8.676955387997684066e-02
1.543358754528731044e-02, 9.100799682712889388e-03, -2.202949346554725907e-01, 2.848322627527963627e-02, -8.443148573879780128e-02, -1.488242376677958723e-01, -4.895797191478228755e-02, 9.169274263786779400e-02, -1.707538704154360210e-01, -5.385790489019762900e-02, 8.081690462994109425e-02, 7.829281531108048253e-02, 6.783073523274111248e-04, 1.090737658210764877e-01, -2.429844231014644806e-01, 6.470856374523309418e-02, 2.593104199657235709e-01, 8.005257204142844640e-02, -5.125404045572242578e-02, 8.040519064493069357e-02, 2.304025032320440591e-01, -8.512205933382324674e-02, 1.279325137747634386e-02
1.169538222853906857e-02, -2.623937478158114844e-01, -4.733124598174294831e-03, -7.337087656616160525e-02, 6.774365959706758755e-02, 1.107216944899370309e-01, 1.567428597121594824e-01, 1.318412608240140116e-01, 1.321238793402179368e-01, -5.755240410433341142e-02, -1.905999741394070676e-02, 8.766096486011465405e-02, 1.129225891886755373e-01, 3.963490405076675605e-01, -4.677961313404714605e-02, -1.071769683592704997e-01, 2.855274383240259395e-01, 2.246126291543117937e-01, 1.546895991628416678e-01, 2.361820058864643190e-01, 1.176459059278496012e-02, 1.872485138756415646e-01, 2.675073543291515976e-02
-5.871427481753897087e-02, -6.068798311547574445e-03, -7.987128914328300855e-02, 2.845531938882212356e-02, 2.969744053566200637e-01, 2.456983299852922298e-01, 3.602406078539849843e-01, 2.421677050894346095e-01, 1.127074797489374391e-01, 2.327917477280383798e-02, 1.155179161825466844e-01, -5.185963151535504662e-02, -2.054679813986688419e-01, -2.737101400829224929e-01, -1.475316418747618305e-02, -1.374713815830599373e-01, 1.509168500991980855e-01, 1.471711968907965795e-01, 7.438202245513679534e-02, 3.450002368919682927e-02, -4.573514117675420154e-02, 9.539550277428127112e-02, -1.053795474165858809e-01
1.085851617185794871e-01, -4.340103111072801667e-02, -1.165899454537106666e-01, 1.760881858474039607e-01, 2.032463116366368394e-01, 1.584951711631486515e-01, 1.218060076320500451e-01, -9.797146571933638970e-03, -1.843679599954020989e-02, 2.851504138037736502e-01, 4.322632305289395710e-02, -5.427096877618260012e-02, 1.044037621173799363e-01, -3.685874340072345379e-01, 9.302829964415876285e-02, 2.346901391842070306e-01, 1.521893783309926154e-02, -1.664913952678191145e-01, -1.468148124617838779e-01, 3.431402909598035150e-02, -7.204225909883632539e-02, 8.407486432665440407e-03, -1.526020041255212942e-02
7.368246841010576975e-02, -2.069414674925552922e-01, -6.741480809217136050e-02, -1.248034151081000610e-02, 4.969151626551896947e-03, 2.272481280521216340e-01, 4.749604269923527605e-02, 2.173763570916031063e-01, 1.530088038705937070e-01, -6.016709817952245291e-03, -1.456633772420234119e-01, 1.782483431401087615e-01, 2.646012289712785792e-01, 2.645135424601012808e-01, -1.701278640296833011e-01, 2.095372213776801329e-02, -1.134249439860801900e-01, -3.076450456329261202e-02, -2.341992678593977223e-02, 2.589387104652075000e-01, -1.231274725202434472e-01, 1.071893936016820453e-01, 7.872321935295989448e-02
-1.899279614715412845e-01, -4.776293933129104885e-01, 1.561317521437277991e-02, 7.716578966670784023e-02, -1.702555422421100639e-01, -2.083629685260262876e-01, 6.218066725242473586e-02, -1.801055030245901079e-01, 6.469126546630682428e-02, -2.527119290767491644e-01, -6.008613198777258690e-02, 2.566104769753496107e-01, 3.643053452759293931e-01, 9.471257848619892838e-01, 4.357733236272151936e-03, 6.915984274014716493e-02, 1.690504455334700673e-01, -2.063681152048592662e-02, -7.312434387289186433e-03, -1.878596673718485946e-02, 6.585889658342415631e-02, 1.294233506323575200e-01, -1.242094317194728931e-01
-1.231412200426887094e-01, -2.603121153400380638e-01, 5.008466777297074929e-02, 2.240057322320745947e-02, 1.493231545210297884e-01, 1.916746920789135777e-01, 1.204891790998234569e-01, 1.719860422292605606e-01, 2.860305027106584408e-01, -4.854251649916110911e-02, -2.120566371542130860e-02, 1.761865863815083311e-01, 1.496585005126971069e-01, 3.864201616324355881e-01, -1.963384071302556877e-01, 3.939589225708360343e-01, 1.453264267002929433e-01, 6.083398861054322565e-02, -2.023737143407425276e-01, -4.522629163853762735e-02, -1.235176851078451238e-01, 1.980693565936589642e-02, 4.902631505691009556e-02
-2.553045371020246090e-02, 1.310817718989042979e-01, -2.449183495618542303e-02, 2.282078632482946179e-01, -1.186989168743298739e-01, 7.382776625383349889e-02, -1.690319669864538688e-01, 6.658016257479805466e-02, 6.150377097079404165e-02, 1.789398064240238159e-02, 4.985436593353941015e-02, 4.660545539849085539e-02, 3.986418158671701378e-02, -4.339241368883473005e-02, 9.015046558220397854e-02, 1.917825359638943572e-01, 2.263684186092828066e-01, -1.042437797655552945e-01, 1.121686567045790256e-01, 1.806103213134497565e-01, 1.488209277853678736e-01, -1.701236438210877722e-01, 9.379377083665847714e-02
1.773331436459079855e-02, 1.758587540599382271e-01, -1.677674282703001951e-01, -7.366872031350807370e-02, -8.272986966202018622e-02, -5.024456057064074881e-03, 1.568210510393444335e-01, -3.467303121011068578e-02, 6.671636967471616941e-02, 5.923016503100979324e-02, 2.218091369745077163e-03, 4.318103818616386702e-02, 1.001627817280546229e-01, 1.141425455964705932e-01, 1.768060443461309111e-02, -4.964973158104868389e-02, 4.425873396380379521e-02, -3.133776568596593343e-02, -7.140984429028469915e-02, -2.647724973257813835e-02, 1.498792038562197781e-01, -2.400418293661223390e-01, -1.165366569651318795e-01
-1.516506328876842391e-01, -7.275389431151826902e-02, 3.996922376696310925e-02, -9.412869663660404507e-02, 1.823899421718865876e-01, 2.699062716528486620e-03, 6.430648938643751533e-02, -2.947406923148788299e-02, -8.184762571506616624e-02, 1.248653973875948481e-01, -8.181007586103174190e-02, -1.456534929611483231e-02, -5.882675902238742455e-02, -2.391068279340564581e-02, -1.300761948504258192e-01, 2.794483053486578744e-02, -9.249471452927658655e-02, 1.334325083951212049e-02, 3.691490177943469730e-02, -1.834756090138094098e-01, 9.799525286798259349e-02, 1.787774446178357901e-01, -9.890802306315353565e-02
3.164540127335848524e-02, 5.028370511473748139e-02, 3.554539599712531594e-03, 8.483339425547048451e-02, 1.707838192200712424e-01, -8.918586563297041525e-02, -5.090617763196825935e-02, -1.018483259974243410e-02, 9.879243114232993950e-02, 9.022218592886729546e-03, -1.194920898974660278e-01, -8.440609130868605148e-02, 2.817953435872784865e-02, 1.880770258228335323e-01, 2.360818407316855327e-01, -5.134124728070744298e-02, 4.367307283007670904e-02, 2.246592598580271841e-02, -4.075916204606536315e-03, 5.912834139409602757e-02, 1.266838065137662339e-01, -9.778974047006960824e-02, 9.971050864432114136e-02
1.013337241686198958e-01, -1.883531302325832657e-01, 2.036362775621301888e-03, 9.111993936882214692e-03, 3.347401510828691695e-02, 6.292879030038316113e-02, -7.047582566168966722e-02, 7.256053706451830176e-02, -8.236149681804846856e-02, -5.686004230681714761e-02, -8.103505873662444903e-02, -8.494948206908202459e-02, -1.668488817017178827e-02, -6.546501355873364514e-02, 4.893173534313976364e-02, 2.849622498692866088e-03, -7.723733759232857821e-02, -2.435721548703365102e-02, 1.382056287647502046e-01, 1.887228277150851952e-01, -6.174897893799329018e-02, -1.805736978521889913e-01, -9.365288349772994680e-02
6.348737607324308162e-03, -2.274704642177779665e-02, -5.997258677944782013e-03, -1.572401665040888685e-02, 9.555917403424925294e-02, 9.063267319829452703e-03, 8.079121484101733919e-02, 6.665235359252459635e-02, -1.437469789686636468e-01, -1.485439166556589211e-02, 1.490730118478101052e-01, 2.153983412857818636e-01, -1.101743675790324978e-01, 1.163175796857749689e-01, 4.897705378434105694e-02, -6.129817699638027279e-02, -6.977826157461519685e-02, -6.489196775481982649e-02, -4.236824287857490767e-02, 1.557778632980518219e-01, -7.448693227094147461e-03, -6.068681548574449136e-02, -6.244261462686727382e-02
-6.732508988519961268e-02, 1.983783246621552421e-01, -1.032721869354222555e-01, -1.134329329470877834e-01, 5.023893313215280904e-02, -1.936497120459914623e-01, 1.050747406000716172e-01, -1.732116331025611994e-02, -1.107263086497953519e-01, 1.692629408367116520e-02, -1.274659899910010954e-02, -9.508997624721261810e-02, -7.922136208775847066e-02, -3.140628649315396759e-01, -3.676824760862412028e-02, 9.395201315725087987e-02, -1.723894429032202941e-02, 8.213801651491483766e-03, -1.209687444183069893e-01, -1.412733506035816766e-01, -2.050650091965175170e-01, -1.795874589572135915e-01, -9.793568674820452014e-02
-2.312099681407248086e-02, -1.100794073867741030e-01, 1.214706551462226836e-01, -6.991481148727424211e-02, -4.991944839781059517e-02, 3.149942718119460444e-02, 4.207915212820596135e-02, -1.558175428104949418e-02, -7.238862531667909772e-02, 1.929624278362483125e-01, -7.968160130258344909e-02, -1.163738779320209055e-01, -7.007052227003286726e-02, -2.200315759413094124e-02, 5.685591871717601831e-02, -1.211285406302812645e-01, -1.127058354413259245e-01, -1.074898430525042525e-01, 1.892546344906139918e-02, -1.225720291877623325e-01, 9.952564086638661378e-02, -3.393936019713240937e-02, 7.136227954431337284e-02
5.186943796850149863e-02, 1.232996172493024539e-01, -5.291153042344471291e-04, -1.270564664177694925e-01, -2.140199328142408305e-02, 2.355315311475802420e-01, -2.670172393746959028e-01, -1.702558873516965277e-01, -1.261206022951978367e-01, -6.859138107237189308e-02, -4.392760397447938170e-02, -2.308890200738541731e-01, 3.760298688889849444e-02, -5.194800372704114905e-02, 8.611750825732697109e-03, -5.136754007734798538e-02, 2.010467705353528312e-01, 1.302741715586963056e-01, -3.923902236732440540e-02, 2.378388770382378059e-01, 8.365346119039804296e-02, 9.198355784979202199e-02, -1.935113160152470910e-02
-6.158063098532436802e-02, 2.609388513707511792e-01, -8.748061289912208160e-02, -5.380152942635084423e-02, 9.221049535150660503e-02, -4.175077682186784100e-02, 1.836339666042342833e-02, 4.060949287083761433e-02, 4.474786802877787906e-02, -4.956060866379114610e-02, 1.658864182943553534e-01, 1.110028829153463792e-01, 4.986163209012720032e-02, -7.819660457808903786e-02, 1.794776591107590316e-02, 1.989493434818342954e-01, -4.611907024531942262e-02, -1.135239235660339130e-01, 6.052489687901157350e-02, -7.435726808133355514e-02, 7.944879465341569968e-02, 8.083394157665504953e-02, 2.270322857693154311e-02
-4.756979832334806702e-02, 8.250616667811583316e-02, -1.475616156150537372e-01, 6.420524844019151467e-02, 4.151080724959482771e-02, -2.264277955258461178e-02, -1.119643350462858206e-01, 1.170388637524542308e-01, -9.569655686214151302e-02, 3.312768060271380210e-02, 6.181095976440958983e-02, -7.475174707541802632e-02, -2.056929612791127127e-01, 7.247462771223768530e-02, 3.509663913643642358e-02, 5.614193315393358960e-03, 6.186117809686923069e-03, -6.413712620514596535e-03, -1.278286003597195464e-01, -2.035349522611432371e-01, 2.522430420936563802e-03, 3.603752396332368657e-02, -6.780134588614734892e-02
4.835543341531300943e-02, -6.182659006726712314e-02, 1.077872733840132963e-01, 1.297402021160966833e-02, 5.846727278976220944e-03, 2.327336988359796771e-02, 1.124876111780935550e-01, 1.479400858371350824e-01, 4.793541029487802252e-02, 2.652338716411379860e-01, 1.661914324135842225e-01, 6.581738910814773080e-02, -3.838430689264724777e-02, -7.051568997295827590e-02, 5.125407695027046906e-02, 1.697646642764576890e-04, -6.509031102977738681e-02, 7.740461274863745522e-02, 4.908578378594311009e-02, 1.255144025976511098e-02, -1.133306339421599196e-01, -3.455941924009805488e-01, 2.202752505938868621e-01
2.565792156856317244e-02, 1.939487281205073688e-01, 4.011887183049154398e-02, 1.121095119735685403e-01, 4.539485920968051869e-02, 2.857141262273114359e-03, 1.369886759075729654e-01, 2.370920886352409496e-01, -8.683063650024566704e-02, -9.234995118517490276e-02, 4.986278649420647358e-02, 1.008189974455531157e-01, 1.168377310102527433e-01, -6.040985881267159352e-02, -6.543794539195416093e-02, 9.986454962318729034e-02, -8.151272376916682272e-02, -1.069721020702032316e-01, 4.483402965136493168e-02, 6.542135447774442174e-05, -4.715227394729330085e-02, 5.148845484132373584e-02, 3.559640996839650955e-03
1.015324878621528051e-02, -6.038510807564184679e-02, -1.576140539861780460e-02, -1.180550451402151424e-01, 1.015752723144009162e-01, -7.641447357315747646e-02, 3.189988934867656750e-02, 8.307252758698926987e-02, 6.119519100979269564e-03, 1.080651932414831706e-01, 1.820090050910866120e-01, -4.416918160338545452e-02, -9.714721309235591074e-02, -7.008299966035430595e-02, 5.116044906643493761e-02, -3.553541027746605265e-03, -1.019385586882466943e-01, 1.913481828455001477e-01, -8.331021999531888766e-02, 2.811433108569742767e-02, -8.320146627048588539e-02, -1.003591765538888562e-02, -6.366892269950541472e-02
-4.491981679672118338e-02, 4.666029199073352778e-03, 1.815869411888351992e-01, -1.060062843459925741e-01, 1.047225658933627068e-01, -1.936360256175441517e-04, -7.788460946513656169e-02, -8.160324041995664635e-02, -1.884577679429440961e-02, -4.504285088325046295e-03, -4.558884912248056809e-02, -1.162221540032107731e-01, -1.655234356961322595e-01, -9.300869404648859362e-02, 2.099686521280251864e-02, -5.425404344335829632e-02, -2.168574631452544269e-02, 8.266240319976310424e-02, 1.224334456689669948e-02, 2.077096212243592643e-01, 3.596640919211026299e-02, 1.092697594234587205e-01, -1.561456881060356398e-02
-3.019423833978771010e-02, -1.820962151581377308e-01, -2.420312934002901567e-02, -7.012145709712047648e-02, -8.228543714950639631e-02, -3.356483389647558213e-01, 9.199334669480681292e-02, -6.421639062544023946e-02, -1.780973337230852549e-01, 5.452692608393766571e-02, -2.066727962518968009e-01, 4.139159347642470260e-02, 2.241714473438859712e-01, 2.228107966405902807e-01, 1.052890635852399281e-01, 4.285561359984719348e-02, 6.729330111578413209e-02, 1.075440580600245805e-01, -1.794530251830850701e-02, 9.940461003877290591e-02, 1.273826246880727375e-01, 1.557067845702143037e-02, 2.128042711537072029e-01
8.614018735934109855e-03, -1.184958763417946898e-01, 7.727745627284722529e-02, 6.658812768349810229e-02, 1.935484610004168174e-03, 1.876257050991827699e-02, -1.276774988016122769e-01, -3.812649076406761373e-02, -8.345955718527890699e-02, -1.388486332845630389e-01, -2.072466471939295451e-01, -4.540185252496133084e-02, 4.531455784756386329e-01, 7.273310803156975146e-02, -8.130009245381179805e-02, 1.453143649946682936e-01, 1.546609358537847506e-02, 2.646443867814539663e-01, 1.575248540000614428e-01, -1.348319411206404380e-03, 1.013880635396953167e-01, 1.782732185179109752e-01, 1.665416075391450423e-01
-3.193666066243732587e-02, 2.194008348352866067e-01, 7.314543980081723851e-02, -3.695708793876344156e-02, -2.314586239239716792e-01, -8.994360022666141041e-02, -1.190442869357155320e-01, 5.941329201507664082e-02, -5.223928679844947603e-02, 7.508187198109537996e-02, 6.770659999862363443e-02, 3.174488443130050064e-03, 5.911713291254976771e-02, -3.928395351284364595e-02, -1.354165605862550914e-01, -4.430670600760779759e-02, -1.270505848480268651e-01, -1.417606040386552579e-01, 1.090693088254211379e-01, -1.198807464947100193e-01, 1.519902715183688857e-01, 1.121379392465648994e-01, 2.615188718819604421e-02
-6.954968657208952798e-02, 1.323181033648188065e-01, 7.681894712841980111e-02, -6.945539769884176429e-02, 7.678515714938854986e-02, 4.311834874552769592e-02, 1.835297456038555500e-02, -9.797280562501247195e-03, 4.000581920667336394e-02, -7.521692510670165144e-02, -2.530038492840120945e-01, -1.958828819828404288e-01, -8.082235142892092716e-02, -7.270968161649220274e-02, -4.090766906444529699e-02, -1.280223748178213605e-01, -1.513189296520603411e-01, -1.957356328433814407e-01, -4.255967124419558073e-02, 1.268939842922749139e-01, -5.465160836044308246e-02, -8.024870206477162371e-02, -9.138656351033105918e-02
1.031825809426827750e-01, -6.046351753572268978e-02, 1.178707621564559077e-01, -6.895756064260056759e-03, -5.876129421347939946e-02, -1.461942413269640660e-02, -1.066178262640535279e-04, -4.897220914774807338e-02, 1.398408802924038519e-01, 1.282927068003091586e-01, -1.445515820687965358e-01, 1.535149224200498541e-01, -2.876544980517998784e-01, 2.787965723496122483e-01, -3.425214742422242470e-02, -5.357168284711984196e-02, -1.031643372525746227e-01, -7.635769320044722211e-03, 4.004453807426419654e-02, -9.083752240060995187e-02, -3.339226626876289072e-02, -1.134098367494266622e-03, 6.603298655680094054e-03
2.980548056887599023e-02, 1.180884564409542953e-01, -2.058287911844435252e-03, -1.579891283175055006e-01, 1.874584108699717533e-01, 3.901654928952819068e-02, 4.543613681519708541e-02, 1.710362784830421756e-01, 6.446551904601199867e-02, 3.757024786022677976e-02, 1.500023960933577483e-01, 9.682009722739706725e-02, -7.980116701196801610e-02, 1.336610621903889552e-02, 1.269373265801690964e-01, -5.318131948272664111e-02, 5.236939490088111937e-02, 9.317895220111324650e-02, -1.174746396684550054e-01, -2.866634822391355558e-02, -2.076739094305810607e-01, 4.789752439555720193e-02, -5.899463044459878243e-03
-1.015629112640916570e-01, 2.031103047040359877e-01, 2.701223198518734603e-02, 6.575824494542793774e-02, 1.057795046103186852e-03, 6.478996990035383596e-02, 7.398935065578893244e-02, 8.813670636346712661e-02, -1.446577857474176110e-01, -1.395147990450143760e-01, 1.590979078349879228e-01, 8.276196738525044838e-02, -6.794674104245293500e-02, -1.340156357478842000e-02, 1.004707158999272876e-01, 1.060054270009401778e-01, -7.191225166597754737e-02, 1.924340810658690670e-01, 2.503693559669150151e-02, -8.077471361751142886e-02, 1.012493574104474797e-01, 1.644197601341712833e-01, 9.848715936153044914e-02
-1.080503529153731546e-01, 1.353444170954583303e-01, 2.659645478724659631e-02, -7.028672192313505096e-02, -9.669632734780990446e-02, 4.054438744520245941e-02, 1.478817761669763697e-02, 5.879265193934838513e-02, 1.011244774356694770e-01, 8.655696027743513266e-02, 1.904052782663250010e-02, 2.706948487699523676e-01, -2.669798285610736413e-02, -5.961728112524210949e-02, 9.468247143442017066e-02, 1.337950589437922853e-02, 1.905391495497149937e-02, 1.430112628324578007e-02, -2.225767064678102480e-01, -9.093420336331337062e-02, -2.125360245895883699e-03, 4.342009392250803512e-02, -4.512236903299759322e-02
-6.485480736537757585e-02, -6.147078085516737012e-02, 1.272853076403019923e-01, 9.802565615553905654e-03, 8.945033347855357170e-03, 1.900940651983041782e-02, -8.642426456344634578e-02, -1.478657122939777135e-01, 5.621625552815595617e-02, 1.567734830933383006e-02, 3.701483416017317674e-02, -1.806330166523408831e-01, -8.880060771257236585e-02, -9.985237585372756797e-02, 2.290749033460693918e-01, 1.742706258179054987e-02, 1.794416530009846494e-02, -4.278193999334838071e-02, 1.023765301333644240e-01, -4.211803600357374999e-03, -9.974662181639805392e-02, -4.830421936520101051e-04, 3.870730222235072970e-03
-1.054164848218562545e-01, -3.623902281977254280e-01, 1.769962606691243001e-01, 3.018048616522949271e-02, -1.199958744131527089e-01, -1.056867874477830510e-01, -5.508131274536150201e-03, -1.156484359712098425e-01, -1.333530953470713765e-01, -7.496743660005579513e-02, -1.494613776010159933e-01, 2.068951472483088749e-01, 3.045407857461604473e-01, 7.267449409353508027e-01, 2.507379782442335087e-02, 4.070219311112674432e-02, 3.493781590542691107e-02, 1.728854937799783054e-01, 6.783958997171321559e-02, -2.150136579048753105e-01, -1.365965312574089763e-01, 1.501097640274045297e-01, -7.301710138598699329e-02
-2.269314877183861157e-01, -2.737524461049352098e-01, -9.591271347720128904e-02, 7.437578736058807205e-02, 3.482394077247348840e-01, 2.412107608753193966e-01, 2.143569702995267168e-01, 1.517422554273184232e-01, 1.159299752156954105e-01, 9.944502018221168527e-02, -1.302786724692710230e-02, 1.697875147615546809e-01, 2.896260833866884932e-01, 3.373945253506713815e-01, -3.334184333953204016e-01, 4.895055628935832126e-01, 4.762451506296116327e-02, 1.903955926571204021e-02, -1.700557958889434632e-02, -1.400990191121668366e-02, -7.059851602502295598e-02, 1.577643323587018392e-02, -7.167180334586002732e-02
8.412854383119301727e-02, 7.100818817060983168e-02, 5.652425927752252610e-02, -8.892526382376499811e-03, 2.216730069732796571e-01, 7.229665271746556210e-02, 3.435604528983850214e-02, 1.503300289873826245e-01, 1.463903265352180794e-01, -3.227443937469026214e-04, 2.852078719100607507e-01, -1.964704714351635240e-02, 7.768475985522685368e-02, -1.730989265621908080e-01, -3.687985423376853866e-01, 2.438981278694484778e-01, 3.322031782345295781e-02, 1.962790196692142455e-02, 2.378432900405661465e-01, 3.252467704925009195e-02, 1.170245670448829822e-01, 8.690636467774988383e-02, -8.033235960870510617e-02
-1.287457288224399532e-01, -1.020664614975359402e-01, -1.020313020283332844e-01, -6.368295877248317249e-02, -6.632631352980256079e-03, -1.887641660208499439e-01, -3.462701499097461250e-02, 2.969131627875048248e-03, -1.523695691488362591e-01, -1.364056010133981311e-01, 6.653090799895475249e-02, -1.457879168887608046e-01, 4.187305743332381258e-02, 1.473624435788083165e-02, -3.212821546066542411e-02, -4.630363169255293648e-02, -1.756057624932138572e-01, -3.197686645525114196e-02, 5.524321503748987755e-02, 1.624155231523705389e-01, 9.787042106815841899e-03, -2.251071469963538130e-01, 1.667394367051676374e-01
3.853223507875661036e-02, 2.449874628107610031e-01, 4.686405978680052709e-02, 1.523751249845463167e-02, 1.270994804225872854e-01, 1.140314496937621797e-01, -8.611686392318648395e-03, 1.337002539807505275e-01, 9.452358745984063004e-02, -7.236355528800755832e-02, 4.655027040897657953e-02, -7.050362964341760907e-02, 2.424929827000697480e-01, 2.456271760831034781e-02, 1.374425640155047257e-01, -7.536437309051397318e-03, -4.063757165353280854e-02, -1.323177939961831806e-01, 6.148700034532655900e-02, 1.029307051493816710e-01, -1.345495616066372524e-01, 2.306624235050570848e-02, 9.905720891117121563e-02
-6.878043411800435769e-02, -1.957508401723324076e-01, 6.581354608186255895e-02, 1.516542125242196226e-01, -2.704035476888360864e-02, 1.112633911360684210e-03, -1.252546295568233159e-01, -6.567409104348413684e-02, 8.822763608750310016e-02, -9.909896358399311600e-02, -1.488013664232316555e-02, 6.702254355871099800e-02, 5.798534855516217917e-02, -7.785672978639977815e-02, 1.959755918311721287e-02, 1.012123709764144591e-01, -1.210944116508920754e-01, 1.780124019431356674e-01, 1.363367706937844981e-01, 9.573036374997180575e-02, 1.203313987155721632e-01, 7.031233953651433444e-02, -4.435390664983972914e-02
6.681742898452250334e-02, -7.075480240316441016e-02, -7.850680092390258102e-02, 5.624197827634511149e-02, 5.597280506852425619e-02, 1.217502244999505712e-01, 3.101083409953464196e-02, 1.901738281283018306e-01, 7.188655703124033347e-02, -8.586480913833791084e-02, 7.901219648082308256e-02, 1.001379603666245482e-01, -2.087740993801415895e-02, -1.960450217230707837e-01, 1.083429076979980643e-01, -2.859551644924305733e-02, 7.476575282821354071e-03, 2.145440023788109177e-02, 5.278729693946461465e-02, 1.235647354661321279e-01, 2.726098651114111301e-02, 3.930435615464511478e-02, -5.445849021565716402e-02
2.820837906390803035e-02, -1.757199043771886515e-01, -1.051488944234976602e-01, -1.321319601189699933e-01, -1.681695675021713798e-01, -7.880433582706086737e-02, -6.174529861720112062e-02, -7.998595785085034493e-02, 1.665530414356068134e-01, -1.688776325711171533e-01, -6.198121932002450402e-02, -1.635335932053622043e-01, -2.301156290216746225e-01, 1.548141604646196823e-01, 3.045293094808432799e-01, 2.999412158283156285e-02, 8.436692832665355912e-02, -6.067315537891660240e-03, -4.264417038745661574e-03, 2.849866051096160979e-01, 3.527483489611144690e-02, 9.350610889205616949e-02, -6.765649914132199072e-02
-3.171381615336492377e-02, -1.710827764706137066e-01, 1.250300212370305218e-02, -5.512909765855095873e-02, 2.058181640551665914e-01, 2.997790563026981880e-01, 2.319592014185132556e-01, 2.047597906864341566e-01, 1.226222870654067876e-01, -2.675163422961198897e-02, 4.852886528336802091e-02, 1.792278759402272936e-01, 9.939970324105057431e-02, -1.333365557610137475e-01, -7.931385463891393178e-03, -1.434547411380884541e-01, 1.199462439828942045e-01, 2.140586974599150150e-01, 1.076661651651488194e-01, 3.076393129195541601e-02, 2.350686468561490883e-01, -8.918171948609947275e-02, -1.827354858698923279e-01
-1.675222115905285192e-01, -8.436796237181337643e-02, -8.821724233538301430e-02, -2.024559009239421288e-03, 2.708364699735705400e-02, 1.147563191481549144e-01, 2.297480868516311447e-01, 1.086168017606037872e-01, 2.455847169845113975e-01, 6.218064599151026939e-02, -2.109446131738377389e-02, 1.916504720543280027e-02, -2.305569859219490370e-02, 5.167015108935827002e-03, -2.265866436591687516e-02, -1.664389300858765131e-01, -1.358732596965049055e-01, 2.039708457368866537e-02, 1.776174713655821399e-02, 2.157440988206894492e-02, -6.514739384865976535e-02, -5.137787135785012310e-02, -2.884814666004928072e-02
-1.759625251006375346e-01, 1.293815738517689884e-01, 7.342516757091832602e-02, -5.762219955597048388e-02, 1.022762890859582330e-01, -1.597582178697264654e-01, -1.257881017997131978e-01, 7.493615247114272793e-02, -9.017841992250855143e-02, -1.068657696718740141e-01, 1.325257716339736935e-01, 1.547097183739497561e-01, -1.162165913552195857e-03, 6.917670709026210729e-02, 5.440734300165676884e-02, -1.541948975133306809e-01, -1.580190711286612870e-01, 1.830534699226505913e-01, -2.115027143841524335e-02, 8.212339717141349527e-02, -1.884856951762729771e-01, 9.266067673938764571e-02, -2.711391531299245372e-02
6.381643084035579054e-03, 1.127506199466902104e-03, 1.373362413775461033e-01, -1.015086614928361053e-01, -1.764256666462366285e-01, -5.805299424412823511e-02, 2.123320976972628213e-02, 1.083638239775356338e-01, -6.372408675255925373e-03, -1.025447356277803396e-01, 1.983022026953063233e-01, 7.917861615335501646e-02, 2.296809878835062990e-01, 1.821877504397158842e-01, 1.597114543561837727e-02, -8.832055752582615438e-02, -7.808985670565157799e-02, -7.720830233104893081e-02, -1.640604903942987081e-01, -1.403146320779912748e-01, -8.386200718850986280e-02, -7.053463496743983541e-02, 5.450975910997055834e-02
-4.592416147281538734e-03, -2.915078712161477403e-01, 5.761723703743065750e-02, -3.414728552177254128e-02, 1.086301776340105746e-01, 5.299945095909561893e-02, 4.021196714784101151e-02, -7.640786174517074508e-03, 1.082152005309220816e-01, 5.632354207487245967e-02, -2.003729943359144339e-01, -1.956003945580233050e-01, -4.868710052344384087e-03, -2.576533126228902071e-01, 9.480918104883966080e-02, -2.654782699201520269e-02, -1.591693943071770950e-02, -5.717269066443940277e-03, 1.378723740928319884e-03, -3.046288791738819331e-03, -7.611898952836448906e-02, 6.466048762801894501e-02, 5.657094783525525722e-02
