1.620276694990830102e-01, -2.352765876997748792e-02, -1.540137017711316336e-01, -4.233888937277374524e-03, -1.217172797215068519e-01, 1.031492996773469562e-01, -5.555353261089893135e-02, 4.000511509451794290e-02, -7.697356341274716636e-03, -1.155318678120330206e-01, -1.762601058042812252e-01, -8.830591288828323893e-02, -2.632626321267387062e-02, -2.394658070239782596e-02, 8.069377015976962608e-02, 1.653306039247934289e-01, -4.172639907182238567e-02, 5.280512768725267175e-02, 1.011189865754490436e-01, -1.295157245116208833e-01, -4.054678282005549916e-03, -1.550795592935413081e-01, -9.829605755861692620e-03
-4.057479453081505594e-02, -9.861305673423390039e-02, 1.462477515562275732e-01, 2.139260851709731959e-01, 1.407612737297417871e-01, -2.648169593271697264e-02, 4.585366529564362248e-02, 4.250363333511992386e-03, -7.291596078166590056e-02, -9.520307759648172219e-02, -1.462928767435036637e-01, -1.588121578780191112e-01, -1.198303865437188170e-01, 9.058715326557002963e-04, -9.628903676788629074e-02, 1.834600540865929941e-01, -2.175854707282359052e-02, -1.864450624722300831e-01, 2.636776866126069527e-02, 3.444396730113560151e-02, 4.508726576587914620e-02, 6.368854726802590516e-02, 2.966739881623300587e-02
1.983576171540091942e-02, -5.356668528784269169e-03, 4.993646421316263323e-02, 6.196775149833637364e-02, 1.325802988743643440e-01, 1.247841097896929402e-01, 4.322067001294573052e-02, -5.302615962953664136e-02, 1.041036835911827718e-01, 8.618514602000099806e-03, 9.778309234164039507e-03, -7.821635074355126616e-03, 6.602958754214230397e-02, 1.605354322025603691e-03, 2.129786856382906712e-01, 1.639103412512973035e-01, -7.801432852399632634e-02, 6.441784093610405937e-02, 4.026106759509307659e-02, 3.002171924993377126e-03, 1.147849551199472407e-01, 1.404369167217183745e-01, 2.160844684124558698e-02
-6.311414481136234933e-02, 5.875554773421056559e-02, 8.295403862303904474e-02, 6.955619923199761120e-03, 1.883865827110436236e-02, 1.189577157824452530e-01, -9.195744181669738551e-04, 4.460826150581536503e-02, 3.429512927097876085e-02, -1.203847723536227848e-01, 3.498618129796625051e-03, -7.906319699657955724e-02, -2.161415084207035930e-01, 1.026060279760852845e-01, 9.697803888799395866e-02, 1.699716749678666095e-01, -1.839032459893955862e-01, -1.081538440450136168e-01, 3.654451816091155297e-02, 6.446819984832165285e-02, -1.011510031661232434e-01, -1.055445138941449174e-01, -1.648395067242237610e-01
4.984874411799717492e-02, -7.854349771083301429e-03, -6.001370139642245999e-02, 1.007814163801521307e-01, 7.847648339858047384e-02, 8.315874773896231309e-02, 3.504863271431274407e-02, 2.480757137804214668e-02, -1.334405576422645068e-01, 1.014347566970981961e-02, -6.069245188013669412e-02, -5.878478910825685189e-02, 1.025533464083067253e-01, 4.413352098306439625e-02, 1.009053536171697768e-01, 1.854647471818177684e-01, -7.922023496408855253e-03, -1.437274006084164057e-01, -8.550616762593302167e-02, -1.595657268048318034e-01, -1.902185299182088674e-01, -8.278756838007936270e-02, -1.542123788673048501e-02
3.971631198434707327e-02, 1.225693741962296246e-01, 6.253430196234067984e-02, -1.357193671681431180e-01, 2.036786757640998979e-01, -5.183466088001846550e-03, -1.607153604060188590e-01, 1.045669404802628683e-01, -1.790454823805656334e-02, 2.312269447784585583e-02, -7.015693227198328830e-02, -1.703807784247959312e-01, -4.713535841436326118e-02, -2.340932251342387437e-03, 4.108966216430334079e-02, 3.526594188146757458e-02, 4.577964249594270937e-03, 4.922290066401701367e-04, -4.602555455676923812e-02, -1.963405636673502264e-01, -2.783957628230773196e-01, -1.078747307824241414e-01, 1.839717360752229913e-01
-5.401621700093677675e-02, 1.242293315017959920e-01, -8.866313758527120947e-02, -1.109040486255692126e-01, -1.847299727921820345e-01, -2.399968324499545669e-01, -3.869007532229323809e-02, -1.701516203591379728e-01, -9.522010407260611542e-03, -1.944707166249218799e-01, -1.460282418053742426e-01, -9.736295637093927979e-02, -6.547154942849327253e-02, 1.368238656175072288e-01, 1.570578690900780588e-02, 1.836631865272282393e-01, 5.753474074988768061e-02, 4.279382726314430452e-02, 2.895805880788404271e-02, 4.608971114792390772e-02, -1.159869565017412757e-01, 8.819154083072217043e-02, -1.488700117866280370e-01
1.504568461080300623e-01, -5.156575178112308977e-02, 4.065174300185957906e-02, 2.019223768110832429e-01, -2.605974269583876432e-04, -1.744637831343126902e-02, -1.277513960005889349e-01, -2.107725471122623984e-01, -1.288494698983890241e-01, -2.093613765215310285e-02, 7.954667465029670315e-02, 5.133834081771208868e-02, 3.722542986887487082e-01, 2.528460592433401377e-01, -1.588415257435347450e-01, 8.019006273661669071e-02, -6.639528919513669469e-02, 1.172481076256479821e-02, 4.280174324087811927e-02, 1.766363957346721997e-02, -1.095601678696442594e-01, -1.296585036904701338e-01, -8.541142197777612521e-02
1.159726034991408611e-01, 1.416818978625871694e-01, -1.349634385016991976e-02, 1.791161988181794520e-02, 4.222436692592042295e-03, 1.095976033340035835e-02, 1.227435275238345502e-01, 8.127594811581570489e-02, -3.837603301606293260e-02, -6.327029170683524939e-02, 8.243924933129855026e-02, -2.735671168369802064e-02, -1.857296422904065533e-02, 2.322241875175641290e-01, -1.258234189715258800e-01, 1.908008654463790379e-02, 1.681172701779469203e-01, -5.860000414551842784e-02, 4.686047092238959655e-02, 7.980224043149669599e-02, -6.911384092726333139e-02, 3.896310285844238608e-02, 2.292521702960794439e-01
1.434318163205530183e-01, 2.109749444223351367e-01, -1.619102938246560208e-01, -5.187126869548396024e-02, -9.350661522247528945e-02, -5.661532580652177751e-03, -1.747263252158208768e-01, -4.489598436836830103e-02, -4.324894871765681825e-02, 8.446632853461980006e-02, -5.649519107121538097e-02, -5.639765809659498877e-03, -8.462082088328184981e-02, -6.036705066743901921e-02, -3.298948153894517145e-04, 1.526780649613453458e-02, 4.565369921145581017e-02, 8.865397475308565631e-03, 5.131117543844070095e-02, -1.689615091653019763e-01, -1.159040744492735309e-01, 3.853589375125728855e-01, -1.742899620602045285e-02
1.311990959166478843e-01, -7.464369194040318400e-02, -8.066411522531008460e-02, 3.832855857560231450e-02, 1.669603266687167964e-01, -7.744663684996777597e-02, 2.014686535852720228e-01, 2.313645360428889519e-01, -8.228647819172467404e-02, -1.030669076344914827e-04, -2.206014118794668855e-01, 2.427667995970348921e-02, 1.406250856882534095e-01, 8.557459997982377886e-02, -5.875460809401936851e-02, -1.250342081899883107e-01, -7.774791174545006567e-02, 1.024053023889380867e-02, -5.149594705552704155e-02, 3.842596457152246819e-02, 2.820599351740649130e-01, 3.050371107861965178e-02, -1.568693360211625143e-01
5.539891608329961664e-02, -2.935002017801355972e-02, -1.042157026683593196e-01, -1.346549904922622054e-01, 1.493910500483769648e-03, -1.355673056417399103e-01, -4.289828813422366660e-02, -4.030733446680886262e-02, 1.455102191363344876e-03, 3.497224842163538377e-02, -4.005349613986346896e-02, -1.471294174201223139e-02, -1.492387784964345487e-01, 5.748059515739282338e-02, -6.679986578590092761e-02, 3.225330935481848793e-02, -1.105512102005309361e-01, -5.172997990393803786e-02, -6.557151779734002317e-02, -2.703162552261513529e-02, 1.177054653414581209e-01, -7.158302332524101030e-02, -1.483245812139001862e-01
-1.060790928575263553e-01, -1.599047615416957779e-01, 2.314182058821552188e-02, 3.049275153414432796e-02, -1.481153893782631743e-02, -1.205173434949087657e-01, -6.040160945280686339e-02, -2.062197658770137387e-01, 6.205256390648761916e-02, -2.661054998061422941e-02, -1.338936676289927685e-01, -3.746015557690410974e-02, 9.772005239068946858e-02, 1.710514029493723220e-01, 1.364730009202759775e-01, 6.838793232535107791e-02, -3.465300335421341352e-04, 1.689816611515317923e-01, 1.031205019640416415e-01, 1.032550806825371648e-01, 2.418178921306083917e-01, 3.368595529212378703e-02, -6.817803871887390121e-02
1.630936951660564849e-01, 1.188213662621516870e-01, -4.349651196643519561e-03, 1.009294054144787983e-01, -1.440034887571805811e-01, 2.144735489539220663e-01, 8.853490170620682831e-02, 1.500480833953082294e-01, 4.047530239165360311e-02, -1.512293911065277704e-02, -2.366191477860881548e-02, -4.721538659182556580e-02, 7.947342701309155488e-02, -4.722692336814876546e-02, 7.652323294807983345e-02, 2.756604375054178338e-02, -2.699835309676027265e-02, 5.332564253379369623e-02, 5.433890425651879443e-03, -7.314140070816398109e-02, -5.331275726455184539e-04, -1.286997443028308208e-01, -6.023631960563081977e-02
-3.441403015908899715e-02, -2.589145175954438716e-01, -1.897365933120011561e-01, 1.392486104833609017e-01, -2.445386054281032118e-01, -2.136274395219198985e-01, -1.172082931803151012e-01, 6.309112893127170885e-02, 5.620763071883080886e-02, 5.999195759326920487e-03, -7.569198774387490836e-02, -5.212640331870220523e-02, 1.045477495635066395e-01, 2.515651187539210895e-02, -5.380969158027405080e-02, -2.879070638237384884e-03, -6.356408826462627004e-02, -1.307289983098751940e-01, 1.382786589600842539e-02, 3.719919261692269941e-02, 8.163661999333698960e-02, -4.973481909222618458e-02, -7.281560942825016092e-02
1.272973111889994235e-01, 3.463088042227384367e-02, -8.385117073950283662e-02, -1.269486674663593793e-02, 5.899460042525304926e-02, 2.140728976092870217e-01, -7.653028909826868620e-02, 3.959310975696758717e-02, 1.446614502898138921e-01, 3.798588255229932986e-02, 3.172170896369781445e-01, -4.302657602785597835e-02, -3.938406706414573216e-02, 7.722319272536454227e-02, -1.566797876934820644e-01, -5.454645701076812903e-02, -1.212547905614189403e-01, -7.945890503493291054e-03, 1.613853230103161618e-01, -6.400721665341210787e-02, -1.646527220978380723e-01, 2.117383102976004225e-02, 1.563366455199751981e-01
-1.287408605775534343e-01, 1.008407298263531808e-02, -8.880687029609074523e-02, -1.272803295928025269e-02, 7.229830222385674743e-02, -4.696238680590855696e-02, -5.527285958474650179e-02, 3.665154423323279537e-02, 3.524570935369558677e-02, 1.630237325911794433e-02, -3.529206184119439843e-02, -5.247921269114141918e-02, 4.555255281554956293e-01, 2.413598910504456130e-01, -2.742508140979655895e-01, 4.401455756115372348e-02, -1.472245422171773212e-02, -6.555613437386639819e-02, -2.715650852507937585e-01, -7.782357553319337040e-02, -9.755634633404430822e-02, 1.406101692256241376e-01, -1.346341324550300728e-02
-3.195922513292851624e-02, 5.271228634160774612e-02, -6.598231429527678937e-02, 6.309556611681900462e-02, 1.637543297500797593e-02, 8.219733082055376283e-02, 6.673910279782035992e-02, 4.771507058910738619e-02, -1.164727358475760866e-01, -1.389850558823967908e-01, -1.356534712247238310e-02, 2.464158891487814862e-01, 3.263428963264690674e-01, 1.383899036659198278e-01, -2.864270437694347304e-01, 7.528931887351406060e-02, -1.626995418587571943e-03, -8.292395254289938733e-02, 1.453452273953736162e-01, -2.779316807348669593e-01, -1.472274263890605284e-01, -2.658126429837185181e-02, -1.526383254893559360e-01
-9.239882761286405399e-02, -1.626279326113070356e-01, -3.241380308911861324e-02, 4.601112677782422805e-02, 1.344243985927297963e-02, -6.926102194339239793e-02, -1.029739671999756329e-01, -1.659583768203336807e-01, 5.065123234563547600e-02, 9.198781633272503505e-03, 1.292624360752121504e-01, -6.336120370724525504e-03, 5.160349954069332751e-02, 1.035308839374884798e-01, -1.968084432445804388e-01, 5.430175809765255129e-02, -1.310493036043688594e-02, -1.604397238284911709e-01, 8.568885052178765172e-02, -1.862108787132607524e-01, 1.152226926718685485e-01, 1.630468087229038077e-02, -3.693702673834838024e-02
3.057744673468192412e-02, -1.892367143315291933e-01, -4.423866367030056257e-02, 2.933045149274308636e-02, 2.436567300052298185e-02, -1.631821836999290448e-04, 6.885749745724779880e-02, -4.513830149648170864e-02, -8.724557686881510843e-02, 4.324653419182659941e-02, 1.262250900581205482e-01, 5.640191320261572772e-02, 8.224707480703832840e-02, 2.997572088709337668e-01, -4.824262645068477101e-02, -3.216669985723252106e-02, 4.348795335778510990e-02, 2.024421207282978141e-01, -1.136994085670047366e-01, 1.530952746873948389e-01, 9.631522044558300799e-02, 1.113702430164949936e-01, 3.177109294299227948e-01
-5.893183894078090485e-02, -1.313287839798208123e-01, 3.137497777264644516e-02, -2.450841493868078508e-02, 2.826580470152904589e-01, -2.105311251834912981e-02, 7.172792561821511592e-02, -8.502117818795883186e-02, -1.151672957373080092e-01, 5.948862022729981686e-02, -1.319685751415712984e-03, -2.699067732316979829e-01, -1.580792244283444614e-01, -2.288472701898283945e-01, -6.769141660747998723e-02, -2.563636537800884768e-02, -8.625731363437182109e-02, 3.022860628368113922e-02, 1.187700672677625136e-01, 4.362090038494719629e-02, 3.530649566372816989e-02, 7.561290742689716349e-02, -1.091081204503789731e-01
4.560049861529768406e-02, -1.739547332297692595e-01, -2.402139278663681723e-02, 1.271309687355806350e-01, -1.064119499311311640e-01, 1.361065996504675912e-01, 1.165026035931764348e-01, -1.031426294186446047e-01, -1.199763826635936656e-02, 1.432605496115573473e-01, -9.373704109700169151e-02, -7.793079985144521493e-02, 8.943598361149761311e-02, 3.685647606109800356e-01, 2.855442246612540508e-02, 1.586229580490942925e-02, 1.755739275067381283e-02, 5.300706021670523876e-02, 1.916957553944264800e-02, -4.471753166617117164e-02, 4.972620414164928559e-02, -4.413580494001366483e-02, -7.526757207276241202e-02
3.165141777663701278e-02, 1.463288675179775511e-01, 1.524976956802225891e-01, 8.221320488193809006e-03, 2.105302993814403903e-03, 1.006347185610201311e-01, -1.433961821478837440e-01, 5.843447879102402209e-02, -8.586384277654348154e-03, -8.542425702657249764e-02, 1.982703071771715897e-01, -3.696924814642739421e-02, 1.351167612703959020e-01, -6.271769845368502239e-02, 6.597855800782043145e-02, 4.963225206295167335e-02, 1.202340625892784204e-01, 2.318287013313236888e-01, 1.595367151702567765e-01, 8.721502162100748523e-02, 5.937510850746236662e-02, 6.217253247737287297e-02, 5.412706501744770499e-02
5.929115731185640586e-02, -4.915008804297749112e-02, -1.447202655007180094e-01, 4.221124808276800061e-02, -7.757700607612275090e-02, 6.312739440294623527e-02, -1.203125080425354182e-01, -1.445353682958587793e-01, -3.337869693139367683e-02, 6.304250820499843200e-02, -1.062472026119012786e-01, -3.020119590397043335e-02, 9.297427159086277607e-03, 3.634225625859977687e-02, 5.874839539845343878e-02, 1.439531859600420571e-01, 1.493354262795532628e-01, 1.274856719669413829e-01, 4.279023713575776100e-02, -6.069763073164474720e-02, 9.832651854399332078e-03, 2.228445336118135833e-01, 2.481734717565490730e-02
-1.476325953728833407e-01, 1.693652540336620244e-02, -1.808744594660478822e-01, 3.371795538227576050e-02, -2.189880640574154713e-01, -5.119901146749039622e-02, -1.333556590512473550e-01, 2.920106887685614688e-02, -6.462764142612209550e-02, 2.537999836922108163e-02, 1.829319703904429273e-02, -2.519614679423962458e-02, -9.691353998958651683e-02, -2.283710724439921014e-01, 2.130768633415752386e-02, 3.343673273737671758e-01, -7.204563213809231370e-02, 1.859511759445312273e-01, -7.958165303119359157e-02, -1.662059281962608576e-02, -6.241858503023976767e-02, 4.132759356761369490e-02, -6.238817176853444363e-02
4.935570294561262422e-02, 4.504161666468579212e-02, 6.715061655792653461e-02, -1.612919423700877597e-01, 1.622482964042379072e-01, -5.463921077273050861e-03, 4.102833891613350686e-02, 1.602783682060067161e-01, 9.113738836560157652e-02, 6.235444909805132330e-02, -8.568396734318226016e-02, 7.912383406206524583e-02, 1.826166920690227846e-01, 1.694342235601992066e-03, -2.923266102804607247e-02, -3.680420718071197167e-02, 1.448280824476574358e-01, 1.457374750804260599e-02, 1.594658717742994947e-01, 5.158798214376776603e-02, 3.434106523812630041e-02, 1.037145489105509126e-02, -2.159489891813642926e-01
1.730643700691651132e-01, -1.613717625408081779e-01, 3.250112339765764968e-02, 1.878928387373398623e-01, 7.844848956070907264e-02, 4.282267474684842840e-03, 2.614784869773602305e-02, -4.001921527203822215e-02, 2.193466898798464293e-02, 1.689665348924326016e-01, 9.200072875938304640e-02, 8.244164745800987293e-02, -1.062147838419129076e-01, -1.437205575864173857e-01, -6.556378845644494913e-02, 3.892191850682821114e-02, 6.886614622805312114e-02, 1.475306082231476468e-01, 8.557381898200304426e-02, 4.060535749818470347e-02, 1.523632146407195020e-01, -1.837321739401177184e-02, -2.460919678769692420e-01
4.805812013877798494e-02, -9.774671914024049557e-02, 5.794372117165778879e-02, 3.211554210577099999e-02, 2.689085470096142308e-02, -7.712160016114481820e-02, -2.231211408408541666e-02, -6.028208761884873423e-02, -3.495049721881677424e-02, 4.453911474664227349e-02, 1.826433258724116052e-03, 1.603613908675667263e-02, -2.219124841464638342e-01, -1.067232124482932754e-01, -2.007395291936312290e-02, 2.317365320083633953e-02, -5.302292456832701645e-02, 2.206828949113773600e-02, -3.792448695423852878e-02, 3.126117278828745016e-01, 3.969873500642527586e-02, -1.963395362750927908e-01, -2.650075529445870826e-02
-7.805387306990321794e-02, 2.310306316767680723e-01, 9.066102514399868029e-02, 2.038875429506519232e-01, -3.167756608807110325e-02, 3.241293085630968934e-02, 6.996922673704443485e-02, -9.903062839901424774e-02, -2.506740249152357158e-01, -7.590968341073924333e-03, 2.907338296008216694e-01, -7.423017866710013291e-02, 1.090214943260714164e-01, 7.885237487958841884e-02, 1.411030155825674648e-01, 4.982778352577838660e-02, 1.256055526701170821e-01, -1.164936183559493466e-01, 2.025323794089998464e-01, -1.557644974282508532e-01, 9.073018500574191875e-03, 5.096086064280191952e-02, 1.412037755683144546e-01
-1.295882220903810111e-01, 6.534811723557672203e-02, -2.740772476376649759e-03, -1.029703127263645324e-02, -1.491287091695807088e-01, -8.788817202585864907e-02, -7.225440510944872163e-02, 5.782950679438574049e-02, 2.029151212822366268e-01, 4.888688403439674091e-02, -4.802019818850107764e-03, 4.878016092157799050e-02, 3.741767777909132085e-03, -1.908124910891832726e-01, 1.435666334081785733e-01, -2.361527978955569318e-01, -1.528116210936365316e-03, 1.144240955456261727e-01, 1.662555850603096019e-01, -2.538517521883250014e-02, -1.008204486158917612e-01, 1.451759303374222654e-01, -7.483604691185474778e-03
1.126439596987083847e-01, 3.174296885163174764e-01, 6.323074730462923797e-04, 1.000065327743736437e-01, -2.341667129528928262e-02, -2.515738214431318398e-01, -3.271918569091738505e-01, -1.953179021912573310e-01, -3.501389088234217739e-02, -8.056754561216843136e-02, 2.549539089412294901e-01, -9.231271002583507634e-02, -2.460554475527765572e-01, -4.110196248849187772e-01, 6.912298639965554214e-02, -2.087104802454768093e-01, -2.128900700880672625e-01, -1.254263860495360705e-01, -2.031744375973013883e-01, -1.702810920568520459e-01, 2.258054101320247989e-03, -8.646589921360396669e-02, -7.747083209129085324e-02
7.757666514094792298e-02, 7.080521223874093328e-01, -7.712581485079567263e-03, -1.139153300992082479e-01, -4.241420630952666415e-02, 1.419941875167815004e-01, 4.104801124393756689e-02, 8.362837497709738055e-02, -3.834664596236986994e-02, 3.239808953107302103e-01, 2.773685060133679881e-01, -3.965334442540124349e-01, -5.265834433113372182e-01, -1.372972450578876291e+00, 1.049572796039067307e-02, -1.615883831735064891e-01, -2.815811423808361469e-01, 2.401593707222880129e-03, -1.451491056569102212e-01, -1.255492709513044702e-01, 9.226240685037970235e-02, 9.844599602183272402e-02, 9.542699162923683198e-02
-6.243388496319970254e-02, -1.867161720596557106e-01, 4.010969181305677062e-02, -8.720841512974539245e-02, -3.247665593990677751e-02, 5.446269038556364461e-02, -1.387506181633167135e-01, -1.351075100115858574e-01, 8.005106190007546529e-02, -2.316014340851546907e-02, 2.342281176451015967e-01, -4.511595164479340059e-02, -8.369459144352935087e-03, 1.205922299840003625e-01, -9.577259258156663180e-02, -2.529347354025090686e-02, -1.092163994389493825e-02, -1.329899437045148625e-01, -1.216615801248835532e-01, 4.410570672945482440e-02, 8.103807951556774025e-02, 6.189934122925735277e-02, 1.538570538896299848e-02
-8.001963701444170241e-02, 4.137779038708438994e-02, -1.928785562093053921e-02, -1.611568552116060885e-02, 1.290092462993406575e-01, -1.307529891147128642e-01, 2.877281164137578812e-02, -1.142875631155610833e-01, -2.247588761499028365e-01, 6.843560071335592909e-02, 1.047018180777322879e-02, -6.667756627880440379e-02, 9.429592324625113431e-02, 6.354676781136184283e-02, 8.106792833855663849e-02, 1.233361433745070318e-01, -4.320515038895907101e-02, -4.529748681021259632e-02, 9.305587683804431021e-02, 5.752977305999926877e-02, -1.747784883582472956e-02, -5.015215351995809187e-03, 1.716870801100562893e-01
-2.477138060280950627e-01, 5.391172619812172051e-02, -2.133888902829127188e-02, 1.286518874095606557e-01, -2.351054129249172120e-02, -8.046623947511612196e-02, 6.631310115272612271e-02, -1.336143767061042931e-01, -1.227975987939859126e-01, -9.973519262476375838e-03, -2.431049210731870136e-01, -2.260079397018328329e-01, -3.672598586171439694e-02, 2.038954555341192243e-02, -5.667810137303181534e-02, 4.575581761549674109e-02, 7.775106588719611633e-02, 7.214820636755147135e-03, 1.894909334603511741e-02, 5.426920993180684577e-02, 1.248853880641548168e-02, 1.443657680770684681e-01, -6.075521043950533190e-02
-5.074650108440121460e-02, -1.895092751121874031e-01, -6.798128011147758221e-02, 6.437385987108261431e-02, 8.747032655966188730e-02, 9.813071354697793305e-03, 1.938466242185118982e-01, 1.227795127505924150e-01, 1.212821256956960192e-01, 9.228458009760329150e-02, 3.371135787973537218e-02, 1.195495306085855580e-01, 1.755892881056093924e-01, 2.437568300050006465e-01, -1.925328472751575148e-01, 1.888423067066921091e-01, 1.019854821132151340e-01, 1.152114266982333379e-01, 1.206931361566155811e-02, -1.073012280154688955e-02, 1.569601049186531705e-01, 9.919626871403838808e-03, -1.212843185852759409e-01
-1.037977783721886621e-01, -6.357548725788413346e-01, 3.583396401520933666e-02, 1.524360291772794695e-01, -1.808414049228133091e-01, -9.081293515977804584e-03, 1.071243402005589845e-01, -8.760283644933919422e-02, -1.036616690495675286e-01, -3.034125686737213501e-01, -1.421804730801848882e-01, 2.680977123135782625e-01, 5.112983454599627775e-01, 1.239360130067829413e+00, -3.670844891242492931e-03, 1.331973610583650769e-01, 2.659887538765127665e-02, 1.014429911665477857e-01, 2.818603454980207479e-01, -8.133867082740836585e-02, 1.067081149328065470e-01, -7.508786165435955839e-02, -7.570820786014725856e-02
-4.452154370049784399e-02, -9.118545631678733887e-01, 7.656471891434440957e-02, 4.862098286333024072e-02, 7.393598488861344298e-02, -2.638021161835709671e-01, -6.961354285608320480e-02, -1.758821859186767977e-01, -2.130012326321465421e-01, -1.264894194133596161e-01, -1.223544637266356649e-01, 3.736753989590683167e-01, 6.951121137929995308e-01, 1.744524852852434638e+00, -9.658325260166869541e-03, 2.348095344256876937e-01, 5.051711893439692069e-01, 1.021839839503652370e-01, -9.708251990189555340e-04, -7.647797262697361709e-02, -1.481871930032605325e-02, -1.951833136738419516e-01, -2.682741673189566189e-02
-1.126934509303445520e-01, 1.122541202703493113e-01, 1.401037812594577714e-01, 6.345663259904250897e-02, -9.403326564513952990e-02, -3.387899975323889999e-03, -3.827289313457581110e-02, 1.702785972096598419e-02, -5.514251109516785793e-02, 1.071178796693361412e-01, -1.139428564372870628e-01, 6.062615450275406215e-02, -7.565948964044013313e-03, 1.714299433054984056e-01, 1.428496494036743392e-01, 1.068573819419726956e-01, -1.336000259833133585e-01, 1.467617414564111912e-02, 1.264540281591234605e-01, -6.657671291533649727e-02, -1.169611582957108264e-01, 2.276028185065212192e-02, -1.835793185194641575e-01
-2.341394380083672982e-02, -3.562183457990929919e-02, -3.382547482415177581e-02, 9.170071320297676354e-02, 1.611000516164842744e-01, -1.249383905949591200e-01, -4.223868253062843664e-02, -4.473807867128607590e-02, -6.957770899514713336e-02, -1.238234273701784571e-01, -9.770733147471306890e-02, -1.296713094746124173e-01, 3.252785031803256260e-02, 1.704196715397837958e-01, -1.425070517814341076e-01, -3.584152538906507091e-02, -7.428314992230308778e-02, 1.275420485357958711e-01, 8.391647479862755776e-02, 1.105825984284492403e-03, 4.381503037319710303e-02, -7.082602656448325207e-02, 9.866542598545911813e-02
1.922600933080376995e-01, -1.667625431525485147e-01, 2.338503642613717556e-02, 3.357828667410556189e-02, -2.867955393643148443e-02, 2.307615897509975311e-01, 9.933683866206582946e-02, 5.086361295944560185e-02, -5.965069628920078269e-03, 1.095021819970942722e-01, 1.523214619284917748e-01, 3.718299752161471016e-04, 1.556996357871143766e-01, 2.228581131932281800e-01, -1.380217316487327150e-01, 1.306957922902690361e-01, 1.203388865727634260e-01, 1.288475490172204529e-01, 3.762701117234914377e-02, 6.747661121951019358e-02, -2.380080770170677970e-02, -8.847326534249284891e-02, -8.927683810388177543e-02
-2.229513528321077492e-02, -6.030841755501252788e-01, -6.839643538289844060e-02, 5.943594366125871942e-02, 3.578090267937104191e-02, -1.279798307778824140e-01, -9.962552688998309314e-02, -1.686363853532652224e-01, -1.796243708603579570e-01, -1.968443570568923495e-01, 1.673721589942782917e-01, 5.224018906244239785e-02, 4.909570440156847959e-01, 1.192576182674031093e+00, -4.511889369506876316e-03, 1.497246753444045342e-01, 2.249331976963881985e-01, -1.831031270694142774e-02, -4.807581898441777579e-02, 7.661356600653206061e-02, 5.509322831373282374e-03, 3.233359175855649720e-02, -1.808213750483691762e-01
-1.193669510599381367e-01, 1.348215687420020181e-01, 1.138320524207399598e-01, 1.716280975629716488e-01, 1.507409726062755029e-01, 2.465014863695795186e-02, -5.728175700220809741e-02, -1.743868822615182116e-03, 6.106305703105694566e-02, 7.450485363448951237e-02, -2.820158058918683167e-02, -4.923349325624146872e-02, 1.247128068498501441e-01, -3.495882657319929893e-02, -3.303027573710862891e-02, -8.259184483610797212e-02, -3.261199279823962655e-02, 1.975424745717691555e-01, -4.844269715468483423e-02, 1.057761550733411632e-01, 4.037750453177133513e-03, -8.582517270177636437e-02, 2.860026692100486878e-02
-9.474052754491155137e-02, -2.104815003367284665e-01, -1.540723450746966372e-01, 6.243096211841332732e-03, 2.544639983583439971e-02, -3.187380517907402455e-02, 7.225590922941441119e-02, -7.211827987788287098e-02, -6.715940529910088830e-02, 1.956842551056650961e-02, -3.416193586843510599e-02, 1.343353778805048415e-01, 5.688110540579748020e-02, 1.231549498874357374e-03, 5.876239657882125628e-02, -1.128699524715880143e-01, -1.703302790059354199e-01, -7.239655649324128195e-02, 8.435853919144124802e-02, 2.526118772921918249e-02, 1.719332175783247138e-02, -5.365278978980336788e-02, -9.597777562656865588e-03
-8.125081978400136573e-02, -1.655079043303209763e-01, 5.741635384145076654e-02, -3.356604659529024287e-02, 7.462006660021743010e-02, 8.274126699746160718e-02, 1.077576842571830174e-01, -1.483161042192208401e-01, -1.240725418165182156e-02, -5.128321697047317357e-02, -7.302025764380681849e-02, 4.230710741921461793e-02, 5.841322282050100123e-02, -1.059953443227500958e-01, -4.322288438666458538e-02, -3.438554075997269505e-02, 4.584488402522206296e-02, -1.244226069582323596e-01, 1.200822804711707825e-01, -2.051115505422395624e-01, 2.230467384880771217e-02, -1.551433180085935171e-01, -9.250012217710570916e-02
-1.677500788681933475e-01, -1.621937460500894046e-02, -1.377365868721534270e-01, 5.917599668710148142e-02, -5.371589235169618032e-02, -8.970945211566725211e-03, -1.704737960458945212e-01, -6.173444437206596774e-02, 3.536241011828637065e-02, -1.036434480370857503e-01, 2.768763238124029216e-03, -1.264050384061845070e-02, -1.785760459263990574e-01, -7.022570805800668059e-02, -9.594635986051587573e-02, -8.311255146318229092e-02, 1.086434488306609394e-02, -1.876818632059907709e-04, 1.775921753262043046e-01, -3.944428247812865884e-02, -6.052516194165750291e-02, -2.488550065439832509e-02, 3.796288554210348193e-02
-4.601839043516710130e-03, 1.003327943130726263e-01, 6.421693705215637815e-02, -1.626476314034994430e-01, -7.585447655617484630e-02, -7.356559705050730313e-02, 1.350917988518533829e-03, -7.751629937909733370e-02, 5.829827529381692575e-02, -2.914168514882619146e-02, -2.818796113491499680e-02, 7.263765447521028373e-02, 6.897014976968834921e-02, 8.391473597429985332e-02, -1.960681932426881768e-01, 1.501482596396562855e-02, 8.795394947824705656e-02, 1.698838550662833125e-02, -3.792774992428320918e-02, 1.033521216311341084e-01, 4.691542240603502334e-02, 4.511758546664433600e-02, -1.649191778504796868e-01
2.897662181575425544e-01, -1.829564120135779293e-01, 5.317253691284937363e-03, -2.872751111080563361e-03, 7.661228703635578063e-02, 2.948878859966285737e-01, 7.788714437819849179e-02, 5.554206451864832084e-02, 1.104370253942734414e-01, -1.193529081422312066e-01, 1.816541024738307086e-01, 1.063095861423562771e-01, 7.429601117244984121e-02, 1.910991194701321672e-01, -3.062262839885058693e-02, 1.307805352064080051e-01, 1.162437961184381585e-02, -7.061401065487425688e-02, 1.267220982873532853e-01, -1.067878074485035730e-02, 1.316510655024255225e-02, -9.848419747899622712e-02, 2.649331602529281238e-02
5.140575316735215838e-02, 1.202904159563776693e-01, 7.557491059056033016e-03, 6.754365183426883079e-02, -2.007080850124301763e-01, 3.270372716111576844e-02, -3.860774848225113909e-02, 5.302880739780151120e-02, 1.782516915063199203e-01, -1.327637244337899758e-01, 4.081351436250804654e-02, 1.894846045824189473e-01, -7.869648321855893247e-02, -2.635194449918850171e-02, 7.183208024360210331e-02, 1.739500436401684169e-01, -7.998095705991489779e-02, -1.407176286685712097e-01, 8.222667096885734328e-02, -1.166639213730686769e-01, -9.362899998025727213e-03, 9.132818179673270198e-02, 7.090284378228131623e-02
1.872626743432281513e-02, 6.224919767643612850e-02, -1.558457507058132741e-01, -5.000825608500774483e-03, -6.187393751053155838e-02, 8.144513753671046852e-02, 1.486783100235667711e-02, 1.166024476662574361e-01, -3.345928891748125439e-02, -3.553047072629916814e-02, -1.536579582466759963e-01, -6.494396786917612518e-02, 6.694851250759784045e-02, 1.558765296893730758e-02, 3.247844696862662445e-02, 3.260223348912383995e-02, -4.051968812286721455e-02, 6.700435406121006687e-02, 1.451686125455538545e-01, 2.548238233751280446e-01, 9.142572592107976737e-02, -4.385706673972274844e-02, -1.928798389778104208e-02
-2.776879616005100901e-02, 1.877273852966533391e-03, -1.411022273002743854e-01, 1.223563897095280711e-01, -2.544454579080731582e-01, -7.399532706495969003e-02, 2.024406452239401744e-01, 1.110576756369621026e-02, -3.708260395106672408e-02, 1.833089758182206985e-01, 7.491817978178326107e-03, -7.946777656304682136e-02, -9.782042822342966459e-02, -1.041782081657183362e-01, -7.555197169050706374e-02, 1.024891030398043523e-01, 4.236725477073711998e-02, -2.723669919647596083e-01, -1.419265914974997822e-01, -2.188767045150032120e-02, -1.410189239190966747e-02, -3.227262531377897425e-02, -1.029569193246859943e-01
3.740188808115827573e-02, 2.571206804838119253e-02, 4.048094227854748955e-02, -7.875906194826758078e-02, 9.799868708740068490e-02, 8.437932681949443514e-02, -1.670924889168406979e-01, -1.782571158305616341e-02, 3.100972218411795610e-03, 2.979977253027846218e-02, 1.630970861491986418e-02, 6.215924786525697798e-02, -1.109302638018600309e-02, 5.068987848719697098e-02, 1.331136680126976113e-01, 5.213124561733668144e-02, -7.729093367863859587e-02, -2.771108989646852913e-02, 1.602689140639948218e-01, -4.897758313060754376e-02, 5.557341028162333246e-02, 1.090851310625439580e-01, 6.803513314765701966e-03
3.846741707920287370e-03, 8.594451639648836849e-02, -8.082718750388824536e-02, -2.684415860599945192e-01, 2.268683398658623632e-02, 6.835957671340335551e-02, -5.729586202804251745e-03, 3.079490133582339362e-01, -1.426008304620976774e-01, 2.370626712648591164e-02, 7.826409861452417183e-02, -5.025994959127213363e-02, 1.381241203765174418e-02, -7.249304879785690992e-02, 1.422007927700542074e-01, -1.767325168584411021e-01, 2.557697842705263652e-02, 1.899387879971801141e-01, 1.253107159098240707e-03, 8.323909863538135612e-02, 1.019245633263941714e-01, -8.639214512848308186e-03, -2.350187898843699580e-02
-1.156490052580690930e-01, -2.972954167154818750e-01, -3.760020732032986340e-02, 6.317182848700460263e-02, -1.126703817882805658e-01, 1.582104629030517962e-01, 4.102941210438672964e-02, -4.063265750269803162e-02, 1.050280176074522703e-01, -1.594284601332900952e-01, 4.484319653091902586e-02, -1.229871571565641919e-01, 2.344121529778381841e-01, 6.012632339001827697e-01, 1.872809552108112285e-02, 1.386272538254326447e-01, 7.449667510260706005e-02, 6.191035528983661329e-02, -2.088030091988315740e-01, 5.206557894952641707e-02, -3.277355845916639088e-01, 1.759934907094048151e-01, 3.161457629939777580e-02
1.364634830310391678e-01, 1.823774270655528218e-01, -4.047289434684229331e-02, -3.315218683838986463e-02, -1.094037586762753034e-01, -7.360924696381505872e-02, -9.811616950227741718e-02, 2.640738222417293724e-02, 1.391794210758452721e-01, 6.661688409056773508e-02, -5.214294023122004185e-02, 1.908455243559866593e-02, 8.823898302151035600e-02, -8.413737545465883871e-02, 1.096256641708850676e-01, 1.598077642716546135e-02, -4.740645293508728708e-02, -7.525237425725138374e-02, 3.321205145269414544e-02, 3.622605929861519476e-03, -1.992640514813222574e-01, 3.499663038798005166e-02, -8.307868562054260275e-03
8.012305880421755067e-02, 1.542477551346779427e-02, -1.702855005987982118e-01, -4.249537846341108760e-02, 1.824305278898614296e-02, 2.666905650326241439e-02, 2.011130593977697098e-02, -1.694638786614150183e-01, -1.406472216054601397e-02, -1.658596974333783336e-01, 1.397626360945209423e-01, -1.089079986333445493e-01, -6.609141321055654605e-02, 1.985569845143876078e-01, -1.028071926449140028e-01, 9.350588945983211858e-03, -1.456450277708650209e-01, -5.742568100285239119e-02, 5.075017091018212828e-02, 6.705806467883141872e-03, -6.552194369283427522e-02, 2.153417874702611978e-01, 7.083740604458534096e-02
-3.436791118654987376e-02, 5.906904442360595003e-02, -4.280373450547253489e-02, 1.119216605809358195e-01, -8.230990334466767311e-02, 2.529760957542018240e-02, -9.015764408294875409e-02, 4.064751248379226689e-02, -8.232719243933223074e-02, 2.465117348244971404e-02, 9.175604468121198454e-02, 2.110831215247814807e-01, 4.625501442716973416e-02, -8.800626895988969411e-02, 1.541073020283560413e-01, 4.156088692793968864e-02, 1.520435610388193581e-01, 2.004614515373844552e-01, 4.234034877050205786e-02, 2.033953805427120842e-01, -1.790715362629974328e-01, 2.321911674122793812e-02, -3.686789416983030782e-02
6.104772738664584336e-02, -1.192448405889888763e-01, -1.856276025423491127e-01, 7.625664780526705822e-02, -1.282288131745186639e-02, -8.687260850437403259e-02, -2.056263965927639797e-02, 7.015746915283341267e-02, 1.629468386295322979e-01, 1.299732699155824733e-01, -7.408833308360199266e-02, -1.277948689015254158e-01, 2.137901457661993757e-02, -1.419526033464909263e-02, -1.601097488515891565e-01, -1.176805196853744906e-01, 3.459058167002890347e-03, 4.461367377728488876e-02, -4.162729278046854720e-02, 4.555276914962397283e-02, -2.188149395928334906e-01, -1.634892610220012657e-02, -1.581558300730922725e-02
-1.188358496155341240e-02, 8.035882226264556838e-03, -8.137659064230201578e-02, -8.937023533194016212e-02, -2.471064894992790473e-01, 1.216026558478065372e-01, 1.305324503168686368e-01, 6.232472523184922654e-03, 1.336647917761457638e-01, 1.206224564302555702e-01, 3.384021946994367896e-02, -1.649690085985345417e-02, 1.720018780517422810e-02, 1.626834598955005373e-01, 4.144578007389097124e-02, 2.291251517795832651e-02, -7.523766702981564414e-02, 5.984953082603460678e-02, -7.692657345875485164e-02, -6.812194567835645753e-02, 4.610760288333096146e-02, -4.413807047380054194e-02, -2.777369060740998014e-02
-5.994038390833347600e-03, 2.029328263161669921e-02, -6.272916390683619392e-02, 1.325727497593731097e-01, 8.453262328220063557e-03, 6.819156983500120062e-02, -4.840351359798949343e-02, 1.362508980353518417e-01, 4.053140304406896606e-03, 9.909507956394929262e-02, -3.607698980163116104e-02, 3.834479057590418904e-02, 1.622300738335419323e-01, -1.595878451083744196e-02, 4.955973691129356845e-02, 6.469224962769080933e-02, 1.156400304246093108e-01, -1.364987827812178534e-01, 1.181064620511678397e-03, -4.096468035782587641e-03, 2.181220720304385963e-02, 1.277006853845639722e-01, -7.230102625649005577e-02
5.582970086787600317e-02, 6.728575050128526858e-03, -1.384013366190556260e-02, 1.116612797775580306e-02, 8.485190738696710144e-02, 1.169749579950866980e-01, -4.930695370025228730e-02, 1.242520922464847022e-01, -1.282808005264443885e-01, -3.623052049830027127e-02, -1.601853119169529827e-01, 1.218643563189273499e-01, 9.668853000222778216e-02, 1.538223922842293090e-01, -2.270787915993980055e-01, 1.095138215819861606e-03, -8.628933248409040302e-02, -5.323225235503347558e-02, 2.478683293066202553e-01, -2.037282860583722321e-01, -1.250487418309447277e-02, -1.360951106382256477e-02, -1.201812385859511861e-01
-6.707925276028464667e-02, -2.236342566274216737e-01, -1.058853970697622715e-01, 9.354587862888227856e-02, 1.910341997474356230e-03, -2.774512697877535849e-01, 1.461492997836880137e-01, -4.978045498009688041e-02, -9.694915173643274542e-02, -1.429180182265423482e-01, -1.176774000322469010e-01, 8.709511993847415465e-03, -1.555645921125562714e-01, -6.361280638233397962e-03, 8.163895194419622248e-02, -1.105668656680452860e-01, 2.539839236725135053e-03, -1.070643837660125580e-01, 1.872269788175396632e-01, -1.270179001028309829e-01, -7.567659347878888387e-02, -8.833986054176778957e-02, 1.093866664857568727e-01
-9.518290376133690944e-02, 3.379081341541379652e-02, 1.147220280428618150e-01, -1.919060690335164798e-01, -4.771529738473373472e-02, -1.410451738276028155e-01, -8.480334220013315688e-03, 4.769031699824503173e-02, 4.913858664271327642e-02, 2.043987528696343883e-02, 5.425436887548709675e-02, -5.122633992392021558e-03, 4.844763067855985261e-02, 7.138023981361285575e-02, 1.623437128117017070e-01, 3.216592935373138729e-02, -8.724584163582989674e-03, 1.748587354762428658e-01, 9.592884556266519092e-02, -2.876771517731482181e-02, 1.172398547250971396e-01, 2.451291110319464214e-02, 1.076058900573852034e-01
4.947820299231866364e-02, 1.438528852206759356e-01, 1.237225372165936949e-01, -5.673491705241721222e-02, -1.446111489706357889e-01, 1.122688178595745156e-01, 7.827475306399919730e-02, -8.428223111851687599e-02, -1.039033747263803098e-01, 8.137866580259173199e-02, 1.275150293907471866e-01, 1.371136769634954261e-02, -1.456332465855517122e-01, -2.884570449240921874e-01, 4.674612551401052807e-02, 3.783013111420267804e-02, -2.446326343079920432e-02, -1.023393128781951572e-01, -1.257568578450225238e-01, -1.067953538298462707e-01, -9.743039536667505440e-02, -1.163669309999616625e-01, 4.424480193230926652e-03
-2.564889718834664212e-01, 1.588344325330244555e-01, 2.935744693646289913e-02, -1.659555985589701577e-02, -2.862948365199284306e-01, -1.755231197997802473e-01, -1.337887968940557337e-01, -2.544320928373334234e-01, -8.014695130248573884e-02, -1.009001905681257555e-01, -1.767193348264270436e-01, -1.939649836512153669e-01, -1.927073961423874382e-01, 3.608452679834714960e-01, 1.564896465625900332e-02, -2.612262349451850429e-01, -4.065686167169456355e-02, -1.566789473184977410e-01, -4.065772823735009506e-02, -2.722358391728958368e-02, 1.836725098954317126e-01, -1.659204803067455269e-01, -6.323517187658629635e-02
-1.591751790442474668e-01, 8.621285014697281646e-02, 1.102532697777299925e-01, 1.388487011492886493e-04, -1.977949041763192584e-01, -8.431903000053074526e-02, -9.121830705560401986e-02, -1.262834238540788412e-01, -1.939375646724048330e-01, -9.987821188334884692e-02, -1.203732570246043715e-01, -3.166542058620037264e-02, -1.434285518634800805e-01, 2.151417280377139474e-01, 1.306350103716269473e-02, 1.865465531023468015e-01, 1.711560920065139657e-01, 4.897534073099604063e-02, 6.498254010814212556e-02, 1.088396901367857939e-01, 2.578536001821297215e-03, 7.299463294853945905e-02, 6.107842767920366317e-02
1.244633302685199845e-02, -6.860748978731123771e-02, -8.358424753922193140e-02, 1.120508733336879614e-01, 1.198630225211902954e-02, -7.088842285986469982e-02, 1.225224725160720118e-02, -1.758702583338696279e-01, 1.348482358003480208e-01, 8.049483516794736504e-02, 1.979082483504853232e-02, 5.262476545097385244e-02, -9.247148864836232662e-02, 3.967474424425630058e-02, 1.487105925597406453e-01, -3.717750571239949314e-02, -6.500442826805392926e-02, -9.335177858235114978e-02, -5.108541617303449800e-02, 5.554052906649128464e-03, 1.470032198529150000e-02, -2.978227964910561965e-01, 1.387011481732150220e-01
-1.114589250412217764e-01, -3.104189978691871965e-01, -1.033164825324317830e-03, 7.872670784386352760e-02, -5.588432322481263342e-02, -2.489555968138028041e-01, 1.152096566374236630e-01, -1.105773554239664336e-01, -4.509522425763716025e-04, 2.225076728314007157e-02, 1.837284551354445225e-02, -2.446912217141421486e-01, 2.899202393631069574e-01, 7.168279918665049211e-01, 3.286462992291040719e-02, 4.850927453037887083e-02, 2.756048005460334793e-02, -5.513549365903575028e-02, -1.437656641103176314e-01, 4.104870939856380269e-02, -6.718194835235620499e-02, 1.103838542996534028e-01, -1.526939420105521417e-01
-1.466692598015388871e-01, 1.182453744117555883e-01, -1.835699422219342347e-01, -9.131050438267566960e-02, 3.251757219473576377e-02, 3.963207411356856752e-02, 1.345021228571022520e-01, -1.235361239114031277e-02, 1.305491209360679083e-01, 1.000082751157086725e-01, 5.316690829333369775e-04, 1.895960248815802343e-02, 1.744123417389652486e-01, 1.421310869498209062e-01, 7.987825392543561331e-02, 1.177609979153659836e-01, -1.158723363863135847e-01, -1.803256439205709605e-02, 9.419710241503570156e-03, -1.242934773709971352e-01, 1.193304032341357540e-01, -1.829500681717509750e-02, 5.104873473057499472e-02
-1.152097662822567092e-01, -1.596887271310440115e-01, -7.160667865691720813e-02, -1.354596447158479787e-02, -9.660662259338585744e-02, -5.588293172027279654e-02, -2.359942251215298714e-01, -7.410128314882076517e-02, 1.096642163644565571e-01, -9.237129450399515773e-02, -6.749481044160550447e-02, 1.366902203731348298e-01, 4.618063451132747854e-03, 6.181767340810965378e-02, -3.345613951479446332e-03, 1.141435735056416795e-01, -2.625298936175635145e-02, -3.825084834132300854e-02, -1.119828642698448284e-01, 5.646897325312934257e-02, -6.963706042553519104e-02, 3.159344007789446213e-02, 1.228872044373851766e-02
-1.188432119825818117e-01, -1.387274284545795822e-01, -1.548308734288517952e-01, 4.964103765847280303e-02, -4.331961671294897592e-02, -5.989500440419046751e-02, 1.876226807766124063e-02, -7.097474350196454618e-02, -2.367998597165895114e-01, -2.467249603650737214e-02, 9.411700498439720675e-02, -1.447324573824449422e-02, 1.969043583371170858e-01, 1.880975629651421288e-01, 6.700013149113823174e-02, -9.168083714547527185e-02, -3.114718025029220710e-02, -3.447799260147027534e-02, 4.104131577116604257e-02, 1.082143792351690365e-01, -5.680232195901268905e-05, -1.448830283058918367e-01, 8.592616259885428598e-02
-1.982117426015744255e-01, 1.556052226309018460e-01, 7.599776937778897345e-02, 7.817221043781076573e-02, -1.197764106949543439e-02, 5.133954965365701562e-02, 7.688274937841552137e-02, 1.168176828406927575e-01, -3.687659167792348841e-02, -2.813753905922543362e-04, -1.072731223853964078e-01, 1.894047145188645920e-02, 1.560102380616145423e-01, -9.869987420423291524e-02, -2.068475331562412076e-02, 9.105607988572662903e-02, 1.207229047288588958e-01, 3.462803945027911195e-02, -9.581248352402237101e-02, 1.395885153110391630e-01, -2.030371743308641286e-01, 3.054031293107739575e-02, -7.771369274628270318e-02
-1.388680835385667535e-02, -4.348755013562818905e-02, 6.374481084715552526e-02, -1.263780939199888875e-01, 4.302494120755791240e-02, 8.026649400454731464e-02, -7.689354618366968375e-02, 2.007192587459132732e-02, -1.422570467507208447e-01, -7.810912988528012635e-02, -8.402933665929400442e-02, -7.884101797170438297e-02, -2.509979887093783946e-01, 1.384404424320445637e-01, 1.212328924008289899e-01, 3.990657376389101368e-02, 4.488474298539426449e-02, -6.941519180321738258e-02, -1.633469518921207564e-01, 5.306478223681906220e-02, -4.490688057634618056e-03, -5.393852281105529500e-02, 1.159683477815383335e-01
2.144317869032357111e-03, 4.952302268018186210e-02, -1.079550014868596725e-01, 4.731263940835402776e-02, 1.758602773619491189e-01, -5.668860322286640996e-02, -1.436477340594438934e-01, -4.411860462526230597e-02, 6.379740154702454036e-02, -1.928743174917982306e-02, 2.368197799454229979e-01, 8.994862524410797075e-03, -1.988405971693203364e-02, -2.938891419317034640e-02, 1.601294746172641503e-01, 1.738390902987374531e-01, 1.461698334346348827e-01, -1.057445290548080785e-01, 3.185713801368304787e-03, 3.628212556669841576e-02, -1.316769325714914618e-01, -1.213160821565292535e-01, -1.430970021653435280e-02
-7.165657213295772987e-02, -8.419419208665375812e-03, -1.822530763065264847e-01, -1.703735512580159192e-02, -3.758761637400215988e-02, -7.601178012694461035e-03, 1.302870907285506169e-02, 1.229805690584099553e-01, -3.007197737592313611e-02, 1.368173700858695274e-01, -2.889892661862151005e-02, 1.072572489496799036e-01, 5.412996456720411270e-02, -1.545365220004514817e-01, 2.054501186137426549e-01, 6.125447258455823940e-02, -2.427513717240738569e-02, -9.789860683843409905e-03, -7.710698840277263773e-03, 8.989723335264811210e-02, -3.968915932103497302e-04, -5.012766410271358303e-02, 1.456499928378219566e-01
2.314454128996105142e-01, 2.165142422458421478e-01, 6.175101025788983650e-02, -1.368738820570658543e-02, -4.201907644368548661e-02, 4.475177647011199800e-02, 1.374945425593646908e-01, 5.774088136537828403e-02, 1.079286170518812260e-01, -1.691528163944880092e-01, 1.746906937803806292e-02, -4.405581187541126459e-02, 1.633570238170523048e-02, 4.767216590408333843e-02, -2.964312890868502429e-03, -1.002737801332962038e-02, 6.177055213200716155e-02, -1.008741602628895062e-01, -1.850610326481041679e-01, -1.457099326118484195e-01, -1.380389249624495822e-02, -2.898002301047898355e-01, -5.612002654918583217e-02
8.645564926420196139e-02, -1.269850523299403955e-01, 1.263189536372979205e-01, 3.793983724924233220e-02, -8.403545967164099961e-02, -3.078108362433115350e-02, 3.826032382671364779e-02, -3.011030289776812224e-02, 9.987136650471035992e-02, -7.503372111111142329e-02, -1.223067399197738936e-01, -5.754913458049183694e-02, 5.502774308131595099e-02, -5.553891451048715427e-02, 7.648817674731205052e-02, 7.814728101529394566e-02, -4.116283153454398241e-02, -4.797240281452305050e-02, 2.486631815572576745e-02, -1.211944237567936095e-01, 5.355666316263790055e-02, 3.042746312739347259e-02, 6.824501681197835123e-02
-5.889634216663424326e-04, 1.565159025703822260e-01, -1.289344476026189346e-01, 1.091298352263940334e-02, 1.005466234798494882e-02, 5.011876685884664867e-02, 8.670124167045055452e-02, -5.229533450487849205e-02, -4.801784706356986010e-02, 1.217512965049661992e-02, -9.066336866209750989e-02, 1.172720651116566370e-01, -7.603758712354088956e-02, -2.764260807541518705e-01, -5.778606275512288004e-02, 1.652633948645866602e-01, -5.051660086671883043e-02, -9.504623025649254486e-02, -3.102799343934113663e-02, -4.133193325129625589e-02, -1.661466275416999816e-01, -4.082500186329617031e-02, 1.795511584262167726e-01
-1.244720702364314618e-01, -1.873575965294589363e-01, 2.811978084944538950e-02, -1.264641514671560607e-01, 1.400810416869332532e-02, -1.145841960055819370e-01, 9.530912529277622836e-02, 8.140320597716081685e-02, -9.512325491001455413e-02, 8.532548115980562869e-03, -2.557807994059634396e-02, -9.069665038755707603e-04, -4.652465422953163537e-02, 8.127317551544580021e-02, 6.077063626266855645e-02, 1.216672503618282906e-02, -3.788381261370440956e-02, -1.193268155462649978e-02, -2.157328677028666208e-01, 2.502964730355008646e-02, -8.503623508666610653e-02, -1.784327035648512402e-02, -1.054279710764226691e-01
-1.165988951175988414e-01, -1.316909670919825803e-01, -1.429697211259324530e-01, 2.508865771906395037e-01, 2.389553113021450348e-01, 1.440829372392458674e-01, 1.685347112339107556e-01, 2.404284377813165063e-01, -1.077997256525554531e-01, 1.269087301962680547e-01, -1.068114389687078725e-01, 1.744644499612033606e-01, -1.229014433505009884e-01, -1.568038271285908045e-02, 1.192375744843856972e-01, -9.020416011402726530e-02, -1.655789180824669971e-01, -4.816490886967619844e-02, 9.976918894520069025e-02, -1.880561425261921202e-02, -2.646627857799969952e-02, -7.635849516679543703e-02, -1.633393300440962315e-01
1.576276739060454846e-01, -1.303990693584688720e-01, -7.787437481469586253e-02, 1.344142072738959554e-02, 2.867065737630686284e-01, 2.526626119874930687e-01, 1.639130953684088954e-01, 4.223955339118991986e-02, 1.327659129498407475e-01, 3.102927310699598595e-01, 1.247168264785945557e-01, 1.765206902350443530e-01, -5.846667738252630392e-02, -2.578537140818263351e-01, -1.294611966798137753e-02, 2.252000545564586398e-01, 2.168805771385950987e-01, 8.965816700772402670e-02, -1.412175586891738222e-01, -1.241561957368417096e-01, -5.740412383640608289e-03, -1.359700528990980505e-02, 3.881401259245777918e-02
-1.742344062880196165e-01, -9.968579235689918605e-02, -2.363337055538518583e-01, 3.696277947739066289e-02, 5.508752480974743460e-02, -4.323726008389548042e-02, 8.049578863949435892e-02, 6.687468043322714051e-02, -1.222867344988478738e-01, -1.180184034600248455e-01, 2.172782323252901160e-01, -2.812654233549278029e-02, -2.182069893605096678e-01, -1.902221086374116799e-01, -2.099497329682898927e-01, -1.734800319907793542e-02, -6.126567059321581105e-02, -1.802492515457155275e-01, -6.188629790958188881e-03, -1.854021780438503894e-02, -1.981153424335413693e-01, 9.267262517259966526e-02, 6.172048664432926851e-02
-5.511251265095092056e-02, -2.827552725881783344e-02, 1.504499273537634888e-03, -1.110610943613683510e-01, -1.666620950196592843e-01, 4.654928740612192944e-02, 3.922610754431195973e-02, -1.151802620063438060e-01, 6.366191587311752220e-02, -5.807225869393504991e-02, 5.116396095933085919e-02, -2.125029808172192447e-01, 2.428582195830899376e-02, -3.682727972997888038e-02, 1.289332408902019340e-02, -1.182931150702611345e-01, 1.032715940732253507e-01, 9.038507160515091288e-02, 4.311917959543436901e-02, -1.122057235188266278e-01, -3.126322313702824957e-02, -1.364060564029675737e-01, -1.293008109324903510e-01
-5.359389709452599265e-02, 2.513654335845100785e-01, -1.139561369660251761e-01, -1.697935284972267381e-02, -1.127236909534400783e-01, 1.457540084573007988e-01, 1.813658170178844564e-01, -1.005793048294916781e-01, 1.092296789314248368e-01, 8.596198464964029118e-02, 9.561516722812656022e-03, 1.029531111424958761e-01, -2.469742268509154681e-01, -5.599600967314508626e-01, -2.509586417297235070e-02, -1.001813686154559846e-01, 1.307153702786706950e-01, -1.196801278885610553e-02, -1.042608097464247235e-01, 1.093120433559075372e-01, 7.799967601774102088e-02, 9.029521937078260896e-02, 3.585724883701423764e-04
-7.482065662807196871e-02, -1.284576825749997875e-01, -1.182643527292772528e-02, 2.176278095277714431e-02, -2.115438606914710196e-01, -9.904441573298686241e-02, -2.448389660123615197e-01, 1.023833352828285026e-02, -1.196715741194799287e-01, -1.654598227268881672e-01, -1.831743487376294444e-01, -9.520501781972103006e-02, -7.488039026551904231e-02, -1.968187261187304415e-01, 7.839464649184574307e-02, 1.567613968971310612e-01, -1.232826530722749558e-01, -6.497180503567344390e-02, -6.551943313214152187e-02, -2.257494220980851840e-02, 1.984688597808105248e-01, 2.342087882712005353e-01, -1.861836684272511477e-01
9.924529445922132195e-03, -1.559189667977873284e-01, -2.038788283354220077e-01, -8.052008760918702435e-02, 1.159285594309539258e-01, 1.375341167604189063e-01, -1.748439282610795772e-02, -4.682707914885332612e-02, 4.169807720145553981e-02, 7.676526437360660371e-02, 8.416069442949211665e-02, 9.270416294851201167e-02, -5.852728718004274189e-02, 1.041384984057864248e-02, -1.333156864680311582e-01, 1.068136764230720043e-01, 6.634968141983337009e-02, -1.261682519599982844e-01, -4.896755677281740271e-02, -4.730928270754315712e-02, -7.956033627862209301e-02, -1.452817441408211507e-01, -9.640993361474595180e-02
9.263173453937921520e-02, -1.132364133508862412e-02, 1.064092094218634099e-01, -1.985677603772262600e-01, 2.041818625146397947e-02, -2.371404059182456378e-02, -1.753750344013823292e-01, -1.212199467967968458e-01, -1.506586974525692402e-01, 7.336128862530953698e-02, -5.282820457334971853e-02, -2.253170405917003793e-01, -2.020208385932996120e-01, -1.864251196027522928e-01, 2.789043603627535672e-01, -6.022760689984221066e-02, -3.430711162221544708e-02, 1.281586544746893264e-01, -6.209534632507211771e-02, 1.528274744227984261e-01, -9.295532288095588458e-02, 8.833918632571803597e-02, 1.685524085521508397e-01
7.705298622734959267e-03, -2.782905735280351012e-01, -2.046315150172598601e-02, -1.871220838575427814e-01, 2.241537133984849717e-01, 3.774593053416729904e-01, 8.409201889100836880e-02, 2.329839278636591793e-01, 1.151656926009824999e-01, 1.890952725836990700e-01, 1.065574274782461750e-01, 2.128707411382952386e-01, 1.707670461437974518e-01, -9.929730905908400185e-02, -1.041830542311457906e-02, 2.932104584048168539e-01, 3.142465668091545261e-01, 6.130497157800032099e-02, 7.130254998735049976e-02, -7.790681221029202574e-02, 7.198453291675604993e-02, 6.018022137124327559e-04, 2.893987808663600701e-03
8.765997552746582211e-02, 1.419126784839479238e-01, 1.254473856318469131e-02, 1.227755330086562902e-01, -1.010815073002126474e-01, 5.234301745545710816e-02, 2.698686999121218122e-01, 6.168684667643320463e-02, -7.133768314843944025e-02, -8.841355669402777007e-02, -5.545558959576184915e-02, 1.088391242739653875e-01, 5.251867749263442603e-02, 1.556523012479142654e-01, 9.635755232902535120e-03, -8.108837400631879050e-03, 5.204346520488832561e-02, -5.584944320972258514e-02, -1.821103800965284958e-01, -8.900831098269898489e-02, -1.275682502364498816e-01, 4.520684963657897043e-02, 1.298842608599409462e-02
3.932868688507718674e-02, 1.888949771069155514e-01, -1.630313372957211682e-01, -1.949509515008552019e-01, 1.631649149948203870e-01, 6.230915675504195700e-02, 1.134684079428890761e-02, 3.362049071434353720e-01, -5.327450243718882816e-02, -4.313413307897098758e-02, 4.865482813836250614e-02, -5.874350974068624776e-03, -6.398038749862521024e-02, -6.655685515175263633e-02, 3.965705902783800765e-03, -2.603309990136949345e-02, -2.639125081322327843e-02, 2.373527961917295051e-02, 1.331042742038548443e-01, -5.674132774096948134e-02, 1.269246239128949405e-01, 1.742222755759457731e-01, 6.875917796559558037e-02
-1.726799940589874294e-01, -5.721411002410274269e-03, 3.106732172592419072e-02, 5.225648839120079076e-02, 1.185389234647832996e-01, -8.004153549085371577e-02, -9.221607788580005183e-02, 5.869911180288589492e-02, -9.578893236865301808e-02, -1.548173281789380351e-01, -1.396542054284045653e-01, -3.759997186199278557e-02, -1.512603382480191307e-02, 1.117534729882921629e-01, -4.563247056251176770e-02, 8.122234845203894771e-02, 4.638859225892490168e-02, 1.356962475913067456e-01, -2.350481320590698878e-02, -5.009135048064873585e-02, -6.364914355666674572e-02, 5.118489714979303218e-02, 1.424117157762898600e-01
2.046951674522565906e-02, -1.159610410695621485e-01, -8.017743197143306633e-02, 6.172446345478985880e-02, 1.399100744266701668e-01, 1.581962095039137709e-03, 1.782056462562858767e-02, 1.140685785291012111e-01, 6.007543613011125105e-02, 4.671727670708022279e-02, -4.659488809406196752e-02, 7.935834303507470489e-02, 3.998954015048684918e-02, 1.962947355453375786e-01, -4.333861965482884576e-02, -8.558265091345407249e-02, -3.482243579630940134e-04, -6.334396614775260337e-02, 3.385513978097194621e-02, -7.664313851719005422e-02, -2.559022675249911227e-02, -1.461913798634279227e-01, -2.820422182808317024e-01
-1.018440931028572610e-01, -6.530682239237435571e-02, 6.551306348472098195e-02, 2.596943546414791359e-02, -1.034507345132871549e-02, 6.638789943662128101e-02, -1.920630073556562067e-01, -1.403579395394257689e-01, -5.621880987401395996e-02, -2.623722741765150551e-02, 9.186548383595699585e-03, -1.797840183260027147e-01, 1.995650623104018306e-01, 1.494767491331906173e-01, -1.418379423119967009e-01, -2.311029158696699393e-02, -7.962662161326623800e-02, 4.076464224469659309e-02, -2.881294467989718548e-03, -1.534887989611662985e-02, -7.649802949778750083e-02, -1.882188195845939859e-03, -2.346968572094994820e-01
-1.974512654495631445e-02, -8.753816354362163599e-02, -8.506682978063662137e-02, 1.884536638895867311e-02, 2.089225417316890321e-01, 2.925569970762555427e-01, 7.182792129385427715e-02, 1.287959418806526590e-01, 1.044755978906440341e-01, 2.328907728305310842e-01, 1.232951177460929471e-01, 1.025616170275633551e-02, -4.496781382121067816e-02, -2.029336215983028324e-01, -6.577197017696195976e-03, 2.184167122594416477e-01, 5.950679672482107191e-02, 7.915599263465886853e-03, 1.001851512776910508e-01, -1.088428042458734063e-02, 1.362758293533593013e-01, -2.740044528093444898e-01, -1.209669415928841252e-01
-5.033184017069384543e-03, -1.088739602191700767e-01, -2.174704183707926175e-02, 8.045598305963652663e-02, 6.510258947209439373e-02, -1.400457167473754261e-01, -8.833241187231880009e-02, -3.979739951191524350e-02, -3.962590083918669792e-02, 1.620087324918611515e-01, 2.097604188392885316e-01, -2.148150983272712478e-01, -4.358461663519979518e-02, 4.839736971577977137e-02, 9.778122746995484768e-03, -6.822971368268116246e-03, -7.798544906207421912e-02, -1.442608359328704237e-01, -6.170077882481572740e-02, -5.784480698079099564e-03, 1.340317699684613617e-01, -9.082383621758445547e-02, 4.155061563877397030e-02
9.396198647157515127e-02, 1.118976848437426702e-01, 2.694383398028695267e-02, -1.491522325495398260e-01, -8.855560641838196301e-02, 9.902686402197050097e-02, -1.002960702766905049e-01, 1.464772702934531989e-01, -5.611952616616845690e-02, 1.639444263850230732e-01, -5.300001365135805637e-02, 3.705564602838837956e-02, -5.505222159569336804e-02, 8.687593003101204414e-02, 1.624738763814895237e-02, -1.330999490037120068e-04, -1.181539369121665205e-03, 1.748358245641727302e-02, 7.331031079319874633e-02, 1.850005703028754708e-02, -2.959258620234462428e-02, 6.814742007133069157e-02, 9.175840004666602212e-02
2.325259493361398616e-02, 5.692240997684517440e-02, -7.427713712532538204e-02, 6.416877788870768706e-02, -2.791463033228532287e-01, -1.999300658876713710e-01, 2.215544754082182655e-01, -2.011253678888623789e-02, -4.578750330455410439e-02, 1.201613645750592707e-01, -9.087731682804627009e-02, -1.105536834807599594e-01, 6.374644350716721086e-02, 4.641852023687306067e-02, -6.975628926388745266e-02, 8.512859959258532727e-02, -1.765565026909857518e-02, 4.393855014998131192e-02, 1.133205002440311887e-01, 8.738827240207586167e-02, -1.043563039294205519e-01, 7.784154492302926276e-02, -1.754172789772720162e-02
-1.634423988088475332e-01, 8.439243151103274776e-02, 7.951607006447145021e-02, -6.846932383656906262e-02, -1.025472475516225473e-01, 1.831417832436308679e-01, 3.920607447358313152e-02, 6.539218678649308045e-03, 2.989793508172919681e-02, -6.953102942716742063e-02, -1.856913432656591770e-02, 1.191922225979060168e-01, 3.653042377134129576e-02, -3.904984222997764237e-02, 9.822630025300453649e-02, 9.262353988865883181e-02, -1.244674126998259953e-02, -1.057749724617436798e-01, -8.525544776079041487e-02, 1.871014173166912764e-01, -1.079241790719348004e-01, -2.063204871475672608e-01, -2.641095276797643387e-02
-5.055759762955869957e-02, -1.163316524966958310e-01, 8.573358851902510014e-02, -7.562154422289311950e-02, 1.933641698318776248e-01, 1.459381232635575780e-02, 2.828276024192756533e-02, 1.070081673596808974e-01, -2.534025699616442029e-02, -7.289127669473483007e-03, 1.835654738264629604e-01, 2.038162599971113376e-02, -5.505293682840726316e-02, 1.712876184540073066e-01, -1.970049247358407127e-02, -1.368922977229047599e-01, 6.039002431458191655e-02, 2.109742057505365267e-02, -1.861136274628980847e-01, -4.958059464649604287e-03, -3.900441705526847685e-02, 8.618212501893108765e-03, 5.400034900147167305e-02
-5.929717987419828862e-02, -7.077834480393497829e-01, 4.646020743728602326e-02, -1.433160165673632302e-01, 3.832186781636996026e-02, -8.500594949739029293e-02, 9.035614425881643985e-02, -1.227707058078263552e-01, 1.512596773596325619e-02, -1.233877735761329947e-01, -8.117193416779222570e-02, 7.911553646178183866e-03, 5.532918759974420064e-01, 1.399903052732587527e+00, -1.590339512893578292e-02, 1.379144633756329841e-01, 1.411001592358235024e-01, 5.801075549987796780e-03, 1.229459564349030531e-01, -1.034101323591616328e-01, 6.174329386456779700e-02, 2.021465137584225191e-01, -5.726788914189898105e-02
