7.343126587758443125e-02, 2.777217153642089903e-02, 8.876766878662643856e-02, -3.325094238083960152e-02, 1.443568567543957182e-01, -1.512947522805693605e-02, 6.170120928641816688e-02, 2.128919252285823849e-01, 1.152392996729598024e-01, 3.595952822844685620e-02, 2.203556839929220884e-02, 9.454598897726247675e-02, 4.124556972531447097e-02, 5.916786389093333341e-03, -1.856564086367533395e-01, 1.452298709270543053e-01, 1.230297134797098124e-01, -8.222139665942171036e-03, 2.346975166594902906e-02, 2.221258415323452418e-01, 4.388957860283238671e-02, 7.637034792316417520e-02, 1.109121229776060813e-01
1.385844380640061380e-01, -1.974120714460758375e-01, -1.256880216797100769e-01, 7.268137495462935471e-02, 2.511414904601050324e-02, -4.104111040009055661e-02, -1.002041458414165177e-02, -5.795117285408585284e-02, -2.981967563812735686e-02, -9.266447192239415931e-02, -6.363173690805674909e-02, 8.293032625533889104e-03, 8.085538433736548514e-02, 7.146498283230785786e-02, 4.894579108618565821e-02, -1.956015722177954427e-02, 1.202182429164629779e-02, -5.883615306819081625e-02, -6.817273852211294671e-02, -5.892796553437489038e-02, 9.154009774450870898e-03, 1.102904351760574109e-01, -4.540106255826220627e-02
3.937337381390556418e-02, 1.161851194877812493e-01, 1.189362978293670436e-02, 8.391417845898620220e-02, -1.220883190809383401e-01, 1.977628151124038568e-03, 6.277485247758375631e-03, -2.048025859300644722e-02, -1.212064881496795477e-01, 1.789574401857207953e-01, 8.481090419819181658e-02, -1.777080855618376823e-02, -6.747394755363919638e-02, 1.068752939896552984e-01, -2.340557413647452803e-02, 2.908103155105866075e-02, 7.227276043590337429e-02, -1.097537622617841173e-03, 3.184048131006914778e-02, 4.417262886006121519e-02, 2.943916814426262435e-02, -4.655262626577998109e-02, 7.829134897238881896e-02
3.599917114830061132e-02, -1.415852539357458084e-01, -1.487826747735952193e-01, 8.857529453172985345e-02, 9.773873874387691008e-02, -5.044406344898604011e-02, -1.400227661091564546e-01, 1.512261217920258805e-01, 3.121426755425565566e-02, -8.390786666584783282e-02, 4.039500776432029122e-02, -2.047869626143018484e-01, 8.744464661553748297e-02, 3.589880255522304164e-01, -9.409786993965769952e-02, 8.872830382150621864e-02, -2.954851861833081988e-02, 1.512233414666400433e-01, -3.309323677779418826e-02, 1.558803814775804909e-02, -2.016533981534822939e-01, 1.306687889603476427e-02, 1.198278961326647296e-01
-4.674326833461096148e-02, -3.214632884246639288e-01, 3.221031075987804831e-02, 5.636767160961098783e-02, 3.330237317395449287e-02, 5.513885241021334455e-02, -7.477151402374811011e-03, 3.354228580009837452e-02, -1.756561024050936615e-01, -4.905578352527378144e-02, 2.902198736447943184e-02, -8.188264309256478024e-02, -2.500587128970548911e-01, 5.352946183171047867e-01, 2.346212295345764254e-01, 1.800162740328330457e-01, 4.381108433687905257e-01, 1.476371636795006936e-01, 8.061257595301421497e-02, 8.979932667049004072e-03, 4.054002578589326750e-02, -1.200505971638569785e-01, -2.105315956750536122e-01
-9.193937527829364187e-02, 9.450316415868932618e-02, 2.585012046510887576e-02, -1.610882945668410116e-01, -1.852000276532236867e-01, 4.091305550560610932e-02, 1.291455481351405088e-01, 2.249436442044596973e-01, -1.910448540092759551e-01, -4.609806358221547190e-02, -6.852724685277102046e-02, 1.263562254769586002e-01, -4.501667381209316170e-04, 2.090489820214927116e-02, -5.840120314553014919e-02, -2.556387526283345202e-01, 1.256241086707125532e-01, 8.020727205715826036e-02, -3.297460677939260260e-02, 1.104410248500524994e-01, 1.740037509268431148e-01, 5.732906251292303051e-02, -1.290563248516034822e-01
-1.602014134374044746e-02, -2.028708932963001477e-01, -2.653188543289879964e-01, 1.367039595711961320e-01, 2.038508923723617583e-01, 2.020919415987346146e-01, 1.877946472295187741e-01, 2.348780347528526824e-01, 1.010795723432277443e-01, 1.505662500130263981e-01, 3.960838447155537456e-02, -4.756276183528431595e-02, 2.194933772164885111e-01, 3.194146157822908005e-02, -9.619791866831275962e-03, -2.624727610663588617e-01, -2.001537614348497807e-01, -1.311910295064620813e-01, -8.826761836518098869e-02, 3.586067353378875194e-02, 7.674391681186508440e-02, -1.400206927820443759e-01, 2.734275109237389867e-02
8.282090537311529235e-03, 2.040172799176994123e-01, 1.835767131584030987e-01, -1.748334033733469628e-01, 2.561544332256825429e-01, 8.289542659711419959e-02, 2.694314298408721498e-01, 1.386417911761298472e-01, 3.416720153456256348e-01, 4.739535477375487332e-02, 9.755413161378284626e-02, -1.477395039530920717e-01, -4.863193368787692705e-01, -4.269973428242296309e-01, -5.261649562041868788e-02, -1.440790462851679332e-01, 7.191216029208195859e-02, -1.753110845829936384e-02, 1.062545998122304131e-01, -3.457070603382277757e-02, 1.103521821948365150e-01, -5.227152227895433267e-02, 1.114388376832689681e-01
1.868852057945734335e-01, 1.008117668037975534e+00, 6.152426171668621407e-02, 1.541961707433902040e-01, 1.342958006566215279e-01, 4.328209186327579977e-02, 6.662319290284535178e-02, 1.512083312605175256e-01, 3.914554827957117400e-01, 2.289017762657974131e-01, 1.176113420630994361e-01, -5.130483948477260192e-01, -7.635578124867404837e-01, -1.922865968551378479e+00, 5.259397477404219312e-03, -2.718561649620299669e-01, -5.533623212065886809e-01, -7.576112591695527421e-02, 7.204222047099198556e-02, 4.466369507062844385e-02, 4.967147780790434619e-02, 1.384377667183759042e-01, -3.777017666145129210e-02
1.637246833455165695e-01, 1.407485051075891003e-01, -5.116829534708771526e-02, -5.578794323290931639e-02, -2.108666733868492756e-04, 5.470370428940007218e-02, 1.757496783951007779e-01, 6.323694329676875225e-02, 2.792875575383022002e-02, 6.292992304657528402e-02, -9.862390179669265622e-02, 1.647930432655152766e-01, 6.522572797432717173e-02, 1.159369090319115059e-01, -1.294458781938131325e-02, 1.357815325932688610e-01, 4.265778715820869871e-02, 1.783758728049659667e-02, -1.286859447231701037e-01, 2.279544963645357969e-01, -3.447652212458153509e-02, 8.597851725258585931e-02, 1.217618406451058677e-01
-9.681598911166573729e-02, -6.708368031920852390e-03, -5.116665693943019122e-02, -1.613504069404280983e-01, 1.074365804377164085e-01, -7.516415162176759424e-02, 7.193249457626091359e-02, 8.577348407938996389e-02, -1.284357002489694699e-01, 8.164736839820378733e-02, 5.461166441474587380e-02, -1.007764249085977282e-01, -1.861228630042771615e-02, -6.922274087571314571e-02, 3.439532561061633270e-02, -6.365836448864532759e-02, 1.246463768396580546e-01, 3.146117490019941648e-02, -6.965418581477826609e-02, -8.976317475653490530e-02, -1.932575116977088003e-01, -1.894207858167175629e-01, 1.073166034910314759e-01
-4.743144104041351061e-02, 1.973456171304281137e-01, -4.862296377707597816e-02, 8.768284739207005130e-02, -1.365545569911905122e-01, -1.502181012743315780e-01, -2.422191591129611507e-02, -1.280236014884359730e-01, -1.540388011957328218e-01, 4.657036940627665850e-03, -1.141315345197488895e-01, -6.151530252575363594e-02, -5.118286591515492506e-02, -2.221280070946631824e-01, 1.780853787900509022e-02, 9.412269584827480384e-02, 9.800351738904382326e-02, 1.825497577071975852e-01, -7.795749472462965013e-02, 1.250543469197681890e-01, 3.376325913526645461e-02, 2.412031027234154065e-02, 1.436318181110123049e-01
3.678503852989113698e-02, 2.531420703069655609e-01, 4.011616031155237905e-02, 3.268914750254017787e-02, -2.846398060321235768e-01, -3.614931189857422678e-01, -2.969718601648688727e-01, -3.628307133874382195e-01, -1.916548933598937465e-01, -1.703197654900191205e-01, -1.933878480268708469e-02, -1.325131803892641846e-01, 5.300142692372331044e-02, 3.233899708030095188e-01, -2.482519347862002512e-01, -3.186480643822419689e-01, -4.332402977384013781e-02, -5.209189539558761739e-03, -9.294417819886902077e-02, 2.365984088096380888e-01, 1.357104174651971029e-01, -4.569878721476477307e-02, 2.613974700308181742e-02
-8.471932121828548712e-02, -1.927639478670663542e-01, -2.060454709526916839e-02, -5.908607687430425526e-02, -4.386372035240945766e-02, 1.728057655202118979e-03, 1.016104693042392398e-01, 2.861082525188139436e-01, -1.352889300297763775e-01, 2.987562144953926496e-02, 2.710751594487506924e-02, -5.081605709506645946e-02, 6.948761829566539594e-02, -5.014152621851195035e-02, -1.072434563458919687e-01, 4.167623566486533537e-02, 4.691505894635811941e-02, -2.205381776835839067e-02, -3.681683406702562084e-02, -1.479276158490512028e-01, 1.942495974522263635e-01, 4.995255617423539907e-02, -8.171435492657681821e-02
6.252785169202135229e-02, -2.890659902064700026e-01, 7.407657940823431097e-03, -4.353550139219727194e-02, 2.276336850121042088e-01, 2.466760569328254049e-01, 1.070689013339574114e-01, 8.491683848117413669e-02, 3.017551937890415870e-01, 7.675841703312270836e-02, 1.594827641565799425e-01, 2.552984905075630362e-01, 2.614708217226482390e-01, -2.581900784120966588e-02, -5.812724322577999050e-03, -2.643299596728442835e-01, -8.177559712570522943e-02, -2.939150863757067911e-01, 5.080136326359820098e-02, -1.007390380068259039e-01, 5.434210839601332638e-02, -2.792482188518194755e-02, -8.014729228442994680e-02
1.135469731035247372e-03, 1.053385281010745661e-01, 4.819672589107221877e-02, -1.635879898436105179e-02, 4.239305966264128676e-04, 1.104932813058759900e-01, 1.499038172314907102e-01, 8.168024124553729948e-02, -1.356100606220948801e-01, -1.423587871439243591e-01, 7.490772318286709197e-02, 9.391708956446200018e-02, -2.769139765410135335e-03, -8.807534376711343219e-03, -7.329753488457237121e-02, -9.707741801639523105e-02, -1.872473899229110950e-01, -8.163530037675202633e-02, 1.943770401458310981e-01, 2.451277440221254211e-01, 1.216380555255941187e-01, -9.950236661473588207e-02, 3.024050084654609713e-02
4.271409906243201632e-02, -1.669745858234110147e-01, 9.071534914855679255e-02, 3.099730649488613085e-02, -7.528724742778268586e-02, -2.180656056623226854e-02, 7.938136412315165147e-02, -2.720764665616489525e-02, -1.259526864091933263e-01, 1.503022215715388299e-01, 7.269643925764830705e-02, -1.672818636853955487e-01, 1.824500032472276267e-01, -5.623482884527267883e-02, -1.261456874748716761e-01, -1.110647406129049997e-01, 8.234427687793957965e-03, 2.177085113019420204e-01, -7.734720648265201726e-02, -1.221206262066494158e-01, -4.151739038813933441e-02, 9.780358243517965622e-02, -1.135379589084381385e-01
8.452197396761126913e-02, -6.551020394536516411e-02, 1.765967087051454887e-01, 6.083912334865435728e-02, 6.490689041594730271e-03, 6.636352227928524194e-02, -4.814789291189471021e-02, 1.163583611271406526e-01, -8.101288562768046986e-02, -2.228668909388089453e-02, 1.751496639885071968e-02, -7.981319124764782447e-02, 3.291424571131623591e-03, -4.928610695540919240e-02, -1.541111571340000319e-01, -1.141798094023066118e-01, -2.864530603298186609e-02, 7.030436708466407392e-02, 5.199104917898283301e-02, -4.172001677792520208e-02, -1.062279872346541670e-01, -1.681592585018246433e-01, 1.663976860617950582e-01
2.574942108662946552e-02, -4.699113441392091702e-03, 1.443565572009264941e-01, 1.091348942271132827e-01, -7.647663600894395730e-02, -3.823766696856878422e-02, -2.414560716337866009e-01, 7.217617800401029959e-02, 1.983307782946866216e-01, -3.782517620219029431e-02, -1.393951269400300376e-02, 9.189795298558564585e-02, 9.609961696906768602e-02, 8.922431346321386958e-02, 3.023360882850045783e-02, -2.136119256613169259e-01, -6.707747939030821172e-02, 2.121959223565612340e-01, -7.284936156610603841e-02, 1.692012893677769247e-01, -1.749549047905537280e-01, 1.226334222461373247e-01, -9.045906069046939779e-02
9.037348900402220053e-02, 7.801452378742537719e-02, -4.281912074172551652e-02, 7.002487879033938989e-02, 9.096947210073687284e-02, -2.776086086820169288e-02, -9.080546321427916678e-02, -8.010593057962947516e-02, 3.808409297037302493e-02, 2.213435534186190545e-01, -2.429870031640440214e-02, -8.528974241464187811e-02, 2.548852493473352174e-02, 4.322315176801595077e-02, 1.757331807791130684e-01, -7.966104657058948810e-03, 1.213482844718645898e-01, -5.169437379736523119e-02, 1.691477015514674873e-02, 1.238326149815996563e-01, 1.369253970916116669e-01, 1.534591139458692938e-02, 2.622730115496103159e-02
-3.229325491421757705e-02, 1.005510736750865330e-01, -1.031879415928314142e-01, 1.130546285923899885e-01, -9.911063216639208473e-02, -2.287311019156895373e-02, -1.730350631465010086e-02, -9.060290025988014528e-02, -1.143979371998068290e-01, -6.650352639958943823e-02, 3.251466155116121415e-02, -1.506675050713924546e-01, -2.647634857702696031e-03, 9.101158658475654029e-02, 1.347500561483865045e-01, 1.058078616410565859e-01, -4.732658316453276087e-02, 3.594422373552991906e-02, 4.397277565429252855e-02, 4.107696492864256615e-02, -1.000924917400656811e-01, -5.116212612527223924e-02, -1.266046146583974519e-01
6.414031361653359242e-02, -7.567745234821175726e-02, -1.124923808783083630e-02, -3.847105015870008748e-02, -6.496562887277580745e-02, -1.173288023873370889e-01, -6.676919381933621445e-02, -1.675643050582726890e-01, 1.355086712314766684e-01, -7.215264022520125053e-02, -2.520016083137351370e-01, -9.455053762475224173e-04, -1.648218329697115347e-01, -7.056823106404440382e-02, -3.715078911515128091e-02, 7.077210961581599513e-02, -4.055681056845120841e-02, -2.649982378615714507e-02, -2.991033809242063697e-03, -5.088259023050915875e-02, -3.165399981099636939e-02, 1.858942120935463682e-01, 1.072830762306773711e-01
1.128143426173736918e-01, -3.506474539443687512e-03, -5.339319413980501278e-03, -7.859340171363063399e-02, -9.655174929068201239e-02, -2.052258835163050035e-02, -7.912988391029333879e-02, -1.110066661859372972e-01, 4.358002144691698609e-02, 6.387387494049980192e-03, 1.087832959176677702e-02, -3.345348125727663768e-02, -1.656637099384916934e-01, -1.442670386112908654e-01, 1.355749712231588133e-01, 1.294277653040577236e-01, 4.719447843928075564e-02, -1.527397489550073317e-01, 1.154816754996002143e-01, -4.912982881960271941e-02, -6.123660019996634424e-02, 1.008495122431155543e-02, 1.935177059631576768e-01
-4.909363626204715086e-02, -3.419391003600190659e-01, -1.508046368907070556e-01, -5.087784388169947630e-02, 3.328195517204137199e-01, 1.725006384664779235e-01, -4.782011775190223718e-02, 6.588636214603156571e-02, -1.016220712273687050e-02, 1.006544907179953222e-02, 9.598312976577252562e-03, 2.771305342479968292e-01, 4.489970119441452634e-01, 4.237109693460455184e-01, -2.195217172138170247e-01, -6.649315017025547725e-02, 1.896172044367937515e-01, 2.423852997648786312e-01, -5.837522019892415343e-02, -5.321902183057874297e-02, -5.222337278097180513e-02, 8.137626802596266418e-02, 1.010313498952790517e-01
-8.878210242625946338e-03, 8.634532511064337001e-02, -1.270443695456565389e-03, 3.190587567511270206e-02, -2.253143902166040990e-02, 1.775014528460222840e-01, -1.637479808215925037e-01, -1.571878635061780410e-02, 8.920290371637644433e-02, -4.712046991946711172e-02, 3.616142408302979588e-02, -1.720982313035742534e-04, 6.591017270426384467e-02, 6.595836440663602196e-02, 6.527941504217370239e-02, 3.488655806547946020e-02, -4.074830397795423109e-02, 6.460226135325776442e-02, 2.594685836060510800e-02, 2.187451974651056369e-02, -6.784397384985429991e-02, -6.269996751096324795e-03, 1.158163457943980207e-01
-6.248797327503224225e-02, -4.500076011331045206e-02, -3.761629387267494823e-02, 1.711080320903769492e-01, 4.821568894425508345e-02, 8.717594863323517573e-02, 8.037499409550390161e-02, 9.941981930311365179e-03, -2.028831887585910362e-02, 2.864883048461732903e-02, -1.760582878058977382e-02, 9.697354154561180217e-02, -8.588056468700701329e-02, -1.386357040620793124e-01, 1.517391104839479754e-01, -9.392587135514773866e-03, 8.045934324316569852e-02, 7.676831020295502017e-02, -1.181148015877962199e-01, -3.473199585356614300e-02, 4.558488281700477651e-02, -3.880058504509512757e-02, -1.237169112341694743e-01
1.424290103799888962e-01, 5.639300801401553320e-02, -2.391391744180350332e-02, 1.596287103039921995e-01, -1.132011325162421596e-02, 2.836560222493822447e-02, -7.989711068191002186e-02, 2.042623881610751771e-02, -6.475758767930005211e-02, -1.124277544755564046e-01, -5.402047778655590105e-02, -2.501549339976057995e-01, -5.865490627304644766e-01, -2.892447864931077528e-01, 3.959923959704925167e-01, -2.198513638510276869e-01, 2.204642294247669554e-01, 8.940246273658081222e-02, 1.209722077374160293e-01, -1.492904443596843322e-01, -6.990898591758178127e-02, -3.109290050382283038e-02, 1.399457407839959089e-01
7.831489501715838131e-02, -6.404761369730469500e-01, -3.246665590953101005e-02, 2.176765137396502459e-02, -2.673246060056369555e-01, -1.537870527426600242e-01, -2.017096855622326212e-01, -1.240754306957913278e-01, -1.839888662181671519e-01, -6.610478209430119267e-02, -3.920533894364851002e-01, 3.388478316412454894e-01, 5.915211010519185741e-01, 1.321931049048154616e+00, 5.069942960881246991e-02, 9.558180021510809254e-02, 2.153213357021578067e-01, -4.196401996199642520e-02, -7.309076258817037708e-02, -1.363329567609689597e-01, 6.027257896339235227e-02, -8.160193078877771289e-02, -6.312113805400339228e-02
-6.487196636992834109e-02, -1.271887775367911644e+00, 7.045466005532188825e-02, 4.705045814869947274e-02, 1.596729272375774569e-02, -2.303526989906015676e-01, -2.609432831875210801e-02, -2.010746599003285506e-01, -5.247458464091898922e-02, -3.564506806706815301e-01, -1.686874666601895223e-01, 4.083025103876961603e-01, 1.035384337184099834e+00, 2.396950039952114864e+00, -1.081213289344410723e-02, 2.618968740231914505e-01, 1.196014616500948868e+00, 2.250885504083983413e-01, -2.225996708418344350e-01, -2.842326674822561183e-01, -1.492506164547276193e-01, -2.055714763969206937e-01, -2.692243695025667294e-01
-9.819945498475778078e-02, -1.056504644020366035e+00, -5.811863057467177296e-02, -4.787233892417354364e-02, 3.870442918505156427e-01, 3.683177519983121817e-01, 2.983488402351799351e-01, 3.451704069015941734e-01, 1.256277614269349190e-02, 2.239811635270274118e-02, -2.622719411416331026e-01, -2.599219153918675973e-01, 8.743430517367696275e-01, 2.034529168349822559e+00, -1.075315284162740442e-01, 3.354932042819226967e-01, 6.315334528287256388e-01, 1.965185678014074178e-01, 1.002041684482401877e-02, -1.142510024188952977e-01, -2.766192860350982774e-01, -9.360899013440565630e-02, -6.205828693162475374e-02
-1.137898728407876897e-01, -1.350822074670259720e+00, 2.981301627490707401e-02, -2.576162085522013846e-03, 5.381187012127106734e-02, -2.168877334450663164e-01, -1.469899252125585476e-01, -1.637733276250692982e-01, -2.859559692906911144e-01, -3.178556493140209382e-01, -2.792061326498468388e-01, 6.532117313449300466e-01, 1.052274798275660395e+00, 2.546248459089883287e+00, -6.835387122824779053e-03, 3.298341731096110507e-01, 1.002618676469251069e+00, 2.579871387547031936e-01, -4.702097030742144468e-02, -2.577278825955939823e-01, -1.318451043906020692e-01, -4.850944429050674939e-02, -4.064065551435870338e-01
-1.208287273363541255e-02, 2.424116484108918834e-01, -5.841594610199618565e-03, -6.468483935787849859e-02, -1.063295455621655616e-01, 7.911604577824635220e-02, 6.072871948070864001e-02, 1.495143791522968724e-01, -2.137352759596613389e-03, -1.018560080947933100e-01, -7.128835383050756425e-02, 1.149690730910369468e-01, 7.239944982843037058e-02, -2.153386693788738454e-02, -2.683270775323840993e-02, -5.050317768562892495e-02, 2.878072072683053942e-02, 9.021701250639650727e-02, -6.804098030386465656e-02, -6.436154544152047907e-02, -1.622081640923240531e-01, 2.440047315828016983e-01, -1.714451705166679663e-01
-3.450060423979646462e-02, 7.352113951816949267e-02, -4.025587071315989834e-02, 8.445971768896066642e-03, 4.634437866565199737e-02, -1.209399399459462100e-02, 1.333651507369173483e-01, 8.215300775273137734e-02, 8.408113246199631907e-02, 1.393042289876755130e-02, 3.594314571870595165e-02, -7.484938121663271826e-02, -4.045702264728649744e-02, 1.272947087425576052e-01, -4.829393980658680530e-02, -2.060666609568656549e-01, -9.759637096910588755e-03, -1.757442012221497873e-01, 4.643282254356072281e-02, -6.957057534659420728e-02, -3.032167976335177206e-01, 4.542421590993210578e-02, -8.473588200459379605e-02
-1.347024198095939096e-01, -1.464379729549849241e-01, -9.479875580572787175e-02, -8.461086486856898847e-02, -1.569255550840539526e-01, -1.024618840880174159e-01, -1.122061798557585643e-01, -1.458054979815245622e-01, 4.392561045925133523e-02, 8.316345676929648434e-02, 5.679549556820608081e-02, -2.979923235974466511e-01, 3.055099984646871686e-02, 1.618243187752834433e-01, 1.447992050083583004e-01, 1.534299582596887201e-01, -9.768538330182924279e-02, 2.361661810228914919e-03, -3.991158252960502664e-04, 1.208904538792433814e-01, 8.833774488647296030e-02, 2.411018996082289201e-01, -1.016912931693362554e-01
-1.523142858738259775e-01, -1.366246473423967378e-01, 4.139587865345447509e-02, 1.204295165198418227e-01, 3.858801735864042515e-01, 4.470207890215892044e-01, 2.605504395421222585e-01, 3.342293040965350626e-01, 2.879033448341082879e-01, 2.042013595408013193e-01, -1.363936365396161386e-02, 3.340933344967023100e-01, -9.408669295769001018e-02, -4.236984210407861995e-01, -3.378548268794936971e-02, 1.598651857652451658e-01, 1.573287387133920912e-01, -1.202928062888989208e-01, -3.880249042798066678e-02, -4.504160222718744250e-02, 5.274939453090869007e-02, -4.378671235350471702e-02, -1.388194871226809124e-01
1.071075125056804855e-01, 1.097227614908364013e-01, 1.872615044697166498e-01, 6.146665081542016656e-02, 1.469647328914759077e-01, -3.895757608067024896e-02, 1.064971338145837276e-01, -1.605067018425382075e-01, 1.199440942330753240e-01, 8.319206309694453239e-03, -1.487553371435022288e-02, 8.322360657100554004e-02, -5.067802294882450126e-02, 1.910997111307037033e-01, -2.381953025471461247e-02, 8.962824372454845923e-02, -8.101125668735884022e-02, -2.279346919655920664e-02, -3.164496506791745351e-02, 3.265935053769297713e-02, -9.865926742153249829e-02, -5.206519418082013878e-02, 8.048111007035646525e-02
5.830116287729517066e-02, -1.152589786731362947e-01, -7.244514081908867698e-02, -2.782003840175637649e-02, -1.071485719491095806e-01, 2.316114824318488419e-01, 6.000922830447614348e-02, -1.122268521100766303e-01, 4.409335128489429850e-02, -1.300057646934480171e-01, -5.402743421044680500e-02, -3.078280278659424607e-03, -4.225116796152836481e-03, 7.158382062799129031e-02, -1.407215588502646816e-02, -2.047113596476777403e-03, 1.670047108689646023e-02, -2.638627751058283261e-02, 5.928794947204384796e-02, -1.517732659535891149e-01, -1.306258089667300393e-01, -7.466154575625727485e-02, -1.084013641304463170e-02
-1.215988943402651623e-01, -1.147882440223032680e-01, -2.107721057359423708e-02, 1.171687067113821867e-02, -1.636402922563697238e-01, 3.121988781128470086e-02, 4.100656095188054406e-02, -4.094346107657615558e-02, 1.367356149941429712e-02, -3.111684323773204405e-02, 4.902392230425031694e-03, -7.361690197280566783e-02, 2.670357680540454831e-02, -7.115145756567869961e-02, -1.613017875334422369e-01, -1.320874682758224833e-03, -5.449217763952089733e-02, 2.037225153780809631e-04, 1.272983285461984082e-01, 1.104872327401743883e-02, 1.021373148736301473e-01, -1.583490754406255419e-01, 1.416089526883984873e-01
3.455799329762714034e-02, 2.117426640572625807e-01, 1.617476104682630533e-01, -1.032331370153930089e-01, -5.089274325860180387e-03, 2.686739810525331368e-02, -7.086697462803338843e-02, 4.664743231718739523e-03, 9.322118358364948898e-02, -1.627064590702844982e-01, -5.568168490351777661e-02, -1.875929693240220020e-01, -1.046990865764379532e-02, 1.762745696239464629e-02, 1.685618824218962919e-01, -1.685233717400084208e-01, -6.486322993088335098e-02, 1.583199707823237379e-01, 4.873121978603484755e-02, 2.211679229087358811e-01, -7.605643848877123581e-02, 1.676891832975814511e-01, -3.626466714369264155e-02
-1.488674650726904969e-01, -3.596842564706449752e-02, -6.371248047338808063e-02, -3.418792033199202773e-02, 2.867314384265992958e-02, -1.759384857371804750e-02, 5.864399771885840662e-02, 1.570250351256979524e-02, -5.473058647307225445e-03, -2.279076468287308532e-01, -3.778900046718940142e-02, -2.347158406039300815e-01, 1.801616627257369707e-01, -9.756814088358242709e-02, 1.949004888223901388e-01, -4.877191871163646247e-02, -6.476837057730606972e-02, -9.360275957801930582e-04, 5.702937702090202926e-02, -4.006015008169036551e-03, 5.057865282250249839e-02, 7.490245432047891450e-02, -9.285624575172887751e-02
-5.623486159602589934e-02, -1.117505666770033795e-01, 2.796213758706824273e-02, 7.742660507119383806e-02, -3.981426266460107166e-03, 3.860908273243763428e-02, -2.224491613620712890e-02, 1.286947212393053652e-01, 1.701963626617424008e-01, -2.133979084053875402e-02, -6.511812120768668832e-02, -6.753876186234189505e-02, -3.514756017397983878e-02, 6.457397735604736289e-02, -1.789772301936629895e-01, -1.425555238298911211e-02, -5.809153518877023005e-03, -1.151525159142706423e-02, -1.756060885479823405e-02, 1.895480181035961442e-01, 9.461116112075582119e-02, 4.342083027209409779e-02, -1.323773145463210954e-01
-1.801254805742025233e-02, 1.515969446838745238e-01, 6.473378372136726067e-02, 4.205642050256903908e-02, -1.342899294807424759e-01, -3.347468810882158613e-02, -9.748423418319657197e-02, 7.037046285231786380e-02, -2.166678829803535961e-02, 1.170640414552285014e-01, -4.349228245302982215e-02, 1.309149068104309144e-01, 1.768438486892752459e-01, -6.612997461203520833e-02, 1.637178733388644850e-02, 1.618216307171452539e-01, 2.640658548228808078e-02, -3.986546422654381472e-02, 1.299686232148997145e-01, -5.084704201543881891e-02, 3.068719214192232314e-02, 1.077255135985024925e-01, -1.363733519604617417e-01
-2.641157269628383736e-02, 1.289072614803465633e-01, 2.594392395039781807e-01, 5.012123126099246595e-02, -1.649250244945382401e-02, -2.465539336473175080e-01, -7.596204565066199191e-03, 1.612642495727295566e-01, 1.863283402908003650e-01, -3.607453282820224233e-02, 5.347893439868375148e-02, -1.472305545888594469e-01, 1.125602708163340737e-01, -1.927956729066436503e-01, -6.972203984048552794e-02, -1.595453050380239712e-01, -1.357774316674373039e-01, -1.280938469009974545e-01, -1.774257637817328315e-01, 1.149846972748121143e-01, 1.305879212318931115e-01, 3.364887488396634679e-02, 5.474435214125628751e-02
-5.457189904736915037e-02, -2.330803568979873952e-01, 3.955872977479526348e-02, -1.232597778990382059e-01, -1.139312252807835740e-01, 8.350976800464871008e-02, -1.416997593519918885e-01, 6.013740770810534209e-02, 1.144862327134289898e-01, -1.241153582853770504e-01, 6.597717489089894791e-03, 2.103036097537062249e-02, -9.195836064399072474e-02, 4.706474540710501643e-04, 1.470936580706692920e-01, 1.428675607957307914e-01, -3.597625189646951049e-02, -3.016509104785541212e-02, -1.017266972406845500e-02, 1.809810508131960149e-01, 1.155332460004235562e-01, -5.291424172148679467e-02, 8.537507035193282745e-02
2.311075454623844339e-01, 8.041805768569371127e-02, -2.046357172835793978e-02, 6.318522356609015955e-02, 5.459121442201347874e-02, 6.286672042273001859e-02, 6.454709296413237152e-02, 2.931390156939420524e-02, 1.685467146957234374e-01, 1.635616356412963601e-01, -5.489898643674447770e-02, 4.883040130742313106e-02, -1.436516707774081539e-02, 6.828943773777884640e-02, -4.290644968648341800e-02, -3.077270931128074302e-02, 4.078693781343812469e-02, 5.769919152443674093e-02, 1.667127983896041915e-02, 4.520488285818709956e-02, -1.048677719242379208e-01, -1.474350100407434139e-01, 8.188817279526450221e-02
-5.618026297571978439e-02, 3.597525546565319421e-02, -9.861928426404417691e-02, -5.300291104933051167e-02, 2.740710653282409787e-02, 6.421366450937300574e-02, 1.172142751902039426e-01, 9.278051642799964305e-02, -2.494524413811868846e-02, 1.541284189047921749e-01, -2.328309935667907671e-02, 5.777712691108967402e-02, -2.766902249659871638e-01, -1.766932927170555834e-01, -2.709515876349590999e-02, 6.503887972176537746e-02, 2.280604345888715551e-03, 4.944850059140967063e-02, 5.541762567943831624e-02, -1.367385642688894454e-01, 1.821563561819104782e-02, 1.234579536033359043e-01, 8.818987264373541468e-02
4.624879109543311023e-02, 5.003216174118912257e-02, 2.087202495383929657e-01, 1.034836855822693774e-01, -1.077084208206653543e-01, -6.219737722433148902e-02, 6.186200669721369366e-02, -8.473465786859431248e-02, -3.144634526893734516e-02, -3.955705735146383684e-02, -2.427626782262474470e-01, -2.877886389957071134e-01, -5.370623263082200394e-01, -1.424749578703749520e-01, -1.323168519519797026e-01, -5.009594880730761091e-02, 6.328870044165940678e-02, 3.257631345379297660e-01, 1.517555953473449792e-01, 2.734604596255801323e-01, -1.332898751185100927e-01, 1.223201884606131030e-02, 1.240580111151742826e-01
2.161220131579459913e-01, -1.658966006647883545e-02, 1.552842413141296563e-01, -3.585459331044783121e-02, -5.064460715660737411e-02, -1.355978240586284134e-01, -1.618824025372537778e-01, -1.300242792563580108e-01, 1.304487575180607872e-01, 1.474108304999068308e-01, -2.057219155617262263e-01, 2.379273725807497242e-01, -4.622005585251686699e-01, -1.724777466473204623e-01, 2.934154310041784397e-01, -9.940331822409310958e-02, -7.254921781957543447e-02, 3.940977234343056440e-02, 1.422790777985167565e-01, 6.445709937244357979e-02, 1.152606809655684211e-01, 2.659380469144386749e-01, -5.042229821860661192e-04
-1.072130240739236351e-01, 8.494161976572817130e-02, -9.112660198946337387e-02, 6.954012957927394045e-02, 8.009953831570040816e-02, -1.492177471157498381e-01, -4.791099180706537286e-02, 6.641031364698088413e-02, 1.083498863907666199e-01, 2.008027614102178837e-01, 5.971778054380393053e-02, -7.756521776404196045e-02, 9.082184993777946136e-02, 4.509261531156790598e-02, 1.440890545437368553e-01, -2.685235423753607950e-02, 9.401792326885387296e-02, -4.860072103585867664e-02, -5.835803714760411792e-02, 5.917053708673353229e-02, -2.455300095433557081e-02, -1.401349744899592353e-01, -7.522808571911532294e-02
-5.357082182618615879e-02, -1.360500697600577381e-02, 3.526412667324612532e-02, 2.296714265549761602e-01, -2.077534313976984320e-02, 7.772420285582722077e-02, -1.596422977369911858e-02, 4.940154806097527256e-04, -9.457694582453197996e-02, 5.266622244808691344e-02, -2.325138022274786387e-02, -4.283308305576901537e-02, 6.611100828352776092e-03, -2.613319139375133160e-01, 2.897333235056069323e-01, 6.302258695522773568e-02, 6.004883197170618470e-02, 4.057121022929120746e-02, -1.037120247144173446e-01, -1.470647265892693345e-01, -1.585799832422224998e-01, 1.075531339203606440e-01, 8.062410913383177835e-02
-2.577358220955254797e-01, 5.048769888047563437e-02, 2.446038900187443715e-02, -1.151558230191069010e-01, 6.316834330988987944e-02, -1.719765074138847605e-01, -1.289172976231671708e-01, -2.845388370788698787e-02, 4.325698212288561773e-02, 5.546984025614931646e-02, 1.001351568729020314e-01, 5.363258251454228187e-02, 9.724972051034488918e-02, 1.243553697777087796e-01, -4.440961117676436171e-02, 1.142008598823433807e-01, -2.153853944284783717e-02, -9.308137996831415337e-03, -2.746905861441620994e-02, 2.633860658244836263e-03, 2.282147139532038262e-03, 1.128433726667279063e-01, -9.511150070422277891e-02
-5.270644602792089184e-02, -1.009588841343369986e-01, -6.379114910695660168e-02, 2.731631225563904003e-02, 3.874358601911632310e-02, -1.091014501903546929e-01, -5.123861506740618604e-02, 4.065597550393637571e-03, 7.703077918138825919e-02, -1.327303547707754487e-02, 1.293965614195516020e-02, 4.879153133737406528e-02, 9.498056370224228218e-02, 2.204858282494679550e-02, -7.597264277978398039e-02, 6.439914580331612681e-02, -3.011295342995051055e-02, -1.046482809495180438e-01, -1.225084556258998064e-01, -1.369966892759110107e-02, 1.023797452536222112e-02, -1.097611479470231161e-01, 2.194401387983900900e-02
-3.575000997000994662e-02, 6.535573348439528696e-02, 1.827208815069798764e-02, -1.353072178837451400e-01, 4.392459546364287093e-02, 1.168222901081109044e-01, -1.849290634948440315e-01, 1.220172591229448829e-02, 5.244289230184769751e-02, -1.252443730812951850e-01, -2.640235890301546040e-01, -2.455512955163964561e-02, 3.670259682047098682e-02, 2.027365105892826036e-01, 5.402376514530989049e-02, 1.557724264728537270e-02, 9.421586166521925265e-02, 3.020915539749137804e-02, -1.381487072997546750e-01, -1.238189194054968717e-01, 5.523966966892325525e-02, -8.950214850079896145e-02, 4.435333003953073616e-02
3.997635666629494045e-02, 1.527728392472427477e-01, -1.437309495547531568e-01, -1.058742526531686323e-02, -5.029314302010449295e-02, 1.293168089760874107e-01, -1.039620844119692883e-01, 1.197453687683667084e-01, -9.406508181344583330e-02, -7.836310365813038692e-03, 7.880733228053045381e-02, -2.341267539353127439e-02, 1.335687666098647752e-01, 5.247047226365034178e-02, 2.343734094060240247e-02, 3.885266697058029073e-02, -6.084314697496000235e-02, -1.077923224505870775e-01, -5.927344856927164313e-02, -1.570169443165200518e-01, 1.226938707555886993e-01, -1.345638206428622086e-01, -2.329413040187297904e-02
-7.652975070587181294e-02, 7.530710026907359855e-02, 1.303312347031385376e-01, -5.743234410066611062e-02, 4.231095139133111277e-02, -7.727623347398226983e-02, -2.550234443105308182e-02, -1.557986053152732864e-01, 3.690412366471723660e-02, 5.217042153947946959e-02, -1.024348875399782796e-02, -1.831524405578940362e-01, 1.221688497139313545e-01, -1.383084217825620854e-01, 3.762568860593462627e-02, 3.136994869916780171e-02, 1.717746284784201025e-04, -1.694517932961454032e-01, 2.002315538685388308e-02, -3.040476001265488351e-02, 3.663886569400952049e-03, -7.095890400421707433e-02, -3.973429261654509714e-02
5.441926195852629655e-02, 3.772915872343010069e-01, -1.126646916471007870e-01, 7.928712487980871249e-02, -2.301909174547242254e-01, -3.882881988806414220e-01, -2.796955527945653164e-01, -1.809197879908230611e-01, -3.162615836829753002e-01, -2.221631913065503228e-01, -3.555288862207230949e-01, -1.789433317895851860e-01, 3.351723716386956209e-02, -2.202697010868838734e-01, 1.691151915878207415e-02, 2.491644423768713534e-01, 2.490079745786949184e-01, 1.124864277442144539e-01, 1.960268528859018256e-01, 3.765753462030828336e-02, -2.367920130057800387e-02, 7.669642241455380816e-02, 1.900391519117398398e-01
-1.064653692418005004e-02, -4.420834460179588060e-02, -2.258332176972824984e-02, 7.831508966048493503e-02, -3.481464704664253285e-01, -4.607372429016945437e-01, -2.842896997454165131e-01, -1.958526172580346003e-01, -3.710728147859521098e-01, -7.414982416328402826e-02, 1.803160730338790041e-01, -2.343043928583126989e-01, 2.307114584438666183e-01, 5.554099419302932494e-01, -2.920396851315420952e-03, 1.653848305719373135e-01, -2.549549265461549252e-01, 4.137144624122572611e-02, -1.126457811789043917e-01, 1.449345418128961671e-01, 7.219790657314333060e-02, 4.894569496683112003e-02, 7.160961174654524586e-02
1.163726821728181815e-01, 2.422606013589098106e-01, -7.901023325984110612e-02, -1.830441086903334125e-01, -1.060779393334540938e-01, 3.559081135821721975e-02, -6.419005995912988038e-02, -1.709672752761565440e-01, 6.557084568564212901e-02, -5.265749806196750975e-03, -8.179929821019783776e-02, -9.003477051115171825e-02, -3.977673175902430441e-02, -1.455072721703456751e-01, 8.352632877335089412e-02, 1.109159613581226222e-01, 9.259194365280537520e-02, 8.131565719377904788e-02, -1.014793486930397511e-02, -1.504149134198640436e-01, 1.833554543408498494e-02, -1.576604621641137377e-02, -2.435249878389435588e-02
-6.135320735231084011e-02, -4.904697769406674707e-02, 1.516367368032056628e-02, -1.229773508060501980e-01, -4.383920830260513296e-02, 6.719405469540240539e-02, -5.247873522087184717e-02, -4.099490524027039895e-02, -1.078255405887050405e-01, 1.374061821788143817e-02, 5.875378377153592929e-02, 2.489069627090300697e-03, 2.652238562692784685e-01, -1.334267482122923898e-01, -4.805812686947208423e-02, -2.763043604473489762e-02, -1.544955336662757195e-01, 8.362889635013411038e-02, 2.403255026795511895e-01, 1.241847295723467609e-01, -5.078480815693707691e-03, -4.211705511409897379e-02, 8.211487030205508186e-02
1.064743076343967476e-01, -9.245965726894736503e-02, 3.828074118544470134e-02, -1.183534237787152166e-01, -2.325876646924929791e-01, -1.303587130257023718e-01, -1.055848390216284766e-01, 5.825600456250071280e-02, 7.521370359683988982e-02, 2.809035661296362396e-01, -2.054729008360783524e-02, -4.441808281211270110e-02, -7.900861848725956177e-03, 5.728969622523130689e-02, 8.081773318250676241e-03, -1.382945794837945330e-01, -3.013130947575234572e-02, 4.670523079142318429e-02, -2.626106402629300660e-02, -7.631594396843872918e-02, -2.276397769389468528e-01, 9.963367074195748907e-02, 2.057098376652723160e-01
-4.584240673490298790e-02, -3.181188323225834363e-02, 2.030546246260439558e-02, -1.433452877734077147e-01, -2.721701651528206090e-01, -1.417892336466560974e-02, -5.522477409165172518e-02, 9.765601232295724465e-02, 7.259412732322043094e-02, -4.389152155554989360e-02, 4.648677996580293653e-02, 5.224254462996267417e-02, 2.532134878497463437e-01, -2.242622849637567473e-01, -5.235940793976360391e-02, -1.345649139940317991e-02, -3.236488400396143189e-02, -5.242612784304431306e-04, 4.643705284507404496e-02, 1.446392095268361211e-01, 1.791797533152916441e-02, 9.908717681193725257e-02, 1.099148016680209228e-01
1.323766743889023649e-02, -3.649670327770302425e-01, 8.127378407254025328e-02, -6.459064015033469386e-02, 1.486387458020970997e-01, 6.885535891283084409e-02, 2.117207639932311425e-01, 9.423910656661710350e-02, 9.138014973033990740e-02, 1.670755081089034810e-01, 9.123717869966721516e-02, -3.273647216262252080e-01, 1.488542116485372380e-01, 7.613230859338572243e-01, -5.023568221230890335e-02, 2.757844188138302566e-01, 1.826566879568552459e-01, -1.946875581822185564e-01, -6.373662323186475576e-02, -1.177527202770259074e-01, -5.478185514378620252e-02, -3.043432725348388553e-03, 2.555757665618562866e-02
-3.207281666850429064e-02, -3.697265194083567547e-02, -1.018327870510943312e-01, -1.883784485135757691e-01, 4.990753663122936556e-01, 3.181356996667181747e-01, 1.550301748537577795e-01, 2.336035738158908914e-01, 1.916603188500093369e-01, 1.836912619155231519e-01, 2.798916383197137120e-02, 1.710660064026283400e-01, -3.906037176432752833e-02, -5.542173512817751835e-01, 2.536192479673572350e-02, -1.684034297294797478e-01, 2.886342316500455918e-01, 3.327579626848786026e-02, 1.105808506619802845e-01, -1.970106782161322207e-04, -2.158442228422464970e-02, -1.226934537910966405e-01, -1.175357021798892204e-01
-1.101887678456317105e-01, 1.148656660009504393e-01, -9.911374941283351836e-02, 1.357975934070783375e-01, -1.315086141989516844e-01, 3.763454591229162954e-02, -3.872283596483160062e-02, -5.673885852163727816e-02, 1.802756969859966099e-02, 3.630022130546595865e-02, -8.285281680420705785e-02, 2.951129529999790280e-01, -5.384321767812242365e-01, -3.218857118132940620e-01, -2.181468492919177160e-01, -1.150664679714053368e-01, 4.788149763311327217e-02, 2.385741759629169678e-01, 5.888910366370453398e-02, 1.598985922101370249e-01, 2.492359197292918493e-01, 1.415793247592171955e-01, 1.808925246371889672e-01
-9.555050051296270011e-03, 2.751915636487768380e-01, 2.507019066110447586e-02, -5.248208947777264349e-02, -6.528727114103258233e-02, 7.670762314246827585e-02, -9.857265107371870547e-03, 1.526026489868571590e-01, -1.030219521854291581e-01, 4.849813303015433619e-02, 4.414165549785267761e-02, 2.184215851681307885e-01, -1.062201160022205049e-01, -1.265797669024250061e-01, 4.960553741908918512e-02, 9.788478565423874844e-02, -5.903319682436745236e-02, 1.384776860867230619e-01, -1.596301325763124779e-02, -5.215392348542664119e-02, -1.469752021592591884e-01, -1.418954734885321811e-01, 4.090678570696765909e-02
1.202152711245774996e-01, -1.979328042828709319e-02, -1.289544840569100126e-01, 2.572578575145340052e-01, 1.977327122477963829e-04, -2.582176190995561990e-02, 1.788017113031177205e-02, 5.979161874249776243e-02, -1.065627531907580167e-01, -2.462245841446466729e-02, -3.041515221576985770e-02, 8.679116902444845849e-02, -6.943506081361817787e-03, 2.058473033073366376e-01, -1.908916228226317791e-01, -2.709268302198142297e-02, -9.498097560435433961e-02, 2.523642529347718821e-01, -3.500079603101698827e-02, -3.352056095396466900e-02, 1.024587138938942987e-01, 6.968744718581149078e-02, 4.141524757304676507e-02
-5.250564378474511379e-02, 2.488734132573041935e-01, 1.657157162989082444e-01, -1.774879585756147515e-01, 1.334744147723117801e-02, -7.637534055416582424e-03, -9.646769755737580332e-02, -1.549535250729060787e-01, -3.468204987422633667e-02, -9.010437029469649250e-02, 7.029056352411743036e-02, 1.326680412904375772e-01, -1.444146511616814232e-01, 2.521062474019840627e-01, 4.757960495050003735e-02, -1.396294560939444485e-01, -1.931937339105556928e-01, -9.239806969878047727e-02, -3.260210078392652977e-02, -6.734080729082476957e-02, 3.442900085108080432e-02, -2.349051656540087352e-01, -1.352638281617556289e-02
5.481772506631044095e-02, -1.168778315968815595e-01, 1.181461447202167558e-01, -2.339404910641165736e-02, 1.236711392424461875e-01, -5.077004437624012267e-02, -3.358440709576474698e-02, -3.414357465045191747e-02, 2.277905082749083487e-01, 4.181842884023704437e-02, -6.369656315018683290e-02, -7.496157655122469982e-03, -4.751584553514010684e-02, 6.339193716536595247e-02, -7.997888539047125211e-02, 9.736153746665614228e-02, -4.839414639405743152e-02, 8.951522067125067608e-03, 2.346661796226285138e-02, -7.338538068243363743e-02, -1.855380476732314265e-02, 1.460535860692001031e-01, -3.388870277048018631e-02
7.184814060188933482e-02, -2.533751134866613422e-02, -3.576604584539485113e-04, 9.131235293726437663e-02, -2.264483058998524312e-01, 9.873551656412640765e-02, 8.586355413226404165e-02, 1.654305460248402943e-02, 2.484076405963407952e-01, 3.250529500289826845e-02, 7.569618274358741461e-02, 3.790385818494881182e-02, 1.054425243005719381e-01, -1.405502850257551832e-02, -1.689734679568192371e-02, 6.933063157453017711e-02, 4.121671539739801132e-02, 2.797772381365760119e-01, -1.226429846697720503e-02, -7.673818539172481967e-02, 2.156432965167255633e-01, -5.488298181961845379e-02, 3.930782478980154176e-02
-9.275695717296665588e-02, -6.671685724138910756e-02, 2.160198959522976470e-01, 2.599193336803853893e-02, -8.263126798545981921e-02, -1.272715510156648133e-01, -1.413849815555831280e-01, -1.488189010059103312e-01, 1.869238863783139748e-01, 1.976785321012890229e-01, 1.879329737245509779e-01, -3.899822456046193181e-02, -9.359237358123383144e-02, -1.083484299590116717e-01, 1.895495110831435237e-01, -8.661220048622263190e-02, 1.423358695146196467e-03, 2.351328882911450646e-02, 1.206299452981578341e-01, 1.576846622747539173e-01, 2.725174207394309017e-02, -1.060239809836297925e-01, 1.070730674626559900e-03
5.318478961526160870e-02, 1.004666640337978228e-01, 1.044556500099655533e-01, 8.357417656921270477e-02, -1.985634680864651475e-02, -5.080385871211681031e-02, 1.692625282395480979e-04, 1.587425993547234293e-01, 2.066406992004139465e-01, 9.952546204447719480e-02, 6.694022041517474347e-03, 2.480966013701367823e-01, 2.615410874107841968e-02, -8.429733563892096229e-03, -9.056457317258516382e-02, 1.032235094458911484e-01, 5.046412100359617264e-02, 7.995906976297226330e-04, -3.526586296158472356e-02, -6.022073242975063689e-02, 1.687096452033599314e-01, 1.288334195108138402e-01, 2.211335474898742659e-01
-7.805427764609418513e-03, 3.828584493089354918e-02, -1.092651141489676125e-01, -1.504531599784509066e-01, -3.442860487951694692e-02, -4.120010581405857825e-02, -1.140902780505313602e-01, -1.823132111570918701e-02, -5.740979266366029454e-02, 5.351840494275202087e-02, 8.841854805038966425e-02, 8.849889181325441834e-02, -1.261265068347754426e-01, 4.057920782432718892e-02, 1.288462422819085240e-01, 5.070828951761388592e-02, -2.115846373795358948e-01, -1.399739526558728409e-01, 1.646658595596601493e-01, -2.040914008434895621e-01, 1.590444834218204539e-01, 1.546024238944124739e-02, -8.475799386080994091e-02
-1.112654112376937066e-01, 6.931754111532989482e-02, 3.282524403085460701e-02, -7.937827280156821430e-02, -7.157227619833601839e-02, -1.239656044901777249e-01, -2.366543267101906337e-02, -3.575055953271701059e-02, -1.444291722415859680e-01, -2.190687372858063364e-02, -1.417325255356100266e-01, -6.548787080721454879e-02, 3.155202958516819395e-02, 2.412391175953828848e-01, -2.141364807900750511e-01, -5.850487398126431871e-02, 2.110816147120632771e-02, 1.474902514896182792e-02, -5.190576877373546949e-02, -9.934608703704103649e-02, -4.443532526196569687e-02, 4.109248912861113850e-02, 1.704265084491617815e-02
-3.466582821244042212e-02, 5.171574003373669015e-02, -7.725141962039654142e-02, 9.125409207594813166e-02, 3.111762846306382127e-02, -1.427250241547660670e-01, 5.027439783881792329e-02, 8.665423428541323136e-02, -9.801919709603644504e-02, -3.045929872697481638e-02, 1.414461761167885023e-01, 7.696922439839187779e-02, 1.388932555245659187e-03, 3.817067713299022308e-02, 1.371070331815896770e-01, 3.425886578728253723e-02, -3.514358785608984181e-02, 1.059796841464710898e-01, 2.109284613422228449e-02, -2.406620264906753348e-01, 6.885404184360557900e-02, 1.778088736503522227e-01, 4.071058089590415957e-02
2.950496211247365802e-02, 1.341780400888800961e-01, -7.259329098682362758e-02, 4.700202262135987075e-02, 1.462222500411097248e-01, -2.362040527349826280e-02, 1.861328252991295562e-01, 7.232613661169771946e-02, 6.671312474642922263e-02, -7.428246369088371825e-02, 4.620716155646178297e-02, -2.554216705217342634e-02, -2.564908649550275404e-03, -2.475833937165960660e-02, 6.799215558962778960e-02, 7.578695550071140596e-02, -5.561541615857450160e-02, -1.802740525409149697e-01, -1.637254717740066479e-01, 1.144174395714374175e-02, -1.075867112975529005e-01, 1.881675261042767278e-01, -1.151081531623197353e-02
9.512826239516991578e-02, 7.570565648647537005e-02, -8.837075359101290162e-02, -1.703620356737872432e-01, -6.904697155551658971e-02, -1.220018450009135724e-01, -4.023857221864873129e-02, -8.649755748210880002e-02, -7.445249721799244991e-02, -1.449603491726738635e-01, -1.687345260346284348e-01, -3.208778617137509476e-02, 6.097082479537330874e-02, 1.600542748267825832e-01, -1.061080429147467502e-01, 1.675615760655513875e-01, 6.545724661077809148e-02, 4.388663174978605502e-02, 1.011386876796937020e-02, -7.242818326221553416e-02, 1.867459892521756148e-01, -1.099225799468865616e-01, -1.742040141679857546e-01
2.646619964325365795e-02, -5.159748515400829766e-02, 8.859352326855342297e-02, 3.797523653852540818e-04, -8.911263825341773914e-02, 1.402025786019592268e-01, 1.317473497029075236e-01, 3.986020969660458713e-02, -4.814776181098017610e-02, -4.339771317130648731e-02, -3.711555077365183419e-02, -1.572049860289436926e-02, 2.784974882346638245e-02, -6.484976027039013324e-02, -1.573784839657591250e-01, 1.035414583806078120e-01, -6.176216898493468860e-02, 1.905900688404808530e-01, -1.984825395324277264e-01, -5.038459672977861625e-02, -5.454505036409728648e-03, -1.616278395625888598e-01, -2.443218708225167735e-01
2.056359358032575635e-01, -3.343819288373466037e-02, -1.212678343562675898e-01, -2.591182688210343088e-02, 2.350744195873478437e-01, 1.459007485437101292e-01, 4.420878692489618039e-02, 8.563401094670995695e-02, -1.681574926055095023e-02, -7.270774399952348310e-02, -3.466241950932857918e-02, -6.938665443119630682e-02, -1.329078856581535351e-01, -1.255887947613705258e-01, 1.314767980110963796e-01, 1.099138941219843235e-01, -8.637225583073114207e-03, -7.036285144488546583e-02, -9.637331891398027289e-03, 6.737580098624677827e-02, 1.308837962408307687e-01, 7.273967031719100196e-02, -4.880465802185150401e-03
3.011514501876641145e-02, -4.728802472433367710e-01, 3.802807972390435942e-02, -8.347313289005463266e-02, -1.820296350107664454e-02, 1.360473953127177725e-03, -1.773474953236562901e-01, -9.356561134531550528e-02, -2.830260284722316277e-01, -2.559569308221013029e-01, -2.083266949309820759e-01, 3.267763229686492799e-01, 4.535344349747122972e-01, 9.511260287161460436e-01, 4.031446547974191358e-02, 2.908210189469924087e-02, 2.718126275176337425e-01, 6.774533570661729620e-02, -5.707485684683846067e-02, 8.421316416206967026e-02, -1.562364082260324083e-01, -3.029288120963629649e-01, -3.717726542015224039e-02
1.403523135716886749e-01, 1.521802358409901912e-01, 8.597658302884307602e-02, -5.846644566807474019e-03, -3.930748319108318296e-03, -9.382899438891113830e-02, -8.136680081360815608e-02, 6.974584258689806027e-02, -8.838904191255120280e-02, 1.903234131408285956e-01, -5.692148812097701759e-03, -1.950991653941310661e-02, 5.202508146774001418e-02, -2.889812736536054305e-02, 1.327212276862977658e-01, -2.194093594595334373e-01, 1.485998123578766150e-01, -1.763572173419632738e-01, 1.855166262836112009e-02, 1.222778116552170891e-01, 1.058876552326624802e-02, -1.349522805788435920e-01, 2.705478478741256063e-02
-1.134208070387647260e-01, 2.211984641923151612e-02, -9.687921219964620856e-02, -5.760574908677997680e-02, 1.081301779094599458e-01, 1.279600323973273564e-02, -4.083107791371709538e-02, 7.934169188301404274e-02, -5.885352601378717602e-02, -2.112539886522630042e-02, -2.320147587733238648e-02, -3.505660174350053865e-02, -8.600191179637999006e-02, 2.043996774985810949e-01, 3.292287289268758244e-02, -6.323033190209707832e-02, -2.244693035099087075e-01, -1.707564587336350970e-01, -9.612237676719366519e-02, 2.093102066199369754e-02, 9.375632136839932851e-02, 2.868654391999079026e-02, -7.442904246044707017e-02
-1.379173570176988051e-01, -2.954641464441390974e-01, -8.356368024018728802e-02, -1.100294222777910280e-02, -2.900628363121923042e-02, 1.640428818095485686e-01, 1.643110210831689455e-01, 5.214855713423224154e-02, 1.342486423470672652e-01, -1.471859680612331300e-01, 5.355939946598309992e-02, 1.662175720527389045e-01, 2.021417803602618968e-01, 3.462101805853023406e-01, -4.195086710973665312e-02, 2.056526942993256446e-01, 1.787615715678588513e-01, 2.854919992636415493e-01, 9.453290997100063930e-02, 1.125695805662810418e-02, 1.695115709006034255e-01, 2.343400909800685272e-01, 2.970694762131317109e-03
1.358947292844992771e-01, 6.879250664943448168e-02, 1.421480484061324046e-01, -1.272057470042462224e-01, -1.846419512059198353e-01, -2.282718771973788752e-01, -3.278215793353663754e-01, -8.003394572870875523e-02, -2.824041377864419666e-01, -3.982995185977388775e-01, -2.235778671794096673e-01, -5.869608553594022338e-01, -6.487512110849218416e-01, -2.948789873036971043e-01, 6.631048558839429674e-01, -2.624518677700768410e-01, -1.722173066606251801e-01, 2.002751641088339196e-01, -1.021235071414890172e-01, -2.931712214790599749e-02, 2.113457285039853362e-01, -1.297958130484540978e-02, 1.757214056575449601e-01
-8.325302366041907598e-02, 1.900979522484820550e-02, 8.562961339468135036e-02, 3.932658353724178407e-02, -2.423298042232327754e-01, -7.479334843115610643e-02, -4.145110062970396719e-02, -1.430864717124690801e-02, -1.100651270880231430e-01, -1.314714662073650508e-01, -1.722638233752364356e-01, 7.961312560550713735e-02, -6.779605075939336700e-01, -2.196432986804422172e-01, 4.280440560599156341e-01, -1.521180916694053475e-01, 3.021625750441800720e-02, 1.780905625708509299e-01, 2.747722129594334928e-02, 1.317241574737652576e-01, 4.287952633600569663e-02, 1.081798703812329558e-02, -7.679169070153578358e-02
-2.018478652473379709e-01, 3.285315390217669745e-02, -8.830185409142643493e-02, -1.956140450565204691e-01, -7.821550506234893618e-02, -1.852063215408697450e-01, -1.737077517193657411e-02, 5.401859369904529751e-02, -6.056051602685817020e-02, -5.155137504904155205e-02, -6.824125945347869759e-02, -2.811240657890487493e-01, -4.617157925103070881e-01, -8.873032488813824281e-02, -1.911018121090035382e-01, 7.448372425601618163e-02, 8.480334755896999643e-02, 2.098127073595008885e-01, -5.183395520873358697e-02, -9.726058340140494862e-03, 2.772086958093491482e-01, 2.718328774563908978e-01, -3.673477336762868278e-02
1.057554873908018167e-01, 1.862503640370238300e-01, -7.781371192267095074e-03, 1.751796609029507568e-01, -5.346702965001125935e-02, 1.670133007480764653e-01, 1.580453868421381469e-01, 2.711257738447824667e-02, 1.924003545585365946e-02, -3.308665541716254016e-03, -5.830403298386833272e-02, 1.069256326052604594e-01, 1.265965531400497709e-02, -1.045464913558967895e-01, 3.337134541876420318e-03, 1.191669457489284434e-01, 5.240639214931784584e-02, 3.920098676460063991e-02, -1.417396479008745380e-01, 2.688766401830049169e-02, -6.077256615960796582e-02, 2.846128347246935919e-02, -6.464787333076650599e-02
-1.159290520063117474e-01, 1.081728433916179372e-01, 4.983711259380262798e-02, 1.013640655122457629e-01, 3.354847220765523608e-02, 3.977983488018920627e-02, -1.789890625823530590e-01, -5.574376765663006938e-02, 4.426805863324331097e-02, -3.047999799985606079e-02, 1.178012878819111459e-01, -2.508219896981420463e-02, -1.552900077524428379e-01, -1.058892351315812719e-01, -5.608527822440904226e-02, -8.975452831892943850e-02, -5.366461913760626340e-02, -1.529640859208882542e-01, 1.894247770275908627e-01, 4.292896797933754157e-04, -7.397458180795875304e-02, -3.500418270909266827e-02, -3.313893534406232161e-02
-6.128386797567911271e-02, -8.778952412579293929e-02, 9.804611882281792645e-02, -5.144550164777346446e-02, 6.738144898836172236e-02, -6.286042320807564039e-03, -1.532743532477513770e-02, 5.313910588532784474e-02, 1.905079814828846974e-01, -1.968975585258170291e-02, 2.315630719601363963e-01, -1.333842721358659833e-01, -6.701654144565563631e-02, -1.210986354009276206e-01, -8.898689446498415923e-02, 9.259575643374234888e-02, -1.542079878328435003e-02, -3.186896972007976364e-02, -1.232474102054803011e-01, 1.396686552858610042e-01, 2.534136700249039684e-02, 2.807524145947009730e-03, 1.527244110888528045e-02
1.105736204614839041e-01, -2.481295202310895287e-01, -1.085824721245655516e-01, -3.860481777239886669e-02, 1.626911291286930183e-01, 4.515788975902386426e-03, -1.318491152165002511e-01, 1.184356865185293983e-01, 3.759709161156762208e-02, -1.545602594262157070e-01, -1.074169495433952883e-02, 4.016225292612395081e-02, -6.694248850331986633e-02, -3.326836569866767346e-02, 2.334776993602050502e-02, 1.396986872341358377e-01, 3.504071785527486382e-02, 3.251476243282628090e-03, 1.061427521140869829e-01, -1.439970790615426911e-02, 9.967741079518067926e-03, 4.597850292157153185e-02, -8.900412641627374055e-02
-2.059953775064389189e-03, -9.462983903639630989e-02, -1.480098409454733699e-01, -1.557676423227098983e-01, 1.050242145040831548e-01, 1.883052339190811886e-01, 1.020051587135071408e-01, 1.361263468058464265e-01, 2.264066559398841827e-02, -8.510286350064588667e-02, 2.329520600169476818e-01, 1.556122595700990541e-01, 7.504468684305556914e-02, -1.483494373364652730e-01, -9.562603599037076268e-03, -2.038529100230603019e-01, -1.350726110600690144e-01, -9.176628867338820772e-02, -1.911394731677820615e-03, -6.746156433885786008e-02, 6.051990123776168629e-02, 2.177973719055224799e-02, -1.022304815485244045e-01
-1.022456519228066435e-01, -1.182841002218790599e-01, 4.068852344037861973e-03, -1.132389949454677552e-01, 3.722629083317118281e-01, 3.186376868271993401e-01, 4.241636586254201036e-01, 4.956868263140891684e-01, 1.978676848185161319e-01, 3.423825380271129371e-01, 2.100326591508066068e-02, 1.433170894137772954e-02, -1.023245697705140456e-01, -3.487124486634863851e-01, -2.615168193622042364e-02, 1.777304811673258711e-01, -3.862455201758321910e-02, -1.853028083410660498e-01, -6.677438654049146216e-02, -1.169115344408921953e-01, 3.204146141723495517e-02, -1.062840964772437669e-01, -5.341842291360039685e-02
5.478277553952645706e-02, 1.957068618561653151e-01, -3.166890156114295085e-02, 2.238555571054938811e-02, -1.337743683352139723e-01, -3.312604758496507512e-02, 6.933844505360887978e-02, 9.504452060373726197e-02, -4.099471424347482518e-02, 1.772157043420205247e-01, -2.110717161637989669e-01, 1.097485412167550495e-01, -6.802092440968068865e-02, -9.354802697657761679e-02, 4.374808618826982881e-02, -2.158860638643396446e-02, -1.390955641603047396e-02, 5.525907692972636953e-02, -2.142945755556255674e-02, -2.220860337334964740e-01, -5.662275185833454821e-02, 5.287807837706087755e-02, 9.001262291400470572e-02
-5.072878143417831193e-02, -7.676120282492474023e-02, 2.891368015515214177e-02, 3.882720603840304069e-02, -4.742640188308044208e-02, -4.905775621349160037e-02, 4.953341518509905839e-02, -4.123387749665814034e-02, 1.011971983456677882e-01, 8.163638468245140722e-02, -1.445854228954620568e-01, -2.048226086157561021e-01, -5.562640004142949124e-02, -5.037587329824021881e-02, -2.379254085877010282e-03, -7.759286978586706074e-02, 1.544386981112239043e-01, -9.175423817903269330e-02, -1.614687606510234463e-02, -2.715941488110329427e-02, -8.800935768592199615e-02, -2.119536765191917110e-02, 6.370866902213087428e-03
-3.060385172449950342e-01, -1.809635254922562497e-01, -5.474338466880517007e-02, -1.218714495242467777e-01, 1.275213114018204641e-01, 1.376888129296393593e-01, 2.469682705437545867e-01, 1.686429719886051865e-02, 1.441767925761802127e-01, -2.070517442043245948e-01, -2.138638973827575729e-01, 7.065640199032026392e-02, 1.433207082669090970e-01, 2.201312507209148839e-01, 7.182388676617770806e-02, -5.360027747724412789e-02, 1.040658119274562310e-02, 1.139315014456620395e-01, 2.126646327727178820e-01, 1.789265712118413287e-01, 7.545615538303278302e-02, 1.504727606413226726e-01, 6.015096225966614502e-02
-1.051956763847682053e-01, -7.181269828211443995e-01, -1.426670823024633050e-01, 1.160984452875459677e-01, -3.118415274208795329e-02, -1.720452627733779771e-01, -2.695944427431622437e-01, -2.370374345364940627e-01, -3.226964970231516183e-01, -3.065609928445797716e-01, -9.101411322065584841e-02, 4.391497091161319366e-01, 6.326330079970404752e-01, 1.392913257628302315e+00, 6.662949784976032741e-02, 1.090187890073910926e-01, 2.850450375204052200e-01, 5.583776201677360246e-02, 8.318506160851860121e-02, -1.164973468294916575e-01, 3.712628415323011161e-02, -2.365653430527963341e-01, -5.610724246452127723e-02
-9.265180734465668089e-02, -2.956845897797908962e-01, -8.391092253226986597e-02, 1.497093660176399173e-02, -8.193248855016917187e-02, 5.533259660914121442e-02, -4.281257346182907458e-02, -1.794078926260823659e-01, -8.659594225947239710e-02, 1.008053007573336129e-02, -3.417963301427953682e-02, -1.543428188898099684e-01, -5.243142983632131243e-02, -5.116531880710566138e-02, -4.967275171784013565e-02, 1.589077000318941113e-01, -6.381059257547545827e-02, -1.826198342973934519e-01, 6.409330599945070595e-02, -3.315047336630483343e-02, 1.400547993900069788e-01, -1.474145167288216374e-01, 3.050915819140502874e-02
1.006795254207904639e-01, -1.826860751924762605e-01, -1.676270257415828913e-01, -1.579281233049517341e-01, -1.815385844756899070e-01, -4.192401787487122500e-02, 1.519818299548498508e-01, -1.771505879021923469e-01, -4.469608356289614046e-03, 1.853166449313880804e-01, -7.302613280902177373e-02, -8.341640232404953781e-02, -1.084377932064998079e-01, -1.953441920750077776e-01, 1.164904182127623200e-01, 3.337397910389649364e-02, -1.096188474056397216e-01, -5.346483253599147722e-02, -1.010029233162686030e-01, -3.866031098093278273e-02, -7.252883747460246722e-02, 8.429037824432576362e-03, -1.780146730110400768e-02
7.840362499334414814e-02, 9.414315533351771959e-02, 8.863080351470596641e-02, 1.033316810733859031e-01, -8.625609435031277028e-02, -1.353458783640233143e-01, 3.959596527321002091e-02, -1.826970846607789412e-01, -2.956778671603408348e-01, -4.406629226038406150e-02, -1.359001596153324443e-01, -1.549025543151949791e-01, 4.220583899258335131e-02, 1.451719263424499362e-01, 7.670374945069564909e-03, -8.891233841138844463e-02, -7.875399845445160696e-02, -1.690023660331837346e-02, 9.195750254784335054e-02, 1.057081118337262482e-01, -6.092722528599426451e-02, 1.273992090568555891e-01, 5.465075761092235904e-03
1.979852219028731264e-01, -7.956896225965547076e-02, 2.826068827937733285e-03, -3.859483271630414353e-02, 2.290623330901824795e-01, -8.773087928886130760e-02, 1.245674935330862987e-01, 9.337808683310835911e-02, 1.336397637236499680e-01, 1.222557288627410393e-01, 9.460145135567596397e-02, 2.955018003152664607e-01, 6.097225535855809175e-01, 1.769377828259027507e-01, 2.324256400738707040e-01, -1.267034276001693105e-01, -1.461065746605501037e-01, -1.553353950413093321e-01, -7.125265343863489143e-02, -1.743838865190792953e-01, -6.180356791176279396e-02, -1.376338838333653058e-01, 2.794513500396518177e-02
4.352102867511334350e-02, 1.001754258493219724e-01, 8.885360808688905210e-02, 7.363541948944417326e-02, 7.958178859597150878e-02, 4.003494742075435625e-03, 1.728476969900387752e-02, -9.441770476626391850e-02, -9.653919409703960730e-02, 3.274631311438448711e-02, -9.975384225906634705e-02, 1.245254092954353187e-01, 1.150772450241670519e-01, 5.382735519235879590e-02, 4.766544259460284150e-02, 1.044393964623563653e-01, 7.552186608433858646e-04, -1.656887339159937300e-01, 1.197300887991296914e-01, -3.332632723344572390e-02, -2.358612581239605613e-02, -1.593472277350042182e-02, 1.239636965447214745e-01
